22:30:44 **** Build of configuration Debug for project master ****
make pre-build main-build 
a9-linaro-pre-build-step
' '
'Building file: ../src/master.c'
'Invoking: ARM v7 gcc compiler'
arm-none-eabi-gcc -Wall -O3 -g3 -c -fmessage-length=0 -MT"src/master.o" -mcpu=cortex-a9 -mfpu=neon -mfloat-abi=hard -std=c99 -mvectorize-with-neon-quad -ftree-vectorize -fopt-info-vec-optimized -fopt-info-vec-missed -ffast-math -I../../master_bsp/ps7_cortexa9_0/include -MMD -MP -MF"src/master.d" -MT"src/master.o" -o "src/master.o" "../src/master.c"
In file included from ../src/master.c:5:
../../master_bsp/ps7_cortexa9_0/include/xtime_l.h:87:9: note: #pragma message: For the sleep routines, Global timer is being used
 #pragma message ("For the sleep routines, Global timer is being used")
         ^~~~~~~
In file included from ../src/master.c:6:
../src/master.c: In function 'main':
../src/shared.h:30:16: warning: passing argument 2 of 'vec_add_serial' discards 'volatile' qualifier from pointer target type [-Wdiscarded-qualifiers]
 #define SHARED ((volatile shared_mem_t *)SHARED_BASE)
../src/master.c:54:30: note: in expansion of macro 'SHARED'
     vec_add_serial(C_serial, SHARED->A, SHARED->B, ARRAY_SIZE);
                              ^~~~~~
../src/master.c:13:42: note: expected 'const u32 * restrict' {aka 'const long unsigned int * restrict'} but argument is of type 'volatile u32 *' {aka 'volatile long unsigned int *'}
                     const u32 * restrict a,
                     ~~~~~~~~~~~~~~~~~~~~~^
In file included from ../src/master.c:6:
../src/shared.h:30:16: warning: passing argument 3 of 'vec_add_serial' discards 'volatile' qualifier from pointer target type [-Wdiscarded-qualifiers]
 #define SHARED ((volatile shared_mem_t *)SHARED_BASE)
../src/master.c:54:41: note: in expansion of macro 'SHARED'
     vec_add_serial(C_serial, SHARED->A, SHARED->B, ARRAY_SIZE);
                                         ^~~~~~
../src/master.c:14:42: note: expected 'const u32 * restrict' {aka 'const long unsigned int * restrict'} but argument is of type 'volatile u32 *' {aka 'volatile long unsigned int *'}
                     const u32 * restrict b,
                     ~~~~~~~~~~~~~~~~~~~~~^
../src/master.c:17:5: note: Unknown misalignment, naturally aligned
../src/master.c:17:5: note: Unknown misalignment, naturally aligned
../src/master.c:17:5: note: Unknown misalignment, naturally aligned
../src/master.c:17:5: note: not ssa-name.
../src/master.c:17:5: note: use not simple.
../src/master.c:17:5: note: not ssa-name.
../src/master.c:17:5: note: use not simple.
../src/master.c:17:5: note: can't use a fully-masked loop because the target doesn't have the appropriate masked load or store.
../src/master.c:17:5: note: not ssa-name.
../src/master.c:17:5: note: use not simple.
../src/master.c:17:5: note: not ssa-name.
../src/master.c:17:5: note: use not simple.
../src/master.c:17:5: note: loop vectorized
../src/master.c:17:5: note: not vectorized: not enough data-refs in basic block.
../src/master.c:17:5: note: not vectorized: not enough data-refs in basic block.
../src/master.c:17:5: note: not vectorized: not enough data-refs in basic block.
../src/master.c:18:14: note: not vectorized: no vectype for stmt: vect__4.15_44 = MEM[(const u32 *)vectp_a.13_42];
 scalar_type: const vector(4) long unsigned int
../src/master.c:18:14: note: not vectorized: no vectype for stmt: vect__6.18_47 = MEM[(const u32 *)vectp_b.16_45];
 scalar_type: const vector(4) long unsigned int
../src/master.c:18:14: note: not vectorized: no vectype for stmt: MEM[(u32 *)vectp_c.20_49] = vect__8.19_48;
 scalar_type: vector(4) long unsigned int
../src/master.c:18:14: note: not vectorized: no grouped stores in basic block.
../src/master.c:18:14: note: not vectorized: not enough data-refs in basic block.
../src/master.c:17:5: note: not consecutive access _4 = *_3;
../src/master.c:17:5: note: not consecutive access _6 = *_5;
../src/master.c:17:5: note: not consecutive access *_7 = _8;
../src/master.c:17:5: note: not vectorized: no grouped stores in basic block.
../src/master.c:17:5: note: not consecutive access _58 = *_57;
../src/master.c:17:5: note: not consecutive access _60 = *_59;
../src/master.c:17:5: note: not consecutive access *_61 = _62;
../src/master.c:17:5: note: not vectorized: no grouped stores in basic block.
../src/master.c:17:28: note: not consecutive access _25 = *_26;
../src/master.c:17:28: note: not consecutive access _23 = *_24;
../src/master.c:17:28: note: not consecutive access *_19 = _18;
../src/master.c:17:28: note: not vectorized: no grouped stores in basic block.
../src/master.c:20:1: note: not vectorized: not enough data-refs in basic block.
../src/master.c:109:5: note: not vectorized: empty loop.
../src/master.c:109:5: note: bad loop form.
../src/master.c:102:5: note: not vectorized: base addr of dr is a constant
../src/master.c:102:5: note: bad data references.
../src/master.c:102:5: note: not vectorized: base addr of dr is a constant
../src/master.c:102:5: note: not vectorized: not enough data-refs in basic block.
../src/master.c:85:11: note: not vectorized: number of iterations cannot be computed.
../src/master.c:85:11: note: bad loop form.
../src/master.c:79:5: note: not vectorized: base addr of dr is a constant
../src/master.c:79:5: note: bad data references.
../src/master.c:63:7: note: not vectorized: base addr of dr is a constant
../src/master.c:63:7: note: bad data references.
../src/master.c:17:5: note: not vectorized: base addr of dr is a constant
../src/master.c:17:5: note: bad data references.
../src/master.c:42:5: note: not vectorized: base addr of dr is a constant
../src/master.c:42:5: note: bad data references.
../src/master.c:34:11: note: not vectorized: number of iterations cannot be computed.
../src/master.c:34:11: note: bad loop form.
../src/master.c:27:5: note: not vectorized: not enough data-refs in basic block.
../src/master.c:28:5: note: not vectorized: not enough data-refs in basic block.
../src/master.c:29:2: note: not vectorized: not enough data-refs in basic block.
../src/master.c:30:5: note: not vectorized: not enough data-refs in basic block.
../src/master.c:31:8: note: not vectorized: not enough data-refs in basic block.
../src/master.c:31:8: note: not vectorized: not enough data-refs in basic block.
../src/master.c:34:11: note: not vectorized: base addr of dr is a constant
../src/master.c:34:11: note: not vectorized: not enough data-refs in basic block.
../src/master.c:39:19: note: not vectorized: base addr of dr is a constant
../src/master.c:39:19: note: not vectorized: not enough data-refs in basic block.
../src/master.c:42:5: note: not vectorized: base addr of dr is a constant
../src/master.c:42:5: note: not vectorized: not enough data-refs in basic block.
../src/master.c:51:5: note: not vectorized: not enough data-refs in basic block.
../src/master.c:53:13: note: not vectorized: base addr of dr is a constant
../src/master.c:53:13: note: not vectorized: not enough data-refs in basic block.
../src/master.c:17:5: note: not consecutive access *_69 = _70;
../src/master.c:17:5: note: not vectorized: no grouped stores in basic block.
../src/master.c:59:5: note: not vectorized: base addr of dr is a constant
../src/master.c:59:5: note: not vectorized: not enough data-refs in basic block.
../src/master.c:59:5: note: not vectorized: not enough data-refs in basic block.
../src/master.c:63:7: note: not vectorized: base addr of dr is a constant
../src/master.c:63:7: note: not vectorized: not enough data-refs in basic block.
../src/master.c:70:5: note: not vectorized: not enough data-refs in basic block.
../src/master.c:76:19: note: not vectorized: base addr of dr is a constant
../src/master.c:76:19: note: not vectorized: not enough data-refs in basic block.
../src/master.c:79:5: note: not vectorized: base addr of dr is a constant
../src/master.c:79:5: note: not vectorized: not enough data-refs in basic block.
../src/master.c:82:19: note: not vectorized: base addr of dr is a constant
../src/master.c:82:19: note: not vectorized: not enough data-refs in basic block.
../src/master.c:85:11: note: not vectorized: base addr of dr is a constant
../src/master.c:85:11: note: not vectorized: not enough data-refs in basic block.
../src/master.c:94:5: note: not vectorized: base addr of dr is a constant
../src/master.c:94:5: note: not vectorized: not enough data-refs in basic block.
../src/master.c:95:5: note: not vectorized: not enough data-refs in basic block.
../src/master.c:96:5: note: not vectorized: not enough data-refs in basic block.
../src/master.c:97:5: note: not vectorized: not enough data-refs in basic block.
../src/master.c:97:5: note: not vectorized: not enough data-refs in basic block.
../src/master.c:103:12: note: not vectorized: base addr of dr is a constant
../src/master.c:103:12: note: not vectorized: not enough data-refs in basic block.
../src/master.c:104:19: note: not vectorized: not enough data-refs in basic block.
../src/master.c:102:5: note: not vectorized: not enough data-refs in basic block.
../src/master.c:107:5: note: not vectorized: not enough data-refs in basic block.
../src/master.c:107:5: note: not vectorized: not enough data-refs in basic block.
'Finished building: ../src/master.c'
' '
'Building file: ../src/platform.c'
'Invoking: ARM v7 gcc compiler'
arm-none-eabi-gcc -Wall -O3 -g3 -c -fmessage-length=0 -MT"src/platform.o" -mcpu=cortex-a9 -mfpu=neon -mfloat-abi=hard -std=c99 -mvectorize-with-neon-quad -ftree-vectorize -fopt-info-vec-optimized -fopt-info-vec-missed -ffast-math -I../../master_bsp/ps7_cortexa9_0/include -MMD -MP -MF"src/platform.d" -MT"src/platform.o" -o "src/platform.o" "../src/platform.c"
../src/platform.c:66:1: note: not vectorized: not enough data-refs in basic block.
../src/platform.c:66:1: note: not vectorized: not enough data-refs in basic block.
../src/platform.c:66:1: note: not vectorized: not enough data-refs in basic block.
../src/platform.c:66:1: note: not vectorized: not enough data-refs in basic block.
../src/platform.c:66:1: note: not vectorized: not enough data-refs in basic block.
'Finished building: ../src/platform.c'
' '
'Building target: master.elf'
'Invoking: ARM v7 gcc linker'
arm-none-eabi-gcc -mcpu=cortex-a9 -mfpu=neon -mfloat-abi=hard -std=c99 -mvectorize-with-neon-quad -ftree-vectorize -Wl,-build-id=none -specs=Xilinx.spec -Wl,-T -Wl,../src/lscript.ld -L../../master_bsp/ps7_cortexa9_0/lib -o "master.elf"  ./src/master.o ./src/platform.o   -Wl,--start-group,-lxil,-lgcc,-lc,--end-group
'Finished building target: master.elf'
' '
'Invoking: ARM v7 Print Size'
arm-none-eabi-size master.elf  |tee "master.elf.size"
   text	   data	    bss	    dec	    hex	filename
  33696	   1544	  23672	  58912	   e620	master.elf
'Finished building: master.elf.size'
' '
11:55:46 **** Build of project worker_bsp ****
make -k all 
"Running Make include in ps7_cortexa9_1/libsrc/axi_i2s_adi_v1_0/src"
make -C ps7_cortexa9_1/libsrc/axi_i2s_adi_v1_0/src -s include  "SHELL=CMD" "COMPILER=arm-none-eabi-gcc" "ARCHIVER=arm-none-eabi-ar" "COMPILER_FLAGS=  -O2 -c" "EXTRA_COMPILER_FLAGS=-mcpu=cortex-a9 -mfpu=vfpv3 -mfloat-abi=hard -nostartfiles -g -Wall -Wextra"
"Running Make include in ps7_cortexa9_1/libsrc/coresightps_dcc_v1_5/src"
make -C ps7_cortexa9_1/libsrc/coresightps_dcc_v1_5/src -s include  "SHELL=CMD" "COMPILER=arm-none-eabi-gcc" "ARCHIVER=arm-none-eabi-ar" "COMPILER_FLAGS=  -O2 -c" "EXTRA_COMPILER_FLAGS=-mcpu=cortex-a9 -mfpu=vfpv3 -mfloat-abi=hard -nostartfiles -g -Wall -Wextra"
"Running Make include in ps7_cortexa9_1/libsrc/cpu_cortexa9_v2_7/src"
make -C ps7_cortexa9_1/libsrc/cpu_cortexa9_v2_7/src -s include  "SHELL=CMD" "COMPILER=arm-none-eabi-gcc" "ARCHIVER=arm-none-eabi-ar" "COMPILER_FLAGS=  -O2 -c" "EXTRA_COMPILER_FLAGS=-mcpu=cortex-a9 -mfpu=vfpv3 -mfloat-abi=hard -nostartfiles -g -Wall -Wextra"
"Running Make include in ps7_cortexa9_1/libsrc/ddrps_v1_0/src"
make -C ps7_cortexa9_1/libsrc/ddrps_v1_0/src -s include  "SHELL=CMD" "COMPILER=arm-none-eabi-gcc" "ARCHIVER=arm-none-eabi-ar" "COMPILER_FLAGS=  -O2 -c" "EXTRA_COMPILER_FLAGS=-mcpu=cortex-a9 -mfpu=vfpv3 -mfloat-abi=hard -nostartfiles -g -Wall -Wextra"
"Running Make include in ps7_cortexa9_1/libsrc/devcfg_v3_5/src"
make -C ps7_cortexa9_1/libsrc/devcfg_v3_5/src -s include  "SHELL=CMD" "COMPILER=arm-none-eabi-gcc" "ARCHIVER=arm-none-eabi-ar" "COMPILER_FLAGS=  -O2 -c" "EXTRA_COMPILER_FLAGS=-mcpu=cortex-a9 -mfpu=vfpv3 -mfloat-abi=hard -nostartfiles -g -Wall -Wextra"
"Running Make include in ps7_cortexa9_1/libsrc/dmaps_v2_4/src"
make -C ps7_cortexa9_1/libsrc/dmaps_v2_4/src -s include  "SHELL=CMD" "COMPILER=arm-none-eabi-gcc" "ARCHIVER=arm-none-eabi-ar" "COMPILER_FLAGS=  -O2 -c" "EXTRA_COMPILER_FLAGS=-mcpu=cortex-a9 -mfpu=vfpv3 -mfloat-abi=hard -nostartfiles -g -Wall -Wextra"
"Running Make include in ps7_cortexa9_1/libsrc/emacps_v3_9/src"
make -C ps7_cortexa9_1/libsrc/emacps_v3_9/src -s include  "SHELL=CMD" "COMPILER=arm-none-eabi-gcc" "ARCHIVER=arm-none-eabi-ar" "COMPILER_FLAGS=  -O2 -c" "EXTRA_COMPILER_FLAGS=-mcpu=cortex-a9 -mfpu=vfpv3 -mfloat-abi=hard -nostartfiles -g -Wall -Wextra"
"Running Make include in ps7_cortexa9_1/libsrc/gpiops_v3_5/src"
make -C ps7_cortexa9_1/libsrc/gpiops_v3_5/src -s include  "SHELL=CMD" "COMPILER=arm-none-eabi-gcc" "ARCHIVER=arm-none-eabi-ar" "COMPILER_FLAGS=  -O2 -c" "EXTRA_COMPILER_FLAGS=-mcpu=cortex-a9 -mfpu=vfpv3 -mfloat-abi=hard -nostartfiles -g -Wall -Wextra"
"Running Make include in ps7_cortexa9_1/libsrc/gpio_v4_4/src"
make -C ps7_cortexa9_1/libsrc/gpio_v4_4/src -s include  "SHELL=CMD" "COMPILER=arm-none-eabi-gcc" "ARCHIVER=arm-none-eabi-ar" "COMPILER_FLAGS=  -O2 -c" "EXTRA_COMPILER_FLAGS=-mcpu=cortex-a9 -mfpu=vfpv3 -mfloat-abi=hard -nostartfiles -g -Wall -Wextra"
"Running Make include in ps7_cortexa9_1/libsrc/iicps_v3_9/src"
make -C ps7_cortexa9_1/libsrc/iicps_v3_9/src -s include  "SHELL=CMD" "COMPILER=arm-none-eabi-gcc" "ARCHIVER=arm-none-eabi-ar" "COMPILER_FLAGS=  -O2 -c" "EXTRA_COMPILER_FLAGS=-mcpu=cortex-a9 -mfpu=vfpv3 -mfloat-abi=hard -nostartfiles -g -Wall -Wextra"
"Running Make include in ps7_cortexa9_1/libsrc/llfifo_v5_3/src"
make -C ps7_cortexa9_1/libsrc/llfifo_v5_3/src -s include  "SHELL=CMD" "COMPILER=arm-none-eabi-gcc" "ARCHIVER=arm-none-eabi-ar" "COMPILER_FLAGS=  -O2 -c" "EXTRA_COMPILER_FLAGS=-mcpu=cortex-a9 -mfpu=vfpv3 -mfloat-abi=hard -nostartfiles -g -Wall -Wextra"
"Running Make include in ps7_cortexa9_1/libsrc/qspips_v3_6/src"
make -C ps7_cortexa9_1/libsrc/qspips_v3_6/src -s include  "SHELL=CMD" "COMPILER=arm-none-eabi-gcc" "ARCHIVER=arm-none-eabi-ar" "COMPILER_FLAGS=  -O2 -c" "EXTRA_COMPILER_FLAGS=-mcpu=cortex-a9 -mfpu=vfpv3 -mfloat-abi=hard -nostartfiles -g -Wall -Wextra"
"Running Make include in ps7_cortexa9_1/libsrc/scugic_v4_0/src"
make -C ps7_cortexa9_1/libsrc/scugic_v4_0/src -s include  "SHELL=CMD" "COMPILER=arm-none-eabi-gcc" "ARCHIVER=arm-none-eabi-ar" "COMPILER_FLAGS=  -O2 -c" "EXTRA_COMPILER_FLAGS=-mcpu=cortex-a9 -mfpu=vfpv3 -mfloat-abi=hard -nostartfiles -g -Wall -Wextra"
"Running Make include in ps7_cortexa9_1/libsrc/scutimer_v2_1/src"
make -C ps7_cortexa9_1/libsrc/scutimer_v2_1/src -s include  "SHELL=CMD" "COMPILER=arm-none-eabi-gcc" "ARCHIVER=arm-none-eabi-ar" "COMPILER_FLAGS=  -O2 -c" "EXTRA_COMPILER_FLAGS=-mcpu=cortex-a9 -mfpu=vfpv3 -mfloat-abi=hard -nostartfiles -g -Wall -Wextra"
"Running Make include in ps7_cortexa9_1/libsrc/scuwdt_v2_1/src"
make -C ps7_cortexa9_1/libsrc/scuwdt_v2_1/src -s include  "SHELL=CMD" "COMPILER=arm-none-eabi-gcc" "ARCHIVER=arm-none-eabi-ar" "COMPILER_FLAGS=  -O2 -c" "EXTRA_COMPILER_FLAGS=-mcpu=cortex-a9 -mfpu=vfpv3 -mfloat-abi=hard -nostartfiles -g -Wall -Wextra"
"Running Make include in ps7_cortexa9_1/libsrc/sdps_v3_7/src"
make -C ps7_cortexa9_1/libsrc/sdps_v3_7/src -s include  "SHELL=CMD" "COMPILER=arm-none-eabi-gcc" "ARCHIVER=arm-none-eabi-ar" "COMPILER_FLAGS=  -O2 -c" "EXTRA_COMPILER_FLAGS=-mcpu=cortex-a9 -mfpu=vfpv3 -mfloat-abi=hard -nostartfiles -g -Wall -Wextra"
"Running Make include in ps7_cortexa9_1/libsrc/standalone_v7_0/src"
make -C ps7_cortexa9_1/libsrc/standalone_v7_0/src -s include  "SHELL=CMD" "COMPILER=arm-none-eabi-gcc" "ARCHIVER=arm-none-eabi-ar" "COMPILER_FLAGS=  -O2 -c" "EXTRA_COMPILER_FLAGS=-mcpu=cortex-a9 -mfpu=vfpv3 -mfloat-abi=hard -nostartfiles -g -Wall -Wextra"
"Running Make include in ps7_cortexa9_1/libsrc/uartps_v3_7/src"
make -C ps7_cortexa9_1/libsrc/uartps_v3_7/src -s include  "SHELL=CMD" "COMPILER=arm-none-eabi-gcc" "ARCHIVER=arm-none-eabi-ar" "COMPILER_FLAGS=  -O2 -c" "EXTRA_COMPILER_FLAGS=-mcpu=cortex-a9 -mfpu=vfpv3 -mfloat-abi=hard -nostartfiles -g -Wall -Wextra"
"Running Make include in ps7_cortexa9_1/libsrc/usbps_v2_4/src"
make -C ps7_cortexa9_1/libsrc/usbps_v2_4/src -s include  "SHELL=CMD" "COMPILER=arm-none-eabi-gcc" "ARCHIVER=arm-none-eabi-ar" "COMPILER_FLAGS=  -O2 -c" "EXTRA_COMPILER_FLAGS=-mcpu=cortex-a9 -mfpu=vfpv3 -mfloat-abi=hard -nostartfiles -g -Wall -Wextra"
"Running Make include in ps7_cortexa9_1/libsrc/xadcps_v2_3/src"
make -C ps7_cortexa9_1/libsrc/xadcps_v2_3/src -s include  "SHELL=CMD" "COMPILER=arm-none-eabi-gcc" "ARCHIVER=arm-none-eabi-ar" "COMPILER_FLAGS=  -O2 -c" "EXTRA_COMPILER_FLAGS=-mcpu=cortex-a9 -mfpu=vfpv3 -mfloat-abi=hard -nostartfiles -g -Wall -Wextra"
"Running Make libs in ps7_cortexa9_1/libsrc/axi_i2s_adi_v1_0/src"
make -C ps7_cortexa9_1/libsrc/axi_i2s_adi_v1_0/src -s libs  "SHELL=CMD" "COMPILER=arm-none-eabi-gcc" "ARCHIVER=arm-none-eabi-ar" "COMPILER_FLAGS=  -O2 -c" "EXTRA_COMPILER_FLAGS=-mcpu=cortex-a9 -mfpu=vfpv3 -mfloat-abi=hard -nostartfiles -g -Wall -Wextra"
"Compiling axi_i2s_adi..."
axi_i2s_adi_selftest.c: In function 'AXI_I2S_ADI_Reg_SelfTest':
axi_i2s_adi_selftest.c:52:60: warning: comparison of integer expressions of different signedness: 'u32' {aka 'long unsigned int'} and 'int' [-Wsign-compare]
    if ( AXI_I2S_ADI_mReadReg (baseaddr, read_loop_index*4) != (read_loop_index+1)*READ_WRITE_MUL_FACTOR){
                                                            ^~
axi_i2s_adi_selftest.c:36:6: warning: unused variable 'Index' [-Wunused-variable]
  int Index;
      ^~~~~
"Running Make libs in ps7_cortexa9_1/libsrc/coresightps_dcc_v1_5/src"
make -C ps7_cortexa9_1/libsrc/coresightps_dcc_v1_5/src -s libs  "SHELL=CMD" "COMPILER=arm-none-eabi-gcc" "ARCHIVER=arm-none-eabi-ar" "COMPILER_FLAGS=  -O2 -c" "EXTRA_COMPILER_FLAGS=-mcpu=cortex-a9 -mfpu=vfpv3 -mfloat-abi=hard -nostartfiles -g -Wall -Wextra"
"Compiling coresightps_dcc"
"Running Make libs in ps7_cortexa9_1/libsrc/cpu_cortexa9_v2_7/src"
make -C ps7_cortexa9_1/libsrc/cpu_cortexa9_v2_7/src -s libs  "SHELL=CMD" "COMPILER=arm-none-eabi-gcc" "ARCHIVER=arm-none-eabi-ar" "COMPILER_FLAGS=  -O2 -c" "EXTRA_COMPILER_FLAGS=-mcpu=cortex-a9 -mfpu=vfpv3 -mfloat-abi=hard -nostartfiles -g -Wall -Wextra"
"Compiling cpu_cortexa9"
"Running Make libs in ps7_cortexa9_1/libsrc/ddrps_v1_0/src"
make -C ps7_cortexa9_1/libsrc/ddrps_v1_0/src -s libs  "SHELL=CMD" "COMPILER=arm-none-eabi-gcc" "ARCHIVER=arm-none-eabi-ar" "COMPILER_FLAGS=  -O2 -c" "EXTRA_COMPILER_FLAGS=-mcpu=cortex-a9 -mfpu=vfpv3 -mfloat-abi=hard -nostartfiles -g -Wall -Wextra"
"Compiling ddrps"
"Running Make libs in ps7_cortexa9_1/libsrc/devcfg_v3_5/src"
make -C ps7_cortexa9_1/libsrc/devcfg_v3_5/src -s libs  "SHELL=CMD" "COMPILER=arm-none-eabi-gcc" "ARCHIVER=arm-none-eabi-ar" "COMPILER_FLAGS=  -O2 -c" "EXTRA_COMPILER_FLAGS=-mcpu=cortex-a9 -mfpu=vfpv3 -mfloat-abi=hard -nostartfiles -g -Wall -Wextra"
"Compiling devcfg"
"Running Make libs in ps7_cortexa9_1/libsrc/dmaps_v2_4/src"
make -C ps7_cortexa9_1/libsrc/dmaps_v2_4/src -s libs  "SHELL=CMD" "COMPILER=arm-none-eabi-gcc" "ARCHIVER=arm-none-eabi-ar" "COMPILER_FLAGS=  -O2 -c" "EXTRA_COMPILER_FLAGS=-mcpu=cortex-a9 -mfpu=vfpv3 -mfloat-abi=hard -nostartfiles -g -Wall -Wextra"
"Compiling dmaps"
"Running Make libs in ps7_cortexa9_1/libsrc/emacps_v3_9/src"
make -C ps7_cortexa9_1/libsrc/emacps_v3_9/src -s libs  "SHELL=CMD" "COMPILER=arm-none-eabi-gcc" "ARCHIVER=arm-none-eabi-ar" "COMPILER_FLAGS=  -O2 -c" "EXTRA_COMPILER_FLAGS=-mcpu=cortex-a9 -mfpu=vfpv3 -mfloat-abi=hard -nostartfiles -g -Wall -Wextra"
"Compiling emacps"
"Running Make libs in ps7_cortexa9_1/libsrc/gpiops_v3_5/src"
make -C ps7_cortexa9_1/libsrc/gpiops_v3_5/src -s libs  "SHELL=CMD" "COMPILER=arm-none-eabi-gcc" "ARCHIVER=arm-none-eabi-ar" "COMPILER_FLAGS=  -O2 -c" "EXTRA_COMPILER_FLAGS=-mcpu=cortex-a9 -mfpu=vfpv3 -mfloat-abi=hard -nostartfiles -g -Wall -Wextra"
"Compiling gpiops"
"Running Make libs in ps7_cortexa9_1/libsrc/gpio_v4_4/src"
make -C ps7_cortexa9_1/libsrc/gpio_v4_4/src -s libs  "SHELL=CMD" "COMPILER=arm-none-eabi-gcc" "ARCHIVER=arm-none-eabi-ar" "COMPILER_FLAGS=  -O2 -c" "EXTRA_COMPILER_FLAGS=-mcpu=cortex-a9 -mfpu=vfpv3 -mfloat-abi=hard -nostartfiles -g -Wall -Wextra"
"Compiling gpio"
"Running Make libs in ps7_cortexa9_1/libsrc/iicps_v3_9/src"
make -C ps7_cortexa9_1/libsrc/iicps_v3_9/src -s libs  "SHELL=CMD" "COMPILER=arm-none-eabi-gcc" "ARCHIVER=arm-none-eabi-ar" "COMPILER_FLAGS=  -O2 -c" "EXTRA_COMPILER_FLAGS=-mcpu=cortex-a9 -mfpu=vfpv3 -mfloat-abi=hard -nostartfiles -g -Wall -Wextra"
"Compiling iicps"
"Running Make libs in ps7_cortexa9_1/libsrc/llfifo_v5_3/src"
make -C ps7_cortexa9_1/libsrc/llfifo_v5_3/src -s libs  "SHELL=CMD" "COMPILER=arm-none-eabi-gcc" "ARCHIVER=arm-none-eabi-ar" "COMPILER_FLAGS=  -O2 -c" "EXTRA_COMPILER_FLAGS=-mcpu=cortex-a9 -mfpu=vfpv3 -mfloat-abi=hard -nostartfiles -g -Wall -Wextra"
"Compiling llfifo"
"Running Make libs in ps7_cortexa9_1/libsrc/qspips_v3_6/src"
make -C ps7_cortexa9_1/libsrc/qspips_v3_6/src -s libs  "SHELL=CMD" "COMPILER=arm-none-eabi-gcc" "ARCHIVER=arm-none-eabi-ar" "COMPILER_FLAGS=  -O2 -c" "EXTRA_COMPILER_FLAGS=-mcpu=cortex-a9 -mfpu=vfpv3 -mfloat-abi=hard -nostartfiles -g -Wall -Wextra"
"Compiling qspips"
"Running Make libs in ps7_cortexa9_1/libsrc/scugic_v4_0/src"
make -C ps7_cortexa9_1/libsrc/scugic_v4_0/src -s libs  "SHELL=CMD" "COMPILER=arm-none-eabi-gcc" "ARCHIVER=arm-none-eabi-ar" "COMPILER_FLAGS=  -O2 -c" "EXTRA_COMPILER_FLAGS=-mcpu=cortex-a9 -mfpu=vfpv3 -mfloat-abi=hard -nostartfiles -g -Wall -Wextra"
"Compiling scugic"
"Running Make libs in ps7_cortexa9_1/libsrc/scutimer_v2_1/src"
make -C ps7_cortexa9_1/libsrc/scutimer_v2_1/src -s libs  "SHELL=CMD" "COMPILER=arm-none-eabi-gcc" "ARCHIVER=arm-none-eabi-ar" "COMPILER_FLAGS=  -O2 -c" "EXTRA_COMPILER_FLAGS=-mcpu=cortex-a9 -mfpu=vfpv3 -mfloat-abi=hard -nostartfiles -g -Wall -Wextra"
"Compiling scutimer"
"Running Make libs in ps7_cortexa9_1/libsrc/scuwdt_v2_1/src"
make -C ps7_cortexa9_1/libsrc/scuwdt_v2_1/src -s libs  "SHELL=CMD" "COMPILER=arm-none-eabi-gcc" "ARCHIVER=arm-none-eabi-ar" "COMPILER_FLAGS=  -O2 -c" "EXTRA_COMPILER_FLAGS=-mcpu=cortex-a9 -mfpu=vfpv3 -mfloat-abi=hard -nostartfiles -g -Wall -Wextra"
"Compiling scuwdt"
"Running Make libs in ps7_cortexa9_1/libsrc/sdps_v3_7/src"
make -C ps7_cortexa9_1/libsrc/sdps_v3_7/src -s libs  "SHELL=CMD" "COMPILER=arm-none-eabi-gcc" "ARCHIVER=arm-none-eabi-ar" "COMPILER_FLAGS=  -O2 -c" "EXTRA_COMPILER_FLAGS=-mcpu=cortex-a9 -mfpu=vfpv3 -mfloat-abi=hard -nostartfiles -g -Wall -Wextra"
"Compiling sdps"
"Running Make libs in ps7_cortexa9_1/libsrc/standalone_v7_0/src"
make -C ps7_cortexa9_1/libsrc/standalone_v7_0/src -s libs  "SHELL=CMD" "COMPILER=arm-none-eabi-gcc" "ARCHIVER=arm-none-eabi-ar" "COMPILER_FLAGS=  -O2 -c" "EXTRA_COMPILER_FLAGS=-mcpu=cortex-a9 -mfpu=vfpv3 -mfloat-abi=hard -nostartfiles -g -Wall -Wextra"
"Compiling standalone"
In file included from usleep.c:56:
xtime_l.h:87:9: note: #pragma message: For the sleep routines, Global timer is being used
 #pragma message ("For the sleep routines, Global timer is being used")
         ^~~~~~~
In file included from sleep.c:53:
xtime_l.h:87:9: note: #pragma message: For the sleep routines, Global timer is being used
 #pragma message ("For the sleep routines, Global timer is being used")
         ^~~~~~~
In file included from xil_sleeptimer.c:51:
xtime_l.h:87:9: note: #pragma message: For the sleep routines, Global timer is being used
 #pragma message ("For the sleep routines, Global timer is being used")
         ^~~~~~~
In file included from xtime_l.c:49:
xtime_l.h:87:9: note: #pragma message: For the sleep routines, Global timer is being used
 #pragma message ("For the sleep routines, Global timer is being used")
         ^~~~~~~
"Running Make libs in ps7_cortexa9_1/libsrc/uartps_v3_7/src"
make -C ps7_cortexa9_1/libsrc/uartps_v3_7/src -s libs  "SHELL=CMD" "COMPILER=arm-none-eabi-gcc" "ARCHIVER=arm-none-eabi-ar" "COMPILER_FLAGS=  -O2 -c" "EXTRA_COMPILER_FLAGS=-mcpu=cortex-a9 -mfpu=vfpv3 -mfloat-abi=hard -nostartfiles -g -Wall -Wextra"
"Compiling uartps"
"Running Make libs in ps7_cortexa9_1/libsrc/usbps_v2_4/src"
make -C ps7_cortexa9_1/libsrc/usbps_v2_4/src -s libs  "SHELL=CMD" "COMPILER=arm-none-eabi-gcc" "ARCHIVER=arm-none-eabi-ar" "COMPILER_FLAGS=  -O2 -c" "EXTRA_COMPILER_FLAGS=-mcpu=cortex-a9 -mfpu=vfpv3 -mfloat-abi=hard -nostartfiles -g -Wall -Wextra"
"Compiling usbps"
"Running Make libs in ps7_cortexa9_1/libsrc/xadcps_v2_3/src"
make -C ps7_cortexa9_1/libsrc/xadcps_v2_3/src -s libs  "SHELL=CMD" "COMPILER=arm-none-eabi-gcc" "ARCHIVER=arm-none-eabi-ar" "COMPILER_FLAGS=  -O2 -c" "EXTRA_COMPILER_FLAGS=-mcpu=cortex-a9 -mfpu=vfpv3 -mfloat-abi=hard -nostartfiles -g -Wall -Wextra"
"Compiling xadcps"
'Finished building libraries'
11:56:15 **** Build of configuration Debug for project worker ****
make pre-build main-build 
a9-linaro-pre-build-step
' '
'Building file: ../src/platform.c'
'Invoking: ARM v7 gcc compiler'
arm-none-eabi-gcc -Wall -O3 -g3 -c -fmessage-length=0 -MT"src/platform.o" -mcpu=cortex-a9 -mfpu=neon -mfloat-abi=hard -std=c99 -mvectorize-with-neon-quad -ftree-vectorize -fopt-info-vec-optimized -fopt-info-vec-missed -ffast-math -I../../worker_bsp/ps7_cortexa9_1/include -MMD -MP -MF"src/platform.d" -MT"src/platform.o" -o "src/platform.o" "../src/platform.c"
../src/platform.c:66:1: note: not vectorized: not enough data-refs in basic block.
../src/platform.c:66:1: note: not vectorized: not enough data-refs in basic block.
../src/platform.c:66:1: note: not vectorized: not enough data-refs in basic block.
../src/platform.c:66:1: note: not vectorized: not enough data-refs in basic block.
../src/platform.c:66:1: note: not vectorized: not enough data-refs in basic block.
'Finished building: ../src/platform.c'
' '
'Building file: ../src/worker.c'
'Invoking: ARM v7 gcc compiler'
arm-none-eabi-gcc -Wall -O3 -g3 -c -fmessage-length=0 -MT"src/worker.o" -mcpu=cortex-a9 -mfpu=neon -mfloat-abi=hard -std=c99 -mvectorize-with-neon-quad -ftree-vectorize -fopt-info-vec-optimized -fopt-info-vec-missed -ffast-math -I../../worker_bsp/ps7_cortexa9_1/include -MMD -MP -MF"src/worker.d" -MT"src/worker.o" -o "src/worker.o" "../src/worker.c"
../src/worker.c:41:5: note: not vectorized: empty loop.
../src/worker.c:41:5: note: bad loop form.
../src/worker.c:32:5: note: not vectorized: base addr of dr is a constant
../src/worker.c:32:5: note: bad data references.
../src/worker.c:25:11: note: not vectorized: number of iterations cannot be computed.
../src/worker.c:25:11: note: bad loop form.
../src/worker.c:21:11: note: not vectorized: number of iterations cannot be computed.
../src/worker.c:21:11: note: bad loop form.
../src/worker.c:16:5: note: not vectorized: not enough data-refs in basic block.
../src/worker.c:17:5: note: not vectorized: not enough data-refs in basic block.
../src/worker.c:19:5: note: not vectorized: not enough data-refs in basic block.
../src/worker.c:19:5: note: not vectorized: not enough data-refs in basic block.
../src/worker.c:21:11: note: not vectorized: base addr of dr is a constant
../src/worker.c:21:11: note: not vectorized: not enough data-refs in basic block.
../src/worker.c:25:11: note: not vectorized: base addr of dr is a constant
../src/worker.c:25:11: note: not vectorized: not enough data-refs in basic block.
../src/worker.c:32:5: note: not vectorized: base addr of dr is a constant
../src/worker.c:32:5: note: not vectorized: not enough data-refs in basic block.
../src/worker.c:37:19: note: not vectorized: base addr of dr is a constant
../src/worker.c:37:19: note: not vectorized: not enough data-refs in basic block.
../src/worker.c:37:19: note: not vectorized: not enough data-refs in basic block.
'Finished building: ../src/worker.c'
' '
'Building target: worker.elf'
'Invoking: ARM v7 gcc linker'
arm-none-eabi-gcc -mcpu=cortex-a9 -mfpu=neon -mfloat-abi=hard -std=c99 -mvectorize-with-neon-quad -ftree-vectorize -Wl,-build-id=none -specs=Xilinx.spec -Wl,-T -Wl,../src/lscript.ld -L../../worker_bsp/ps7_cortexa9_1/lib -o "worker.elf"  ./src/platform.o ./src/worker.o   -Wl,--start-group,-lxil,-lgcc,-lc,--end-group
'Finished building target: worker.elf'
' '
'Invoking: ARM v7 Print Size'
arm-none-eabi-size worker.elf  |tee "worker.elf.size"
   text	   data	    bss	    dec	    hex	filename
  32468	   1544	  23256	  57268	   dfb4	worker.elf
'Finished building: worker.elf.size'
' '
11:56:17 **** Build of project master_bsp ****
make -k all 
"Running Make include in ps7_cortexa9_0/libsrc/axi_i2s_adi_v1_0/src"
make -C ps7_cortexa9_0/libsrc/axi_i2s_adi_v1_0/src -s include  "SHELL=CMD" "COMPILER=arm-none-eabi-gcc" "ARCHIVER=arm-none-eabi-ar" "COMPILER_FLAGS=  -O2 -c" "EXTRA_COMPILER_FLAGS=-mcpu=cortex-a9 -mfpu=vfpv3 -mfloat-abi=hard -nostartfiles -g -Wall -Wextra"
"Running Make include in ps7_cortexa9_0/libsrc/coresightps_dcc_v1_5/src"
make -C ps7_cortexa9_0/libsrc/coresightps_dcc_v1_5/src -s include  "SHELL=CMD" "COMPILER=arm-none-eabi-gcc" "ARCHIVER=arm-none-eabi-ar" "COMPILER_FLAGS=  -O2 -c" "EXTRA_COMPILER_FLAGS=-mcpu=cortex-a9 -mfpu=vfpv3 -mfloat-abi=hard -nostartfiles -g -Wall -Wextra"
"Running Make include in ps7_cortexa9_0/libsrc/cpu_cortexa9_v2_7/src"
make -C ps7_cortexa9_0/libsrc/cpu_cortexa9_v2_7/src -s include  "SHELL=CMD" "COMPILER=arm-none-eabi-gcc" "ARCHIVER=arm-none-eabi-ar" "COMPILER_FLAGS=  -O2 -c" "EXTRA_COMPILER_FLAGS=-mcpu=cortex-a9 -mfpu=vfpv3 -mfloat-abi=hard -nostartfiles -g -Wall -Wextra"
"Running Make include in ps7_cortexa9_0/libsrc/ddrps_v1_0/src"
make -C ps7_cortexa9_0/libsrc/ddrps_v1_0/src -s include  "SHELL=CMD" "COMPILER=arm-none-eabi-gcc" "ARCHIVER=arm-none-eabi-ar" "COMPILER_FLAGS=  -O2 -c" "EXTRA_COMPILER_FLAGS=-mcpu=cortex-a9 -mfpu=vfpv3 -mfloat-abi=hard -nostartfiles -g -Wall -Wextra"
"Running Make include in ps7_cortexa9_0/libsrc/devcfg_v3_5/src"
make -C ps7_cortexa9_0/libsrc/devcfg_v3_5/src -s include  "SHELL=CMD" "COMPILER=arm-none-eabi-gcc" "ARCHIVER=arm-none-eabi-ar" "COMPILER_FLAGS=  -O2 -c" "EXTRA_COMPILER_FLAGS=-mcpu=cortex-a9 -mfpu=vfpv3 -mfloat-abi=hard -nostartfiles -g -Wall -Wextra"
"Running Make include in ps7_cortexa9_0/libsrc/dmaps_v2_4/src"
make -C ps7_cortexa9_0/libsrc/dmaps_v2_4/src -s include  "SHELL=CMD" "COMPILER=arm-none-eabi-gcc" "ARCHIVER=arm-none-eabi-ar" "COMPILER_FLAGS=  -O2 -c" "EXTRA_COMPILER_FLAGS=-mcpu=cortex-a9 -mfpu=vfpv3 -mfloat-abi=hard -nostartfiles -g -Wall -Wextra"
"Running Make include in ps7_cortexa9_0/libsrc/emacps_v3_9/src"
make -C ps7_cortexa9_0/libsrc/emacps_v3_9/src -s include  "SHELL=CMD" "COMPILER=arm-none-eabi-gcc" "ARCHIVER=arm-none-eabi-ar" "COMPILER_FLAGS=  -O2 -c" "EXTRA_COMPILER_FLAGS=-mcpu=cortex-a9 -mfpu=vfpv3 -mfloat-abi=hard -nostartfiles -g -Wall -Wextra"
"Running Make include in ps7_cortexa9_0/libsrc/gpiops_v3_5/src"
make -C ps7_cortexa9_0/libsrc/gpiops_v3_5/src -s include  "SHELL=CMD" "COMPILER=arm-none-eabi-gcc" "ARCHIVER=arm-none-eabi-ar" "COMPILER_FLAGS=  -O2 -c" "EXTRA_COMPILER_FLAGS=-mcpu=cortex-a9 -mfpu=vfpv3 -mfloat-abi=hard -nostartfiles -g -Wall -Wextra"
"Running Make include in ps7_cortexa9_0/libsrc/gpio_v4_4/src"
make -C ps7_cortexa9_0/libsrc/gpio_v4_4/src -s include  "SHELL=CMD" "COMPILER=arm-none-eabi-gcc" "ARCHIVER=arm-none-eabi-ar" "COMPILER_FLAGS=  -O2 -c" "EXTRA_COMPILER_FLAGS=-mcpu=cortex-a9 -mfpu=vfpv3 -mfloat-abi=hard -nostartfiles -g -Wall -Wextra"
"Running Make include in ps7_cortexa9_0/libsrc/iicps_v3_9/src"
make -C ps7_cortexa9_0/libsrc/iicps_v3_9/src -s include  "SHELL=CMD" "COMPILER=arm-none-eabi-gcc" "ARCHIVER=arm-none-eabi-ar" "COMPILER_FLAGS=  -O2 -c" "EXTRA_COMPILER_FLAGS=-mcpu=cortex-a9 -mfpu=vfpv3 -mfloat-abi=hard -nostartfiles -g -Wall -Wextra"
"Running Make include in ps7_cortexa9_0/libsrc/llfifo_v5_3/src"
make -C ps7_cortexa9_0/libsrc/llfifo_v5_3/src -s include  "SHELL=CMD" "COMPILER=arm-none-eabi-gcc" "ARCHIVER=arm-none-eabi-ar" "COMPILER_FLAGS=  -O2 -c" "EXTRA_COMPILER_FLAGS=-mcpu=cortex-a9 -mfpu=vfpv3 -mfloat-abi=hard -nostartfiles -g -Wall -Wextra"
"Running Make include in ps7_cortexa9_0/libsrc/qspips_v3_6/src"
make -C ps7_cortexa9_0/libsrc/qspips_v3_6/src -s include  "SHELL=CMD" "COMPILER=arm-none-eabi-gcc" "ARCHIVER=arm-none-eabi-ar" "COMPILER_FLAGS=  -O2 -c" "EXTRA_COMPILER_FLAGS=-mcpu=cortex-a9 -mfpu=vfpv3 -mfloat-abi=hard -nostartfiles -g -Wall -Wextra"
"Running Make include in ps7_cortexa9_0/libsrc/scugic_v4_0/src"
make -C ps7_cortexa9_0/libsrc/scugic_v4_0/src -s include  "SHELL=CMD" "COMPILER=arm-none-eabi-gcc" "ARCHIVER=arm-none-eabi-ar" "COMPILER_FLAGS=  -O2 -c" "EXTRA_COMPILER_FLAGS=-mcpu=cortex-a9 -mfpu=vfpv3 -mfloat-abi=hard -nostartfiles -g -Wall -Wextra"
"Running Make include in ps7_cortexa9_0/libsrc/scutimer_v2_1/src"
make -C ps7_cortexa9_0/libsrc/scutimer_v2_1/src -s include  "SHELL=CMD" "COMPILER=arm-none-eabi-gcc" "ARCHIVER=arm-none-eabi-ar" "COMPILER_FLAGS=  -O2 -c" "EXTRA_COMPILER_FLAGS=-mcpu=cortex-a9 -mfpu=vfpv3 -mfloat-abi=hard -nostartfiles -g -Wall -Wextra"
"Running Make include in ps7_cortexa9_0/libsrc/scuwdt_v2_1/src"
make -C ps7_cortexa9_0/libsrc/scuwdt_v2_1/src -s include  "SHELL=CMD" "COMPILER=arm-none-eabi-gcc" "ARCHIVER=arm-none-eabi-ar" "COMPILER_FLAGS=  -O2 -c" "EXTRA_COMPILER_FLAGS=-mcpu=cortex-a9 -mfpu=vfpv3 -mfloat-abi=hard -nostartfiles -g -Wall -Wextra"
"Running Make include in ps7_cortexa9_0/libsrc/sdps_v3_7/src"
make -C ps7_cortexa9_0/libsrc/sdps_v3_7/src -s include  "SHELL=CMD" "COMPILER=arm-none-eabi-gcc" "ARCHIVER=arm-none-eabi-ar" "COMPILER_FLAGS=  -O2 -c" "EXTRA_COMPILER_FLAGS=-mcpu=cortex-a9 -mfpu=vfpv3 -mfloat-abi=hard -nostartfiles -g -Wall -Wextra"
"Running Make include in ps7_cortexa9_0/libsrc/standalone_v7_0/src"
make -C ps7_cortexa9_0/libsrc/standalone_v7_0/src -s include  "SHELL=CMD" "COMPILER=arm-none-eabi-gcc" "ARCHIVER=arm-none-eabi-ar" "COMPILER_FLAGS=  -O2 -c" "EXTRA_COMPILER_FLAGS=-mcpu=cortex-a9 -mfpu=vfpv3 -mfloat-abi=hard -nostartfiles -g -Wall -Wextra"
"Running Make include in ps7_cortexa9_0/libsrc/uartps_v3_7/src"
make -C ps7_cortexa9_0/libsrc/uartps_v3_7/src -s include  "SHELL=CMD" "COMPILER=arm-none-eabi-gcc" "ARCHIVER=arm-none-eabi-ar" "COMPILER_FLAGS=  -O2 -c" "EXTRA_COMPILER_FLAGS=-mcpu=cortex-a9 -mfpu=vfpv3 -mfloat-abi=hard -nostartfiles -g -Wall -Wextra"
"Running Make include in ps7_cortexa9_0/libsrc/usbps_v2_4/src"
make -C ps7_cortexa9_0/libsrc/usbps_v2_4/src -s include  "SHELL=CMD" "COMPILER=arm-none-eabi-gcc" "ARCHIVER=arm-none-eabi-ar" "COMPILER_FLAGS=  -O2 -c" "EXTRA_COMPILER_FLAGS=-mcpu=cortex-a9 -mfpu=vfpv3 -mfloat-abi=hard -nostartfiles -g -Wall -Wextra"
"Running Make include in ps7_cortexa9_0/libsrc/xadcps_v2_3/src"
make -C ps7_cortexa9_0/libsrc/xadcps_v2_3/src -s include  "SHELL=CMD" "COMPILER=arm-none-eabi-gcc" "ARCHIVER=arm-none-eabi-ar" "COMPILER_FLAGS=  -O2 -c" "EXTRA_COMPILER_FLAGS=-mcpu=cortex-a9 -mfpu=vfpv3 -mfloat-abi=hard -nostartfiles -g -Wall -Wextra"
"Running Make libs in ps7_cortexa9_0/libsrc/axi_i2s_adi_v1_0/src"
make -C ps7_cortexa9_0/libsrc/axi_i2s_adi_v1_0/src -s libs  "SHELL=CMD" "COMPILER=arm-none-eabi-gcc" "ARCHIVER=arm-none-eabi-ar" "COMPILER_FLAGS=  -O2 -c" "EXTRA_COMPILER_FLAGS=-mcpu=cortex-a9 -mfpu=vfpv3 -mfloat-abi=hard -nostartfiles -g -Wall -Wextra"
"Compiling axi_i2s_adi..."
axi_i2s_adi_selftest.c: In function 'AXI_I2S_ADI_Reg_SelfTest':
axi_i2s_adi_selftest.c:52:60: warning: comparison of integer expressions of different signedness: 'u32' {aka 'long unsigned int'} and 'int' [-Wsign-compare]
    if ( AXI_I2S_ADI_mReadReg (baseaddr, read_loop_index*4) != (read_loop_index+1)*READ_WRITE_MUL_FACTOR){
                                                            ^~
axi_i2s_adi_selftest.c:36:6: warning: unused variable 'Index' [-Wunused-variable]
  int Index;
      ^~~~~
"Running Make libs in ps7_cortexa9_0/libsrc/coresightps_dcc_v1_5/src"
make -C ps7_cortexa9_0/libsrc/coresightps_dcc_v1_5/src -s libs  "SHELL=CMD" "COMPILER=arm-none-eabi-gcc" "ARCHIVER=arm-none-eabi-ar" "COMPILER_FLAGS=  -O2 -c" "EXTRA_COMPILER_FLAGS=-mcpu=cortex-a9 -mfpu=vfpv3 -mfloat-abi=hard -nostartfiles -g -Wall -Wextra"
"Compiling coresightps_dcc"
"Running Make libs in ps7_cortexa9_0/libsrc/cpu_cortexa9_v2_7/src"
make -C ps7_cortexa9_0/libsrc/cpu_cortexa9_v2_7/src -s libs  "SHELL=CMD" "COMPILER=arm-none-eabi-gcc" "ARCHIVER=arm-none-eabi-ar" "COMPILER_FLAGS=  -O2 -c" "EXTRA_COMPILER_FLAGS=-mcpu=cortex-a9 -mfpu=vfpv3 -mfloat-abi=hard -nostartfiles -g -Wall -Wextra"
"Compiling cpu_cortexa9"
"Running Make libs in ps7_cortexa9_0/libsrc/ddrps_v1_0/src"
make -C ps7_cortexa9_0/libsrc/ddrps_v1_0/src -s libs  "SHELL=CMD" "COMPILER=arm-none-eabi-gcc" "ARCHIVER=arm-none-eabi-ar" "COMPILER_FLAGS=  -O2 -c" "EXTRA_COMPILER_FLAGS=-mcpu=cortex-a9 -mfpu=vfpv3 -mfloat-abi=hard -nostartfiles -g -Wall -Wextra"
"Compiling ddrps"
"Running Make libs in ps7_cortexa9_0/libsrc/devcfg_v3_5/src"
make -C ps7_cortexa9_0/libsrc/devcfg_v3_5/src -s libs  "SHELL=CMD" "COMPILER=arm-none-eabi-gcc" "ARCHIVER=arm-none-eabi-ar" "COMPILER_FLAGS=  -O2 -c" "EXTRA_COMPILER_FLAGS=-mcpu=cortex-a9 -mfpu=vfpv3 -mfloat-abi=hard -nostartfiles -g -Wall -Wextra"
"Compiling devcfg"
"Running Make libs in ps7_cortexa9_0/libsrc/dmaps_v2_4/src"
make -C ps7_cortexa9_0/libsrc/dmaps_v2_4/src -s libs  "SHELL=CMD" "COMPILER=arm-none-eabi-gcc" "ARCHIVER=arm-none-eabi-ar" "COMPILER_FLAGS=  -O2 -c" "EXTRA_COMPILER_FLAGS=-mcpu=cortex-a9 -mfpu=vfpv3 -mfloat-abi=hard -nostartfiles -g -Wall -Wextra"
"Compiling dmaps"
"Running Make libs in ps7_cortexa9_0/libsrc/emacps_v3_9/src"
make -C ps7_cortexa9_0/libsrc/emacps_v3_9/src -s libs  "SHELL=CMD" "COMPILER=arm-none-eabi-gcc" "ARCHIVER=arm-none-eabi-ar" "COMPILER_FLAGS=  -O2 -c" "EXTRA_COMPILER_FLAGS=-mcpu=cortex-a9 -mfpu=vfpv3 -mfloat-abi=hard -nostartfiles -g -Wall -Wextra"
"Compiling emacps"
"Running Make libs in ps7_cortexa9_0/libsrc/gpiops_v3_5/src"
make -C ps7_cortexa9_0/libsrc/gpiops_v3_5/src -s libs  "SHELL=CMD" "COMPILER=arm-none-eabi-gcc" "ARCHIVER=arm-none-eabi-ar" "COMPILER_FLAGS=  -O2 -c" "EXTRA_COMPILER_FLAGS=-mcpu=cortex-a9 -mfpu=vfpv3 -mfloat-abi=hard -nostartfiles -g -Wall -Wextra"
"Compiling gpiops"
"Running Make libs in ps7_cortexa9_0/libsrc/gpio_v4_4/src"
make -C ps7_cortexa9_0/libsrc/gpio_v4_4/src -s libs  "SHELL=CMD" "COMPILER=arm-none-eabi-gcc" "ARCHIVER=arm-none-eabi-ar" "COMPILER_FLAGS=  -O2 -c" "EXTRA_COMPILER_FLAGS=-mcpu=cortex-a9 -mfpu=vfpv3 -mfloat-abi=hard -nostartfiles -g -Wall -Wextra"
"Compiling gpio"
"Running Make libs in ps7_cortexa9_0/libsrc/iicps_v3_9/src"
make -C ps7_cortexa9_0/libsrc/iicps_v3_9/src -s libs  "SHELL=CMD" "COMPILER=arm-none-eabi-gcc" "ARCHIVER=arm-none-eabi-ar" "COMPILER_FLAGS=  -O2 -c" "EXTRA_COMPILER_FLAGS=-mcpu=cortex-a9 -mfpu=vfpv3 -mfloat-abi=hard -nostartfiles -g -Wall -Wextra"
"Compiling iicps"
"Running Make libs in ps7_cortexa9_0/libsrc/llfifo_v5_3/src"
make -C ps7_cortexa9_0/libsrc/llfifo_v5_3/src -s libs  "SHELL=CMD" "COMPILER=arm-none-eabi-gcc" "ARCHIVER=arm-none-eabi-ar" "COMPILER_FLAGS=  -O2 -c" "EXTRA_COMPILER_FLAGS=-mcpu=cortex-a9 -mfpu=vfpv3 -mfloat-abi=hard -nostartfiles -g -Wall -Wextra"
"Compiling llfifo"
"Running Make libs in ps7_cortexa9_0/libsrc/qspips_v3_6/src"
make -C ps7_cortexa9_0/libsrc/qspips_v3_6/src -s libs  "SHELL=CMD" "COMPILER=arm-none-eabi-gcc" "ARCHIVER=arm-none-eabi-ar" "COMPILER_FLAGS=  -O2 -c" "EXTRA_COMPILER_FLAGS=-mcpu=cortex-a9 -mfpu=vfpv3 -mfloat-abi=hard -nostartfiles -g -Wall -Wextra"
"Compiling qspips"
"Running Make libs in ps7_cortexa9_0/libsrc/scugic_v4_0/src"
make -C ps7_cortexa9_0/libsrc/scugic_v4_0/src -s libs  "SHELL=CMD" "COMPILER=arm-none-eabi-gcc" "ARCHIVER=arm-none-eabi-ar" "COMPILER_FLAGS=  -O2 -c" "EXTRA_COMPILER_FLAGS=-mcpu=cortex-a9 -mfpu=vfpv3 -mfloat-abi=hard -nostartfiles -g -Wall -Wextra"
"Compiling scugic"
"Running Make libs in ps7_cortexa9_0/libsrc/scutimer_v2_1/src"
make -C ps7_cortexa9_0/libsrc/scutimer_v2_1/src -s libs  "SHELL=CMD" "COMPILER=arm-none-eabi-gcc" "ARCHIVER=arm-none-eabi-ar" "COMPILER_FLAGS=  -O2 -c" "EXTRA_COMPILER_FLAGS=-mcpu=cortex-a9 -mfpu=vfpv3 -mfloat-abi=hard -nostartfiles -g -Wall -Wextra"
"Compiling scutimer"
"Running Make libs in ps7_cortexa9_0/libsrc/scuwdt_v2_1/src"
make -C ps7_cortexa9_0/libsrc/scuwdt_v2_1/src -s libs  "SHELL=CMD" "COMPILER=arm-none-eabi-gcc" "ARCHIVER=arm-none-eabi-ar" "COMPILER_FLAGS=  -O2 -c" "EXTRA_COMPILER_FLAGS=-mcpu=cortex-a9 -mfpu=vfpv3 -mfloat-abi=hard -nostartfiles -g -Wall -Wextra"
"Compiling scuwdt"
"Running Make libs in ps7_cortexa9_0/libsrc/sdps_v3_7/src"
make -C ps7_cortexa9_0/libsrc/sdps_v3_7/src -s libs  "SHELL=CMD" "COMPILER=arm-none-eabi-gcc" "ARCHIVER=arm-none-eabi-ar" "COMPILER_FLAGS=  -O2 -c" "EXTRA_COMPILER_FLAGS=-mcpu=cortex-a9 -mfpu=vfpv3 -mfloat-abi=hard -nostartfiles -g -Wall -Wextra"
"Compiling sdps"
"Running Make libs in ps7_cortexa9_0/libsrc/standalone_v7_0/src"
make -C ps7_cortexa9_0/libsrc/standalone_v7_0/src -s libs  "SHELL=CMD" "COMPILER=arm-none-eabi-gcc" "ARCHIVER=arm-none-eabi-ar" "COMPILER_FLAGS=  -O2 -c" "EXTRA_COMPILER_FLAGS=-mcpu=cortex-a9 -mfpu=vfpv3 -mfloat-abi=hard -nostartfiles -g -Wall -Wextra"
"Compiling standalone"
In file included from usleep.c:56:
xtime_l.h:87:9: note: #pragma message: For the sleep routines, Global timer is being used
 #pragma message ("For the sleep routines, Global timer is being used")
         ^~~~~~~
In file included from sleep.c:53:
xtime_l.h:87:9: note: #pragma message: For the sleep routines, Global timer is being used
 #pragma message ("For the sleep routines, Global timer is being used")
         ^~~~~~~
In file included from xil_sleeptimer.c:51:
xtime_l.h:87:9: note: #pragma message: For the sleep routines, Global timer is being used
 #pragma message ("For the sleep routines, Global timer is being used")
         ^~~~~~~
In file included from xtime_l.c:49:
xtime_l.h:87:9: note: #pragma message: For the sleep routines, Global timer is being used
 #pragma message ("For the sleep routines, Global timer is being used")
         ^~~~~~~
"Running Make libs in ps7_cortexa9_0/libsrc/uartps_v3_7/src"
make -C ps7_cortexa9_0/libsrc/uartps_v3_7/src -s libs  "SHELL=CMD" "COMPILER=arm-none-eabi-gcc" "ARCHIVER=arm-none-eabi-ar" "COMPILER_FLAGS=  -O2 -c" "EXTRA_COMPILER_FLAGS=-mcpu=cortex-a9 -mfpu=vfpv3 -mfloat-abi=hard -nostartfiles -g -Wall -Wextra"
"Compiling uartps"
"Running Make libs in ps7_cortexa9_0/libsrc/usbps_v2_4/src"
make -C ps7_cortexa9_0/libsrc/usbps_v2_4/src -s libs  "SHELL=CMD" "COMPILER=arm-none-eabi-gcc" "ARCHIVER=arm-none-eabi-ar" "COMPILER_FLAGS=  -O2 -c" "EXTRA_COMPILER_FLAGS=-mcpu=cortex-a9 -mfpu=vfpv3 -mfloat-abi=hard -nostartfiles -g -Wall -Wextra"
"Compiling usbps"
"Running Make libs in ps7_cortexa9_0/libsrc/xadcps_v2_3/src"
make -C ps7_cortexa9_0/libsrc/xadcps_v2_3/src -s libs  "SHELL=CMD" "COMPILER=arm-none-eabi-gcc" "ARCHIVER=arm-none-eabi-ar" "COMPILER_FLAGS=  -O2 -c" "EXTRA_COMPILER_FLAGS=-mcpu=cortex-a9 -mfpu=vfpv3 -mfloat-abi=hard -nostartfiles -g -Wall -Wextra"
"Compiling xadcps"
'Finished building libraries'
11:56:45 **** Build of configuration Debug for project master ****
make pre-build main-build 
a9-linaro-pre-build-step
' '
'Building file: ../src/master.c'
'Invoking: ARM v7 gcc compiler'
arm-none-eabi-gcc -Wall -O3 -g3 -c -fmessage-length=0 -MT"src/master.o" -mcpu=cortex-a9 -mfpu=neon -mfloat-abi=hard -std=c99 -mvectorize-with-neon-quad -ftree-vectorize -fopt-info-vec-optimized -fopt-info-vec-missed -ffast-math -I../../master_bsp/ps7_cortexa9_0/include -MMD -MP -MF"src/master.d" -MT"src/master.o" -o "src/master.o" "../src/master.c"
In file included from ../src/master.c:5:
../../master_bsp/ps7_cortexa9_0/include/xtime_l.h:87:9: note: #pragma message: For the sleep routines, Global timer is being used
 #pragma message ("For the sleep routines, Global timer is being used")
         ^~~~~~~
In file included from ../src/master.c:6:
../src/master.c: In function 'main':
../src/shared.h:30:16: warning: passing argument 2 of 'vec_add_serial' discards 'volatile' qualifier from pointer target type [-Wdiscarded-qualifiers]
 #define SHARED ((volatile shared_mem_t *)SHARED_BASE)
../src/master.c:54:30: note: in expansion of macro 'SHARED'
     vec_add_serial(C_serial, SHARED->A, SHARED->B, ARRAY_SIZE);
                              ^~~~~~
../src/master.c:13:42: note: expected 'const u32 * restrict' {aka 'const long unsigned int * restrict'} but argument is of type 'volatile u32 *' {aka 'volatile long unsigned int *'}
                     const u32 * restrict a,
                     ~~~~~~~~~~~~~~~~~~~~~^
In file included from ../src/master.c:6:
../src/shared.h:30:16: warning: passing argument 3 of 'vec_add_serial' discards 'volatile' qualifier from pointer target type [-Wdiscarded-qualifiers]
 #define SHARED ((volatile shared_mem_t *)SHARED_BASE)
../src/master.c:54:41: note: in expansion of macro 'SHARED'
     vec_add_serial(C_serial, SHARED->A, SHARED->B, ARRAY_SIZE);
                                         ^~~~~~
../src/master.c:14:42: note: expected 'const u32 * restrict' {aka 'const long unsigned int * restrict'} but argument is of type 'volatile u32 *' {aka 'volatile long unsigned int *'}
                     const u32 * restrict b,
                     ~~~~~~~~~~~~~~~~~~~~~^
../src/master.c:17:5: note: Unknown misalignment, naturally aligned
../src/master.c:17:5: note: Unknown misalignment, naturally aligned
../src/master.c:17:5: note: Unknown misalignment, naturally aligned
../src/master.c:17:5: note: not ssa-name.
../src/master.c:17:5: note: use not simple.
../src/master.c:17:5: note: not ssa-name.
../src/master.c:17:5: note: use not simple.
../src/master.c:17:5: note: can't use a fully-masked loop because the target doesn't have the appropriate masked load or store.
../src/master.c:17:5: note: not ssa-name.
../src/master.c:17:5: note: use not simple.
../src/master.c:17:5: note: not ssa-name.
../src/master.c:17:5: note: use not simple.
../src/master.c:17:5: note: loop vectorized
../src/master.c:17:5: note: not vectorized: not enough data-refs in basic block.
../src/master.c:17:5: note: not vectorized: not enough data-refs in basic block.
../src/master.c:17:5: note: not vectorized: not enough data-refs in basic block.
../src/master.c:18:14: note: not vectorized: no vectype for stmt: vect__4.15_44 = MEM[(const u32 *)vectp_a.13_42];
 scalar_type: const vector(4) long unsigned int
../src/master.c:18:14: note: not vectorized: no vectype for stmt: vect__6.18_47 = MEM[(const u32 *)vectp_b.16_45];
 scalar_type: const vector(4) long unsigned int
../src/master.c:18:14: note: not vectorized: no vectype for stmt: MEM[(u32 *)vectp_c.20_49] = vect__8.19_48;
 scalar_type: vector(4) long unsigned int
../src/master.c:18:14: note: not vectorized: no grouped stores in basic block.
../src/master.c:18:14: note: not vectorized: not enough data-refs in basic block.
../src/master.c:17:5: note: not consecutive access _4 = *_3;
../src/master.c:17:5: note: not consecutive access _6 = *_5;
../src/master.c:17:5: note: not consecutive access *_7 = _8;
../src/master.c:17:5: note: not vectorized: no grouped stores in basic block.
../src/master.c:17:5: note: not consecutive access _58 = *_57;
../src/master.c:17:5: note: not consecutive access _60 = *_59;
../src/master.c:17:5: note: not consecutive access *_61 = _62;
../src/master.c:17:5: note: not vectorized: no grouped stores in basic block.
../src/master.c:17:28: note: not consecutive access _25 = *_26;
../src/master.c:17:28: note: not consecutive access _23 = *_24;
../src/master.c:17:28: note: not consecutive access *_19 = _18;
../src/master.c:17:28: note: not vectorized: no grouped stores in basic block.
../src/master.c:20:1: note: not vectorized: not enough data-refs in basic block.
../src/master.c:109:5: note: not vectorized: empty loop.
../src/master.c:109:5: note: bad loop form.
../src/master.c:102:5: note: not vectorized: base addr of dr is a constant
../src/master.c:102:5: note: bad data references.
../src/master.c:102:5: note: not vectorized: base addr of dr is a constant
../src/master.c:102:5: note: not vectorized: not enough data-refs in basic block.
../src/master.c:85:11: note: not vectorized: number of iterations cannot be computed.
../src/master.c:85:11: note: bad loop form.
../src/master.c:79:5: note: not vectorized: base addr of dr is a constant
../src/master.c:79:5: note: bad data references.
../src/master.c:63:7: note: not vectorized: base addr of dr is a constant
../src/master.c:63:7: note: bad data references.
../src/master.c:17:5: note: not vectorized: base addr of dr is a constant
../src/master.c:17:5: note: bad data references.
../src/master.c:42:5: note: not vectorized: base addr of dr is a constant
../src/master.c:42:5: note: bad data references.
../src/master.c:34:11: note: not vectorized: number of iterations cannot be computed.
../src/master.c:34:11: note: bad loop form.
../src/master.c:27:5: note: not vectorized: not enough data-refs in basic block.
../src/master.c:28:5: note: not vectorized: not enough data-refs in basic block.
../src/master.c:29:2: note: not vectorized: not enough data-refs in basic block.
../src/master.c:30:5: note: not vectorized: not enough data-refs in basic block.
../src/master.c:31:8: note: not vectorized: not enough data-refs in basic block.
../src/master.c:31:8: note: not vectorized: not enough data-refs in basic block.
../src/master.c:34:11: note: not vectorized: base addr of dr is a constant
../src/master.c:34:11: note: not vectorized: not enough data-refs in basic block.
../src/master.c:39:19: note: not vectorized: base addr of dr is a constant
../src/master.c:39:19: note: not vectorized: not enough data-refs in basic block.
../src/master.c:42:5: note: not vectorized: base addr of dr is a constant
../src/master.c:42:5: note: not vectorized: not enough data-refs in basic block.
../src/master.c:51:5: note: not vectorized: not enough data-refs in basic block.
../src/master.c:53:13: note: not vectorized: base addr of dr is a constant
../src/master.c:53:13: note: not vectorized: not enough data-refs in basic block.
../src/master.c:17:5: note: not consecutive access *_69 = _70;
../src/master.c:17:5: note: not vectorized: no grouped stores in basic block.
../src/master.c:59:5: note: not vectorized: base addr of dr is a constant
../src/master.c:59:5: note: not vectorized: not enough data-refs in basic block.
../src/master.c:59:5: note: not vectorized: not enough data-refs in basic block.
../src/master.c:63:7: note: not vectorized: base addr of dr is a constant
../src/master.c:63:7: note: not vectorized: not enough data-refs in basic block.
../src/master.c:70:5: note: not vectorized: not enough data-refs in basic block.
../src/master.c:76:19: note: not vectorized: base addr of dr is a constant
../src/master.c:76:19: note: not vectorized: not enough data-refs in basic block.
../src/master.c:79:5: note: not vectorized: base addr of dr is a constant
../src/master.c:79:5: note: not vectorized: not enough data-refs in basic block.
../src/master.c:82:19: note: not vectorized: base addr of dr is a constant
../src/master.c:82:19: note: not vectorized: not enough data-refs in basic block.
../src/master.c:85:11: note: not vectorized: base addr of dr is a constant
../src/master.c:85:11: note: not vectorized: not enough data-refs in basic block.
../src/master.c:94:5: note: not vectorized: base addr of dr is a constant
../src/master.c:94:5: note: not vectorized: not enough data-refs in basic block.
../src/master.c:95:5: note: not vectorized: not enough data-refs in basic block.
../src/master.c:96:5: note: not vectorized: not enough data-refs in basic block.
../src/master.c:97:5: note: not vectorized: not enough data-refs in basic block.
../src/master.c:97:5: note: not vectorized: not enough data-refs in basic block.
../src/master.c:103:12: note: not vectorized: base addr of dr is a constant
../src/master.c:103:12: note: not vectorized: not enough data-refs in basic block.
../src/master.c:104:19: note: not vectorized: not enough data-refs in basic block.
../src/master.c:102:5: note: not vectorized: not enough data-refs in basic block.
../src/master.c:107:5: note: not vectorized: not enough data-refs in basic block.
../src/master.c:107:5: note: not vectorized: not enough data-refs in basic block.
'Finished building: ../src/master.c'
' '
'Building file: ../src/platform.c'
'Invoking: ARM v7 gcc compiler'
arm-none-eabi-gcc -Wall -O3 -g3 -c -fmessage-length=0 -MT"src/platform.o" -mcpu=cortex-a9 -mfpu=neon -mfloat-abi=hard -std=c99 -mvectorize-with-neon-quad -ftree-vectorize -fopt-info-vec-optimized -fopt-info-vec-missed -ffast-math -I../../master_bsp/ps7_cortexa9_0/include -MMD -MP -MF"src/platform.d" -MT"src/platform.o" -o "src/platform.o" "../src/platform.c"
../src/platform.c:66:1: note: not vectorized: not enough data-refs in basic block.
../src/platform.c:66:1: note: not vectorized: not enough data-refs in basic block.
../src/platform.c:66:1: note: not vectorized: not enough data-refs in basic block.
../src/platform.c:66:1: note: not vectorized: not enough data-refs in basic block.
../src/platform.c:66:1: note: not vectorized: not enough data-refs in basic block.
'Finished building: ../src/platform.c'
' '
'Building target: master.elf'
'Invoking: ARM v7 gcc linker'
arm-none-eabi-gcc -mcpu=cortex-a9 -mfpu=neon -mfloat-abi=hard -std=c99 -mvectorize-with-neon-quad -ftree-vectorize -Wl,-build-id=none -specs=Xilinx.spec -Wl,-T -Wl,../src/lscript.ld -L../../master_bsp/ps7_cortexa9_0/lib -o "master.elf"  ./src/master.o ./src/platform.o   -Wl,--start-group,-lxil,-lgcc,-lc,--end-group
'Finished building target: master.elf'
' '
'Invoking: ARM v7 Print Size'
arm-none-eabi-size master.elf  |tee "master.elf.size"
   text	   data	    bss	    dec	    hex	filename
  33696	   1544	  23672	  58912	   e620	master.elf
'Finished building: master.elf.size'
' '
11:58:17 **** Incremental Build of configuration Debug for project master ****
make pre-build main-build 
a9-linaro-pre-build-step
' '
'Building file: ../src/master.c'
'Invoking: ARM v7 gcc compiler'
arm-none-eabi-gcc -Wall -O3 -g3 -c -fmessage-length=0 -MT"src/master.o" -mcpu=cortex-a9 -mfpu=neon -mfloat-abi=hard -std=c99 -mvectorize-with-neon-quad -ftree-vectorize -fopt-info-vec-optimized -fopt-info-vec-missed -ffast-math -I../../master_bsp/ps7_cortexa9_0/include -MMD -MP -MF"src/master.d" -MT"src/master.o" -o "src/master.o" "../src/master.c"
In file included from ../src/master.c:33:
../../master_bsp/ps7_cortexa9_0/include/xtime_l.h:87:9: note: #pragma message: For the sleep routines, Global timer is being used
 #pragma message ("For the sleep routines, Global timer is being used")
         ^~~~~~~
In file included from ../src/master.c:34:
../src/master.c: In function 'main':
../src/shared.h:30:16: warning: passing argument 2 of 'vec_add_serial' discards 'volatile' qualifier from pointer target type [-Wdiscarded-qualifiers]
 #define SHARED ((volatile shared_mem_t *)SHARED_BASE)
../src/master.c:104:30: note: in expansion of macro 'SHARED'
     vec_add_serial(C_serial, SHARED->A, SHARED->B, ARRAY_SIZE);
                              ^~~~~~
../src/master.c:48:42: note: expected 'const u32 * restrict' {aka 'const long unsigned int * restrict'} but argument is of type 'volatile u32 *' {aka 'volatile long unsigned int *'}
                     const u32 * restrict a,
                     ~~~~~~~~~~~~~~~~~~~~~^
In file included from ../src/master.c:34:
../src/shared.h:30:16: warning: passing argument 3 of 'vec_add_serial' discards 'volatile' qualifier from pointer target type [-Wdiscarded-qualifiers]
 #define SHARED ((volatile shared_mem_t *)SHARED_BASE)
../src/master.c:104:41: note: in expansion of macro 'SHARED'
     vec_add_serial(C_serial, SHARED->A, SHARED->B, ARRAY_SIZE);
                                         ^~~~~~
../src/master.c:49:42: note: expected 'const u32 * restrict' {aka 'const long unsigned int * restrict'} but argument is of type 'volatile u32 *' {aka 'volatile long unsigned int *'}
                     const u32 * restrict b,
                     ~~~~~~~~~~~~~~~~~~~~~^
../src/master.c:52:5: note: Unknown misalignment, naturally aligned
../src/master.c:52:5: note: Unknown misalignment, naturally aligned
../src/master.c:52:5: note: Unknown misalignment, naturally aligned
../src/master.c:52:5: note: not ssa-name.
../src/master.c:52:5: note: use not simple.
../src/master.c:52:5: note: not ssa-name.
../src/master.c:52:5: note: use not simple.
../src/master.c:52:5: note: can't use a fully-masked loop because the target doesn't have the appropriate masked load or store.
../src/master.c:52:5: note: not ssa-name.
../src/master.c:52:5: note: use not simple.
../src/master.c:52:5: note: not ssa-name.
../src/master.c:52:5: note: use not simple.
../src/master.c:52:5: note: loop vectorized
../src/master.c:52:5: note: not vectorized: not enough data-refs in basic block.
../src/master.c:52:5: note: not vectorized: not enough data-refs in basic block.
../src/master.c:52:5: note: not vectorized: not enough data-refs in basic block.
../src/master.c:53:14: note: not vectorized: no vectype for stmt: vect__4.15_44 = MEM[(const u32 *)vectp_a.13_42];
 scalar_type: const vector(4) long unsigned int
../src/master.c:53:14: note: not vectorized: no vectype for stmt: vect__6.18_47 = MEM[(const u32 *)vectp_b.16_45];
 scalar_type: const vector(4) long unsigned int
../src/master.c:53:14: note: not vectorized: no vectype for stmt: MEM[(u32 *)vectp_c.20_49] = vect__8.19_48;
 scalar_type: vector(4) long unsigned int
../src/master.c:53:14: note: not vectorized: no grouped stores in basic block.
../src/master.c:53:14: note: not vectorized: not enough data-refs in basic block.
../src/master.c:52:5: note: not consecutive access _4 = *_3;
../src/master.c:52:5: note: not consecutive access _6 = *_5;
../src/master.c:52:5: note: not consecutive access *_7 = _8;
../src/master.c:52:5: note: not vectorized: no grouped stores in basic block.
../src/master.c:52:5: note: not consecutive access _58 = *_57;
../src/master.c:52:5: note: not consecutive access _60 = *_59;
../src/master.c:52:5: note: not consecutive access *_61 = _62;
../src/master.c:52:5: note: not vectorized: no grouped stores in basic block.
../src/master.c:52:28: note: not consecutive access _25 = *_26;
../src/master.c:52:28: note: not consecutive access _23 = *_24;
../src/master.c:52:28: note: not consecutive access *_19 = _18;
../src/master.c:52:28: note: not vectorized: no grouped stores in basic block.
../src/master.c:55:1: note: not vectorized: not enough data-refs in basic block.
../src/master.c:169:5: note: not vectorized: empty loop.
../src/master.c:169:5: note: bad loop form.
../src/master.c:162:5: note: not vectorized: base addr of dr is a constant
../src/master.c:162:5: note: bad data references.
../src/master.c:162:5: note: not vectorized: base addr of dr is a constant
../src/master.c:162:5: note: not vectorized: not enough data-refs in basic block.
../src/master.c:139:11: note: not vectorized: number of iterations cannot be computed.
../src/master.c:139:11: note: bad loop form.
../src/master.c:131:5: note: not vectorized: base addr of dr is a constant
../src/master.c:131:5: note: bad data references.
../src/master.c:113:7: note: not vectorized: base addr of dr is a constant
../src/master.c:113:7: note: bad data references.
../src/master.c:52:5: note: not vectorized: base addr of dr is a constant
../src/master.c:52:5: note: bad data references.
../src/master.c:92:5: note: not vectorized: base addr of dr is a constant
../src/master.c:92:5: note: bad data references.
../src/master.c:77:11: note: not vectorized: number of iterations cannot be computed.
../src/master.c:77:11: note: bad loop form.
../src/master.c:67:5: note: not vectorized: not enough data-refs in basic block.
../src/master.c:68:5: note: not vectorized: not enough data-refs in basic block.
../src/master.c:69:2: note: not vectorized: not enough data-refs in basic block.
../src/master.c:70:5: note: not vectorized: not enough data-refs in basic block.
../src/master.c:71:8: note: not vectorized: not enough data-refs in basic block.
../src/master.c:71:8: note: not vectorized: not enough data-refs in basic block.
../src/master.c:77:11: note: not vectorized: base addr of dr is a constant
../src/master.c:77:11: note: not vectorized: not enough data-refs in basic block.
../src/master.c:87:19: note: not vectorized: base addr of dr is a constant
../src/master.c:87:19: note: not vectorized: not enough data-refs in basic block.
../src/master.c:92:5: note: not vectorized: base addr of dr is a constant
../src/master.c:92:5: note: not vectorized: not enough data-refs in basic block.
../src/master.c:101:5: note: not vectorized: not enough data-refs in basic block.
../src/master.c:103:13: note: not vectorized: base addr of dr is a constant
../src/master.c:103:13: note: not vectorized: not enough data-refs in basic block.
../src/master.c:52:5: note: not consecutive access *_69 = _70;
../src/master.c:52:5: note: not vectorized: no grouped stores in basic block.
../src/master.c:109:5: note: not vectorized: base addr of dr is a constant
../src/master.c:109:5: note: not vectorized: not enough data-refs in basic block.
../src/master.c:109:5: note: not vectorized: not enough data-refs in basic block.
../src/master.c:113:7: note: not vectorized: base addr of dr is a constant
../src/master.c:113:7: note: not vectorized: not enough data-refs in basic block.
../src/master.c:122:5: note: not vectorized: not enough data-refs in basic block.
../src/master.c:128:19: note: not vectorized: base addr of dr is a constant
../src/master.c:128:19: note: not vectorized: not enough data-refs in basic block.
../src/master.c:131:5: note: not vectorized: base addr of dr is a constant
../src/master.c:131:5: note: not vectorized: not enough data-refs in basic block.
../src/master.c:136:19: note: not vectorized: base addr of dr is a constant
../src/master.c:136:19: note: not vectorized: not enough data-refs in basic block.
../src/master.c:139:11: note: not vectorized: base addr of dr is a constant
../src/master.c:139:11: note: not vectorized: not enough data-refs in basic block.
../src/master.c:150:5: note: not vectorized: base addr of dr is a constant
../src/master.c:150:5: note: not vectorized: not enough data-refs in basic block.
../src/master.c:151:5: note: not vectorized: not enough data-refs in basic block.
../src/master.c:152:5: note: not vectorized: not enough data-refs in basic block.
../src/master.c:153:5: note: not vectorized: not enough data-refs in basic block.
../src/master.c:153:5: note: not vectorized: not enough data-refs in basic block.
../src/master.c:163:12: note: not vectorized: base addr of dr is a constant
../src/master.c:163:12: note: not vectorized: not enough data-refs in basic block.
../src/master.c:164:19: note: not vectorized: not enough data-refs in basic block.
../src/master.c:162:5: note: not vectorized: not enough data-refs in basic block.
../src/master.c:167:5: note: not vectorized: not enough data-refs in basic block.
../src/master.c:167:5: note: not vectorized: not enough data-refs in basic block.
'Finished building: ../src/master.c'
' '
'Building target: master.elf'
'Invoking: ARM v7 gcc linker'
arm-none-eabi-gcc -mcpu=cortex-a9 -mfpu=neon -mfloat-abi=hard -std=c99 -mvectorize-with-neon-quad -ftree-vectorize -Wl,-build-id=none -specs=Xilinx.spec -Wl,-T -Wl,../src/lscript.ld -L../../master_bsp/ps7_cortexa9_0/lib -o "master.elf"  ./src/master.o ./src/platform.o   -Wl,--start-group,-lxil,-lgcc,-lc,--end-group
'Finished building target: master.elf'
' '
'Invoking: ARM v7 Print Size'
arm-none-eabi-size master.elf  |tee "master.elf.size"
   text	   data	    bss	    dec	    hex	filename
  33696	   1544	  23672	  58912	   e620	master.elf
'Finished building: master.elf.size'
' '
11:58:18 **** Build of project standalone_bsp_0 ****
make -k all 
"Running Make include in ps7_cortexa9_0/libsrc/axi_i2s_adi_v1_0/src"
make -C ps7_cortexa9_0/libsrc/axi_i2s_adi_v1_0/src -s include  "SHELL=CMD" "COMPILER=arm-none-eabi-gcc" "ARCHIVER=arm-none-eabi-ar" "COMPILER_FLAGS=  -O2 -c" "EXTRA_COMPILER_FLAGS=-mcpu=cortex-a9 -mfpu=vfpv3 -mfloat-abi=hard -nostartfiles -g -Wall -Wextra"
"Running Make include in ps7_cortexa9_0/libsrc/coresightps_dcc_v1_5/src"
make -C ps7_cortexa9_0/libsrc/coresightps_dcc_v1_5/src -s include  "SHELL=CMD" "COMPILER=arm-none-eabi-gcc" "ARCHIVER=arm-none-eabi-ar" "COMPILER_FLAGS=  -O2 -c" "EXTRA_COMPILER_FLAGS=-mcpu=cortex-a9 -mfpu=vfpv3 -mfloat-abi=hard -nostartfiles -g -Wall -Wextra"
"Running Make include in ps7_cortexa9_0/libsrc/cpu_cortexa9_v2_7/src"
make -C ps7_cortexa9_0/libsrc/cpu_cortexa9_v2_7/src -s include  "SHELL=CMD" "COMPILER=arm-none-eabi-gcc" "ARCHIVER=arm-none-eabi-ar" "COMPILER_FLAGS=  -O2 -c" "EXTRA_COMPILER_FLAGS=-mcpu=cortex-a9 -mfpu=vfpv3 -mfloat-abi=hard -nostartfiles -g -Wall -Wextra"
"Running Make include in ps7_cortexa9_0/libsrc/ddrps_v1_0/src"
make -C ps7_cortexa9_0/libsrc/ddrps_v1_0/src -s include  "SHELL=CMD" "COMPILER=arm-none-eabi-gcc" "ARCHIVER=arm-none-eabi-ar" "COMPILER_FLAGS=  -O2 -c" "EXTRA_COMPILER_FLAGS=-mcpu=cortex-a9 -mfpu=vfpv3 -mfloat-abi=hard -nostartfiles -g -Wall -Wextra"
"Running Make include in ps7_cortexa9_0/libsrc/devcfg_v3_5/src"
make -C ps7_cortexa9_0/libsrc/devcfg_v3_5/src -s include  "SHELL=CMD" "COMPILER=arm-none-eabi-gcc" "ARCHIVER=arm-none-eabi-ar" "COMPILER_FLAGS=  -O2 -c" "EXTRA_COMPILER_FLAGS=-mcpu=cortex-a9 -mfpu=vfpv3 -mfloat-abi=hard -nostartfiles -g -Wall -Wextra"
"Running Make include in ps7_cortexa9_0/libsrc/dmaps_v2_4/src"
make -C ps7_cortexa9_0/libsrc/dmaps_v2_4/src -s include  "SHELL=CMD" "COMPILER=arm-none-eabi-gcc" "ARCHIVER=arm-none-eabi-ar" "COMPILER_FLAGS=  -O2 -c" "EXTRA_COMPILER_FLAGS=-mcpu=cortex-a9 -mfpu=vfpv3 -mfloat-abi=hard -nostartfiles -g -Wall -Wextra"
"Running Make include in ps7_cortexa9_0/libsrc/emacps_v3_9/src"
make -C ps7_cortexa9_0/libsrc/emacps_v3_9/src -s include  "SHELL=CMD" "COMPILER=arm-none-eabi-gcc" "ARCHIVER=arm-none-eabi-ar" "COMPILER_FLAGS=  -O2 -c" "EXTRA_COMPILER_FLAGS=-mcpu=cortex-a9 -mfpu=vfpv3 -mfloat-abi=hard -nostartfiles -g -Wall -Wextra"
"Running Make include in ps7_cortexa9_0/libsrc/gpiops_v3_5/src"
make -C ps7_cortexa9_0/libsrc/gpiops_v3_5/src -s include  "SHELL=CMD" "COMPILER=arm-none-eabi-gcc" "ARCHIVER=arm-none-eabi-ar" "COMPILER_FLAGS=  -O2 -c" "EXTRA_COMPILER_FLAGS=-mcpu=cortex-a9 -mfpu=vfpv3 -mfloat-abi=hard -nostartfiles -g -Wall -Wextra"
"Running Make include in ps7_cortexa9_0/libsrc/gpio_v4_4/src"
make -C ps7_cortexa9_0/libsrc/gpio_v4_4/src -s include  "SHELL=CMD" "COMPILER=arm-none-eabi-gcc" "ARCHIVER=arm-none-eabi-ar" "COMPILER_FLAGS=  -O2 -c" "EXTRA_COMPILER_FLAGS=-mcpu=cortex-a9 -mfpu=vfpv3 -mfloat-abi=hard -nostartfiles -g -Wall -Wextra"
"Running Make include in ps7_cortexa9_0/libsrc/iicps_v3_9/src"
make -C ps7_cortexa9_0/libsrc/iicps_v3_9/src -s include  "SHELL=CMD" "COMPILER=arm-none-eabi-gcc" "ARCHIVER=arm-none-eabi-ar" "COMPILER_FLAGS=  -O2 -c" "EXTRA_COMPILER_FLAGS=-mcpu=cortex-a9 -mfpu=vfpv3 -mfloat-abi=hard -nostartfiles -g -Wall -Wextra"
"Running Make include in ps7_cortexa9_0/libsrc/llfifo_v5_3/src"
make -C ps7_cortexa9_0/libsrc/llfifo_v5_3/src -s include  "SHELL=CMD" "COMPILER=arm-none-eabi-gcc" "ARCHIVER=arm-none-eabi-ar" "COMPILER_FLAGS=  -O2 -c" "EXTRA_COMPILER_FLAGS=-mcpu=cortex-a9 -mfpu=vfpv3 -mfloat-abi=hard -nostartfiles -g -Wall -Wextra"
"Running Make include in ps7_cortexa9_0/libsrc/qspips_v3_6/src"
make -C ps7_cortexa9_0/libsrc/qspips_v3_6/src -s include  "SHELL=CMD" "COMPILER=arm-none-eabi-gcc" "ARCHIVER=arm-none-eabi-ar" "COMPILER_FLAGS=  -O2 -c" "EXTRA_COMPILER_FLAGS=-mcpu=cortex-a9 -mfpu=vfpv3 -mfloat-abi=hard -nostartfiles -g -Wall -Wextra"
"Running Make include in ps7_cortexa9_0/libsrc/scugic_v4_0/src"
make -C ps7_cortexa9_0/libsrc/scugic_v4_0/src -s include  "SHELL=CMD" "COMPILER=arm-none-eabi-gcc" "ARCHIVER=arm-none-eabi-ar" "COMPILER_FLAGS=  -O2 -c" "EXTRA_COMPILER_FLAGS=-mcpu=cortex-a9 -mfpu=vfpv3 -mfloat-abi=hard -nostartfiles -g -Wall -Wextra"
"Running Make include in ps7_cortexa9_0/libsrc/scutimer_v2_1/src"
make -C ps7_cortexa9_0/libsrc/scutimer_v2_1/src -s include  "SHELL=CMD" "COMPILER=arm-none-eabi-gcc" "ARCHIVER=arm-none-eabi-ar" "COMPILER_FLAGS=  -O2 -c" "EXTRA_COMPILER_FLAGS=-mcpu=cortex-a9 -mfpu=vfpv3 -mfloat-abi=hard -nostartfiles -g -Wall -Wextra"
"Running Make include in ps7_cortexa9_0/libsrc/scuwdt_v2_1/src"
make -C ps7_cortexa9_0/libsrc/scuwdt_v2_1/src -s include  "SHELL=CMD" "COMPILER=arm-none-eabi-gcc" "ARCHIVER=arm-none-eabi-ar" "COMPILER_FLAGS=  -O2 -c" "EXTRA_COMPILER_FLAGS=-mcpu=cortex-a9 -mfpu=vfpv3 -mfloat-abi=hard -nostartfiles -g -Wall -Wextra"
"Running Make include in ps7_cortexa9_0/libsrc/sdps_v3_7/src"
make -C ps7_cortexa9_0/libsrc/sdps_v3_7/src -s include  "SHELL=CMD" "COMPILER=arm-none-eabi-gcc" "ARCHIVER=arm-none-eabi-ar" "COMPILER_FLAGS=  -O2 -c" "EXTRA_COMPILER_FLAGS=-mcpu=cortex-a9 -mfpu=vfpv3 -mfloat-abi=hard -nostartfiles -g -Wall -Wextra"
"Running Make include in ps7_cortexa9_0/libsrc/standalone_v7_0/src"
make -C ps7_cortexa9_0/libsrc/standalone_v7_0/src -s include  "SHELL=CMD" "COMPILER=arm-none-eabi-gcc" "ARCHIVER=arm-none-eabi-ar" "COMPILER_FLAGS=  -O2 -c" "EXTRA_COMPILER_FLAGS=-mcpu=cortex-a9 -mfpu=vfpv3 -mfloat-abi=hard -nostartfiles -g -Wall -Wextra"
"Running Make include in ps7_cortexa9_0/libsrc/uartps_v3_7/src"
make -C ps7_cortexa9_0/libsrc/uartps_v3_7/src -s include  "SHELL=CMD" "COMPILER=arm-none-eabi-gcc" "ARCHIVER=arm-none-eabi-ar" "COMPILER_FLAGS=  -O2 -c" "EXTRA_COMPILER_FLAGS=-mcpu=cortex-a9 -mfpu=vfpv3 -mfloat-abi=hard -nostartfiles -g -Wall -Wextra"
"Running Make include in ps7_cortexa9_0/libsrc/usbps_v2_4/src"
make -C ps7_cortexa9_0/libsrc/usbps_v2_4/src -s include  "SHELL=CMD" "COMPILER=arm-none-eabi-gcc" "ARCHIVER=arm-none-eabi-ar" "COMPILER_FLAGS=  -O2 -c" "EXTRA_COMPILER_FLAGS=-mcpu=cortex-a9 -mfpu=vfpv3 -mfloat-abi=hard -nostartfiles -g -Wall -Wextra"
"Running Make include in ps7_cortexa9_0/libsrc/xadcps_v2_3/src"
make -C ps7_cortexa9_0/libsrc/xadcps_v2_3/src -s include  "SHELL=CMD" "COMPILER=arm-none-eabi-gcc" "ARCHIVER=arm-none-eabi-ar" "COMPILER_FLAGS=  -O2 -c" "EXTRA_COMPILER_FLAGS=-mcpu=cortex-a9 -mfpu=vfpv3 -mfloat-abi=hard -nostartfiles -g -Wall -Wextra"
"Running Make libs in ps7_cortexa9_0/libsrc/axi_i2s_adi_v1_0/src"
make -C ps7_cortexa9_0/libsrc/axi_i2s_adi_v1_0/src -s libs  "SHELL=CMD" "COMPILER=arm-none-eabi-gcc" "ARCHIVER=arm-none-eabi-ar" "COMPILER_FLAGS=  -O2 -c" "EXTRA_COMPILER_FLAGS=-mcpu=cortex-a9 -mfpu=vfpv3 -mfloat-abi=hard -nostartfiles -g -Wall -Wextra"
"Compiling axi_i2s_adi..."
axi_i2s_adi_selftest.c: In function 'AXI_I2S_ADI_Reg_SelfTest':
axi_i2s_adi_selftest.c:52:60: warning: comparison of integer expressions of different signedness: 'u32' {aka 'long unsigned int'} and 'int' [-Wsign-compare]
    if ( AXI_I2S_ADI_mReadReg (baseaddr, read_loop_index*4) != (read_loop_index+1)*READ_WRITE_MUL_FACTOR){
                                                            ^~
axi_i2s_adi_selftest.c:36:6: warning: unused variable 'Index' [-Wunused-variable]
  int Index;
      ^~~~~
"Running Make libs in ps7_cortexa9_0/libsrc/coresightps_dcc_v1_5/src"
make -C ps7_cortexa9_0/libsrc/coresightps_dcc_v1_5/src -s libs  "SHELL=CMD" "COMPILER=arm-none-eabi-gcc" "ARCHIVER=arm-none-eabi-ar" "COMPILER_FLAGS=  -O2 -c" "EXTRA_COMPILER_FLAGS=-mcpu=cortex-a9 -mfpu=vfpv3 -mfloat-abi=hard -nostartfiles -g -Wall -Wextra"
"Compiling coresightps_dcc"
"Running Make libs in ps7_cortexa9_0/libsrc/cpu_cortexa9_v2_7/src"
make -C ps7_cortexa9_0/libsrc/cpu_cortexa9_v2_7/src -s libs  "SHELL=CMD" "COMPILER=arm-none-eabi-gcc" "ARCHIVER=arm-none-eabi-ar" "COMPILER_FLAGS=  -O2 -c" "EXTRA_COMPILER_FLAGS=-mcpu=cortex-a9 -mfpu=vfpv3 -mfloat-abi=hard -nostartfiles -g -Wall -Wextra"
"Compiling cpu_cortexa9"
"Running Make libs in ps7_cortexa9_0/libsrc/ddrps_v1_0/src"
make -C ps7_cortexa9_0/libsrc/ddrps_v1_0/src -s libs  "SHELL=CMD" "COMPILER=arm-none-eabi-gcc" "ARCHIVER=arm-none-eabi-ar" "COMPILER_FLAGS=  -O2 -c" "EXTRA_COMPILER_FLAGS=-mcpu=cortex-a9 -mfpu=vfpv3 -mfloat-abi=hard -nostartfiles -g -Wall -Wextra"
"Compiling ddrps"
"Running Make libs in ps7_cortexa9_0/libsrc/devcfg_v3_5/src"
make -C ps7_cortexa9_0/libsrc/devcfg_v3_5/src -s libs  "SHELL=CMD" "COMPILER=arm-none-eabi-gcc" "ARCHIVER=arm-none-eabi-ar" "COMPILER_FLAGS=  -O2 -c" "EXTRA_COMPILER_FLAGS=-mcpu=cortex-a9 -mfpu=vfpv3 -mfloat-abi=hard -nostartfiles -g -Wall -Wextra"
"Compiling devcfg"
"Running Make libs in ps7_cortexa9_0/libsrc/dmaps_v2_4/src"
make -C ps7_cortexa9_0/libsrc/dmaps_v2_4/src -s libs  "SHELL=CMD" "COMPILER=arm-none-eabi-gcc" "ARCHIVER=arm-none-eabi-ar" "COMPILER_FLAGS=  -O2 -c" "EXTRA_COMPILER_FLAGS=-mcpu=cortex-a9 -mfpu=vfpv3 -mfloat-abi=hard -nostartfiles -g -Wall -Wextra"
"Compiling dmaps"
"Running Make libs in ps7_cortexa9_0/libsrc/emacps_v3_9/src"
make -C ps7_cortexa9_0/libsrc/emacps_v3_9/src -s libs  "SHELL=CMD" "COMPILER=arm-none-eabi-gcc" "ARCHIVER=arm-none-eabi-ar" "COMPILER_FLAGS=  -O2 -c" "EXTRA_COMPILER_FLAGS=-mcpu=cortex-a9 -mfpu=vfpv3 -mfloat-abi=hard -nostartfiles -g -Wall -Wextra"
"Compiling emacps"
"Running Make libs in ps7_cortexa9_0/libsrc/gpiops_v3_5/src"
make -C ps7_cortexa9_0/libsrc/gpiops_v3_5/src -s libs  "SHELL=CMD" "COMPILER=arm-none-eabi-gcc" "ARCHIVER=arm-none-eabi-ar" "COMPILER_FLAGS=  -O2 -c" "EXTRA_COMPILER_FLAGS=-mcpu=cortex-a9 -mfpu=vfpv3 -mfloat-abi=hard -nostartfiles -g -Wall -Wextra"
"Compiling gpiops"
"Running Make libs in ps7_cortexa9_0/libsrc/gpio_v4_4/src"
make -C ps7_cortexa9_0/libsrc/gpio_v4_4/src -s libs  "SHELL=CMD" "COMPILER=arm-none-eabi-gcc" "ARCHIVER=arm-none-eabi-ar" "COMPILER_FLAGS=  -O2 -c" "EXTRA_COMPILER_FLAGS=-mcpu=cortex-a9 -mfpu=vfpv3 -mfloat-abi=hard -nostartfiles -g -Wall -Wextra"
"Compiling gpio"
"Running Make libs in ps7_cortexa9_0/libsrc/iicps_v3_9/src"
make -C ps7_cortexa9_0/libsrc/iicps_v3_9/src -s libs  "SHELL=CMD" "COMPILER=arm-none-eabi-gcc" "ARCHIVER=arm-none-eabi-ar" "COMPILER_FLAGS=  -O2 -c" "EXTRA_COMPILER_FLAGS=-mcpu=cortex-a9 -mfpu=vfpv3 -mfloat-abi=hard -nostartfiles -g -Wall -Wextra"
"Compiling iicps"
"Running Make libs in ps7_cortexa9_0/libsrc/llfifo_v5_3/src"
make -C ps7_cortexa9_0/libsrc/llfifo_v5_3/src -s libs  "SHELL=CMD" "COMPILER=arm-none-eabi-gcc" "ARCHIVER=arm-none-eabi-ar" "COMPILER_FLAGS=  -O2 -c" "EXTRA_COMPILER_FLAGS=-mcpu=cortex-a9 -mfpu=vfpv3 -mfloat-abi=hard -nostartfiles -g -Wall -Wextra"
"Compiling llfifo"
"Running Make libs in ps7_cortexa9_0/libsrc/qspips_v3_6/src"
make -C ps7_cortexa9_0/libsrc/qspips_v3_6/src -s libs  "SHELL=CMD" "COMPILER=arm-none-eabi-gcc" "ARCHIVER=arm-none-eabi-ar" "COMPILER_FLAGS=  -O2 -c" "EXTRA_COMPILER_FLAGS=-mcpu=cortex-a9 -mfpu=vfpv3 -mfloat-abi=hard -nostartfiles -g -Wall -Wextra"
"Compiling qspips"
"Running Make libs in ps7_cortexa9_0/libsrc/scugic_v4_0/src"
make -C ps7_cortexa9_0/libsrc/scugic_v4_0/src -s libs  "SHELL=CMD" "COMPILER=arm-none-eabi-gcc" "ARCHIVER=arm-none-eabi-ar" "COMPILER_FLAGS=  -O2 -c" "EXTRA_COMPILER_FLAGS=-mcpu=cortex-a9 -mfpu=vfpv3 -mfloat-abi=hard -nostartfiles -g -Wall -Wextra"
"Compiling scugic"
"Running Make libs in ps7_cortexa9_0/libsrc/scutimer_v2_1/src"
make -C ps7_cortexa9_0/libsrc/scutimer_v2_1/src -s libs  "SHELL=CMD" "COMPILER=arm-none-eabi-gcc" "ARCHIVER=arm-none-eabi-ar" "COMPILER_FLAGS=  -O2 -c" "EXTRA_COMPILER_FLAGS=-mcpu=cortex-a9 -mfpu=vfpv3 -mfloat-abi=hard -nostartfiles -g -Wall -Wextra"
"Compiling scutimer"
"Running Make libs in ps7_cortexa9_0/libsrc/scuwdt_v2_1/src"
make -C ps7_cortexa9_0/libsrc/scuwdt_v2_1/src -s libs  "SHELL=CMD" "COMPILER=arm-none-eabi-gcc" "ARCHIVER=arm-none-eabi-ar" "COMPILER_FLAGS=  -O2 -c" "EXTRA_COMPILER_FLAGS=-mcpu=cortex-a9 -mfpu=vfpv3 -mfloat-abi=hard -nostartfiles -g -Wall -Wextra"
"Compiling scuwdt"
"Running Make libs in ps7_cortexa9_0/libsrc/sdps_v3_7/src"
make -C ps7_cortexa9_0/libsrc/sdps_v3_7/src -s libs  "SHELL=CMD" "COMPILER=arm-none-eabi-gcc" "ARCHIVER=arm-none-eabi-ar" "COMPILER_FLAGS=  -O2 -c" "EXTRA_COMPILER_FLAGS=-mcpu=cortex-a9 -mfpu=vfpv3 -mfloat-abi=hard -nostartfiles -g -Wall -Wextra"
"Compiling sdps"
"Running Make libs in ps7_cortexa9_0/libsrc/standalone_v7_0/src"
make -C ps7_cortexa9_0/libsrc/standalone_v7_0/src -s libs  "SHELL=CMD" "COMPILER=arm-none-eabi-gcc" "ARCHIVER=arm-none-eabi-ar" "COMPILER_FLAGS=  -O2 -c" "EXTRA_COMPILER_FLAGS=-mcpu=cortex-a9 -mfpu=vfpv3 -mfloat-abi=hard -nostartfiles -g -Wall -Wextra"
"Compiling standalone"
In file included from usleep.c:56:
xtime_l.h:87:9: note: #pragma message: For the sleep routines, Global timer is being used
 #pragma message ("For the sleep routines, Global timer is being used")
         ^~~~~~~
In file included from sleep.c:53:
xtime_l.h:87:9: note: #pragma message: For the sleep routines, Global timer is being used
 #pragma message ("For the sleep routines, Global timer is being used")
         ^~~~~~~
In file included from xil_sleeptimer.c:51:
xtime_l.h:87:9: note: #pragma message: For the sleep routines, Global timer is being used
 #pragma message ("For the sleep routines, Global timer is being used")
         ^~~~~~~
In file included from xtime_l.c:49:
xtime_l.h:87:9: note: #pragma message: For the sleep routines, Global timer is being used
 #pragma message ("For the sleep routines, Global timer is being used")
         ^~~~~~~
"Running Make libs in ps7_cortexa9_0/libsrc/uartps_v3_7/src"
make -C ps7_cortexa9_0/libsrc/uartps_v3_7/src -s libs  "SHELL=CMD" "COMPILER=arm-none-eabi-gcc" "ARCHIVER=arm-none-eabi-ar" "COMPILER_FLAGS=  -O2 -c" "EXTRA_COMPILER_FLAGS=-mcpu=cortex-a9 -mfpu=vfpv3 -mfloat-abi=hard -nostartfiles -g -Wall -Wextra"
"Compiling uartps"
"Running Make libs in ps7_cortexa9_0/libsrc/usbps_v2_4/src"
make -C ps7_cortexa9_0/libsrc/usbps_v2_4/src -s libs  "SHELL=CMD" "COMPILER=arm-none-eabi-gcc" "ARCHIVER=arm-none-eabi-ar" "COMPILER_FLAGS=  -O2 -c" "EXTRA_COMPILER_FLAGS=-mcpu=cortex-a9 -mfpu=vfpv3 -mfloat-abi=hard -nostartfiles -g -Wall -Wextra"
"Compiling usbps"
"Running Make libs in ps7_cortexa9_0/libsrc/xadcps_v2_3/src"
make -C ps7_cortexa9_0/libsrc/xadcps_v2_3/src -s libs  "SHELL=CMD" "COMPILER=arm-none-eabi-gcc" "ARCHIVER=arm-none-eabi-ar" "COMPILER_FLAGS=  -O2 -c" "EXTRA_COMPILER_FLAGS=-mcpu=cortex-a9 -mfpu=vfpv3 -mfloat-abi=hard -nostartfiles -g -Wall -Wextra"
"Compiling xadcps"
'Finished building libraries'
11:58:48 **** Incremental Build of configuration Debug for project worker ****
make pre-build main-build 
a9-linaro-pre-build-step
' '
'Building file: ../src/worker.c'
'Invoking: ARM v7 gcc compiler'
arm-none-eabi-gcc -Wall -O3 -g3 -c -fmessage-length=0 -MT"src/worker.o" -mcpu=cortex-a9 -mfpu=neon -mfloat-abi=hard -std=c99 -mvectorize-with-neon-quad -ftree-vectorize -fopt-info-vec-optimized -fopt-info-vec-missed -ffast-math -I../../worker_bsp/ps7_cortexa9_1/include -MMD -MP -MF"src/worker.d" -MT"src/worker.o" -o "src/worker.o" "../src/worker.c"
../src/worker.c:93:5: note: not vectorized: empty loop.
../src/worker.c:93:5: note: bad loop form.
../src/worker.c:77:5: note: not vectorized: base addr of dr is a constant
../src/worker.c:77:5: note: bad data references.
../src/worker.c:65:11: note: not vectorized: number of iterations cannot be computed.
../src/worker.c:65:11: note: bad loop form.
../src/worker.c:57:11: note: not vectorized: number of iterations cannot be computed.
../src/worker.c:57:11: note: bad loop form.
../src/worker.c:52:5: note: not vectorized: not enough data-refs in basic block.
../src/worker.c:53:5: note: not vectorized: not enough data-refs in basic block.
../src/worker.c:55:5: note: not vectorized: not enough data-refs in basic block.
../src/worker.c:55:5: note: not vectorized: not enough data-refs in basic block.
../src/worker.c:57:11: note: not vectorized: base addr of dr is a constant
../src/worker.c:57:11: note: not vectorized: not enough data-refs in basic block.
../src/worker.c:65:11: note: not vectorized: base addr of dr is a constant
../src/worker.c:65:11: note: not vectorized: not enough data-refs in basic block.
../src/worker.c:77:5: note: not vectorized: base addr of dr is a constant
../src/worker.c:77:5: note: not vectorized: not enough data-refs in basic block.
../src/worker.c:84:19: note: not vectorized: base addr of dr is a constant
../src/worker.c:84:19: note: not vectorized: not enough data-refs in basic block.
../src/worker.c:84:19: note: not vectorized: not enough data-refs in basic block.
'Finished building: ../src/worker.c'
' '
'Building target: worker.elf'
'Invoking: ARM v7 gcc linker'
arm-none-eabi-gcc -mcpu=cortex-a9 -mfpu=neon -mfloat-abi=hard -std=c99 -mvectorize-with-neon-quad -ftree-vectorize -Wl,-build-id=none -specs=Xilinx.spec -Wl,-T -Wl,../src/lscript.ld -L../../worker_bsp/ps7_cortexa9_1/lib -o "worker.elf"  ./src/platform.o ./src/worker.o   -Wl,--start-group,-lxil,-lgcc,-lc,--end-group
'Finished building target: worker.elf'
' '
'Invoking: ARM v7 Print Size'
arm-none-eabi-size worker.elf  |tee "worker.elf.size"
   text	   data	    bss	    dec	    hex	filename
  32468	   1544	  23256	  57268	   dfb4	worker.elf
'Finished building: worker.elf.size'
' '
11:59:00 **** Incremental Build of configuration Debug for project worker ****
make pre-build main-build 
a9-linaro-pre-build-step
' '
make: Nothing to be done for 'main-build'.
11:59:00 **** Incremental Build of configuration Debug for project master ****
make pre-build main-build 
a9-linaro-pre-build-step
' '
'Building file: ../src/master.c'
'Invoking: ARM v7 gcc compiler'
arm-none-eabi-gcc -Wall -O3 -g3 -c -fmessage-length=0 -MT"src/master.o" -mcpu=cortex-a9 -mfpu=neon -mfloat-abi=hard -std=c99 -mvectorize-with-neon-quad -ftree-vectorize -fopt-info-vec-optimized -fopt-info-vec-missed -ffast-math -I../../master_bsp/ps7_cortexa9_0/include -MMD -MP -MF"src/master.d" -MT"src/master.o" -o "src/master.o" "../src/master.c"
In file included from ../src/master.c:33:
../../master_bsp/ps7_cortexa9_0/include/xtime_l.h:87:9: note: #pragma message: For the sleep routines, Global timer is being used
 #pragma message ("For the sleep routines, Global timer is being used")
         ^~~~~~~
In file included from ../src/master.c:34:
../src/master.c: In function 'main':
../src/shared.h:30:16: warning: passing argument 2 of 'vec_add_serial' discards 'volatile' qualifier from pointer target type [-Wdiscarded-qualifiers]
 #define SHARED ((volatile shared_mem_t *)SHARED_BASE)
../src/master.c:104:30: note: in expansion of macro 'SHARED'
     vec_add_serial(C_serial, SHARED->A, SHARED->B, ARRAY_SIZE);
                              ^~~~~~
../src/master.c:48:42: note: expected 'const u32 * restrict' {aka 'const long unsigned int * restrict'} but argument is of type 'volatile u32 *' {aka 'volatile long unsigned int *'}
                     const u32 * restrict a,
                     ~~~~~~~~~~~~~~~~~~~~~^
In file included from ../src/master.c:34:
../src/shared.h:30:16: warning: passing argument 3 of 'vec_add_serial' discards 'volatile' qualifier from pointer target type [-Wdiscarded-qualifiers]
 #define SHARED ((volatile shared_mem_t *)SHARED_BASE)
../src/master.c:104:41: note: in expansion of macro 'SHARED'
     vec_add_serial(C_serial, SHARED->A, SHARED->B, ARRAY_SIZE);
                                         ^~~~~~
../src/master.c:49:42: note: expected 'const u32 * restrict' {aka 'const long unsigned int * restrict'} but argument is of type 'volatile u32 *' {aka 'volatile long unsigned int *'}
                     const u32 * restrict b,
                     ~~~~~~~~~~~~~~~~~~~~~^
../src/master.c:176:9: warning: 'main' is normally a non-static function [-Wmain]
     int main(void)
         ^~~~
At top level:
../src/master.c:176:9: warning: 'main' defined but not used [-Wunused-function]
../src/master.c:52:5: note: Unknown misalignment, naturally aligned
../src/master.c:52:5: note: Unknown misalignment, naturally aligned
../src/master.c:52:5: note: Unknown misalignment, naturally aligned
../src/master.c:52:5: note: not ssa-name.
../src/master.c:52:5: note: use not simple.
../src/master.c:52:5: note: not ssa-name.
../src/master.c:52:5: note: use not simple.
../src/master.c:52:5: note: can't use a fully-masked loop because the target doesn't have the appropriate masked load or store.
../src/master.c:52:5: note: not ssa-name.
../src/master.c:52:5: note: use not simple.
../src/master.c:52:5: note: not ssa-name.
../src/master.c:52:5: note: use not simple.
../src/master.c:52:5: note: loop vectorized
../src/master.c:52:5: note: not vectorized: not enough data-refs in basic block.
../src/master.c:52:5: note: not vectorized: not enough data-refs in basic block.
../src/master.c:52:5: note: not vectorized: not enough data-refs in basic block.
../src/master.c:53:14: note: not vectorized: no vectype for stmt: vect__4.15_44 = MEM[(const u32 *)vectp_a.13_42];
 scalar_type: const vector(4) long unsigned int
../src/master.c:53:14: note: not vectorized: no vectype for stmt: vect__6.18_47 = MEM[(const u32 *)vectp_b.16_45];
 scalar_type: const vector(4) long unsigned int
../src/master.c:53:14: note: not vectorized: no vectype for stmt: MEM[(u32 *)vectp_c.20_49] = vect__8.19_48;
 scalar_type: vector(4) long unsigned int
../src/master.c:53:14: note: not vectorized: no grouped stores in basic block.
../src/master.c:53:14: note: not vectorized: not enough data-refs in basic block.
../src/master.c:52:5: note: not consecutive access _4 = *_3;
../src/master.c:52:5: note: not consecutive access _6 = *_5;
../src/master.c:52:5: note: not consecutive access *_7 = _8;
../src/master.c:52:5: note: not vectorized: no grouped stores in basic block.
../src/master.c:52:5: note: not consecutive access _58 = *_57;
../src/master.c:52:5: note: not consecutive access _60 = *_59;
../src/master.c:52:5: note: not consecutive access *_61 = _62;
../src/master.c:52:5: note: not vectorized: no grouped stores in basic block.
../src/master.c:52:28: note: not consecutive access _25 = *_26;
../src/master.c:52:28: note: not consecutive access _23 = *_24;
../src/master.c:52:28: note: not consecutive access *_19 = _18;
../src/master.c:52:28: note: not vectorized: no grouped stores in basic block.
../src/master.c:55:1: note: not vectorized: not enough data-refs in basic block.
../src/master.c:267:5: note: not vectorized: empty loop.
../src/master.c:267:5: note: bad loop form.
../src/master.c:260:5: note: not vectorized: base addr of dr is a constant
../src/master.c:260:5: note: bad data references.
../src/master.c:260:5: note: not vectorized: base addr of dr is a constant
../src/master.c:260:5: note: not vectorized: not enough data-refs in basic block.
../src/master.c:237:11: note: not vectorized: number of iterations cannot be computed.
../src/master.c:237:11: note: bad loop form.
../src/master.c:131:5: note: not vectorized: base addr of dr is a constant
../src/master.c:131:5: note: bad data references.
../src/master.c:113:7: note: not vectorized: base addr of dr is a constant
../src/master.c:113:7: note: bad data references.
../src/master.c:52:5: note: not vectorized: base addr of dr is a constant
../src/master.c:52:5: note: bad data references.
../src/master.c:92:5: note: not vectorized: base addr of dr is a constant
../src/master.c:92:5: note: bad data references.
../src/master.c:77:11: note: not vectorized: number of iterations cannot be computed.
../src/master.c:77:11: note: bad loop form.
../src/master.c:67:5: note: not vectorized: not enough data-refs in basic block.
../src/master.c:68:5: note: not vectorized: not enough data-refs in basic block.
../src/master.c:69:2: note: not vectorized: not enough data-refs in basic block.
../src/master.c:70:5: note: not vectorized: not enough data-refs in basic block.
../src/master.c:71:8: note: not vectorized: not enough data-refs in basic block.
../src/master.c:71:8: note: not vectorized: not enough data-refs in basic block.
../src/master.c:77:11: note: not vectorized: base addr of dr is a constant
../src/master.c:77:11: note: not vectorized: not enough data-refs in basic block.
../src/master.c:87:19: note: not vectorized: base addr of dr is a constant
../src/master.c:87:19: note: not vectorized: not enough data-refs in basic block.
../src/master.c:92:5: note: not vectorized: base addr of dr is a constant
../src/master.c:92:5: note: not vectorized: not enough data-refs in basic block.
../src/master.c:101:5: note: not vectorized: not enough data-refs in basic block.
../src/master.c:103:13: note: not vectorized: base addr of dr is a constant
../src/master.c:103:13: note: not vectorized: not enough data-refs in basic block.
../src/master.c:52:5: note: not consecutive access *_69 = _70;
../src/master.c:52:5: note: not vectorized: no grouped stores in basic block.
../src/master.c:109:5: note: not vectorized: base addr of dr is a constant
../src/master.c:109:5: note: not vectorized: not enough data-refs in basic block.
../src/master.c:109:5: note: not vectorized: not enough data-refs in basic block.
../src/master.c:113:7: note: not vectorized: base addr of dr is a constant
../src/master.c:113:7: note: not vectorized: not enough data-refs in basic block.
../src/master.c:122:5: note: not vectorized: not enough data-refs in basic block.
../src/master.c:128:19: note: not vectorized: base addr of dr is a constant
../src/master.c:128:19: note: not vectorized: not enough data-refs in basic block.
../src/master.c:131:5: note: not vectorized: base addr of dr is a constant
../src/master.c:131:5: note: not vectorized: not enough data-refs in basic block.
../src/master.c:136:19: note: not vectorized: base addr of dr is a constant
../src/master.c:136:19: note: not vectorized: not enough data-refs in basic block.
../src/master.c:237:11: note: not vectorized: base addr of dr is a constant
../src/master.c:237:11: note: not vectorized: not enough data-refs in basic block.
../src/master.c:248:5: note: not vectorized: base addr of dr is a constant
../src/master.c:248:5: note: not vectorized: not enough data-refs in basic block.
../src/master.c:249:5: note: not vectorized: not enough data-refs in basic block.
../src/master.c:250:5: note: not vectorized: not enough data-refs in basic block.
../src/master.c:251:5: note: not vectorized: not enough data-refs in basic block.
../src/master.c:251:5: note: not vectorized: not enough data-refs in basic block.
../src/master.c:261:12: note: not vectorized: base addr of dr is a constant
../src/master.c:261:12: note: not vectorized: not enough data-refs in basic block.
../src/master.c:262:19: note: not vectorized: not enough data-refs in basic block.
../src/master.c:260:5: note: not vectorized: not enough data-refs in basic block.
../src/master.c:265:5: note: not vectorized: not enough data-refs in basic block.
../src/master.c:265:5: note: not vectorized: not enough data-refs in basic block.
'Finished building: ../src/master.c'
' '
'Building target: master.elf'
'Invoking: ARM v7 gcc linker'
arm-none-eabi-gcc -mcpu=cortex-a9 -mfpu=neon -mfloat-abi=hard -std=c99 -mvectorize-with-neon-quad -ftree-vectorize -Wl,-build-id=none -specs=Xilinx.spec -Wl,-T -Wl,../src/lscript.ld -L../../master_bsp/ps7_cortexa9_0/lib -o "master.elf"  ./src/master.o ./src/platform.o   -Wl,--start-group,-lxil,-lgcc,-lc,--end-group
'Finished building target: master.elf'
' '
'Invoking: ARM v7 Print Size'
arm-none-eabi-size master.elf  |tee "master.elf.size"
   text	   data	    bss	    dec	    hex	filename
  33696	   1544	  23672	  58912	   e620	master.elf
'Finished building: master.elf.size'
' '
11:59:38 **** Incremental Build of configuration Debug for project worker ****
make pre-build main-build 
a9-linaro-pre-build-step
' '
make: Nothing to be done for 'main-build'.
11:59:38 **** Incremental Build of configuration Debug for project master ****
make pre-build main-build 
a9-linaro-pre-build-step
' '
make: Nothing to be done for 'main-build'.
12:00:25 **** Incremental Build of configuration Debug for project master ****
make pre-build main-build 
a9-linaro-pre-build-step
' '
make: Nothing to be done for 'main-build'.
12:00:25 **** Incremental Build of configuration Debug for project worker ****
make pre-build main-build 
a9-linaro-pre-build-step
' '
make: Nothing to be done for 'main-build'.
12:00:43 **** Incremental Build of configuration Debug for project worker ****
make pre-build main-build 
a9-linaro-pre-build-step
' '
make: Nothing to be done for 'main-build'.
12:00:44 **** Incremental Build of configuration Debug for project master ****
make pre-build main-build 
a9-linaro-pre-build-step
' '
make: Nothing to be done for 'main-build'.
12:01:59 **** Incremental Build of configuration Debug for project master ****
make pre-build main-build 
a9-linaro-pre-build-step
' '
make: Nothing to be done for 'main-build'.
12:01:59 **** Incremental Build of configuration Debug for project worker ****
make pre-build main-build 
a9-linaro-pre-build-step
' '
'Building file: ../src/worker.c'
'Invoking: ARM v7 gcc compiler'
arm-none-eabi-gcc -Wall -O3 -g3 -c -fmessage-length=0 -MT"src/worker.o" -mcpu=cortex-a9 -mfpu=neon -mfloat-abi=hard -std=c99 -mvectorize-with-neon-quad -ftree-vectorize -fopt-info-vec-optimized -fopt-info-vec-missed -ffast-math -I../../worker_bsp/ps7_cortexa9_1/include -MMD -MP -MF"src/worker.d" -MT"src/worker.o" -o "src/worker.o" "../src/worker.c"
../src/worker.c:93:5: note: not vectorized: empty loop.
../src/worker.c:93:5: note: bad loop form.
../src/worker.c:77:5: note: not vectorized: base addr of dr is a constant
../src/worker.c:77:5: note: bad data references.
../src/worker.c:65:11: note: not vectorized: number of iterations cannot be computed.
../src/worker.c:65:11: note: bad loop form.
../src/worker.c:50:5: note: not vectorized: not enough data-refs in basic block.
../src/worker.c:51:5: note: not vectorized: not enough data-refs in basic block.
../src/worker.c:56:5: note: not vectorized: base addr of dr is a constant
../src/worker.c:56:5: note: not vectorized: not enough data-refs in basic block.
../src/worker.c:56:5: note: not vectorized: not enough data-refs in basic block.
../src/worker.c:65:11: note: not vectorized: base addr of dr is a constant
../src/worker.c:65:11: note: not vectorized: not enough data-refs in basic block.
../src/worker.c:77:5: note: not vectorized: base addr of dr is a constant
../src/worker.c:77:5: note: not vectorized: not enough data-refs in basic block.
../src/worker.c:84:19: note: not vectorized: base addr of dr is a constant
../src/worker.c:84:19: note: not vectorized: not enough data-refs in basic block.
../src/worker.c:84:19: note: not vectorized: not enough data-refs in basic block.
'Finished building: ../src/worker.c'
' '
'Building target: worker.elf'
'Invoking: ARM v7 gcc linker'
arm-none-eabi-gcc -mcpu=cortex-a9 -mfpu=neon -mfloat-abi=hard -std=c99 -mvectorize-with-neon-quad -ftree-vectorize -Wl,-build-id=none -specs=Xilinx.spec -Wl,-T -Wl,../src/lscript.ld -L../../worker_bsp/ps7_cortexa9_1/lib -o "worker.elf"  ./src/platform.o ./src/worker.o   -Wl,--start-group,-lxil,-lgcc,-lc,--end-group
'Finished building target: worker.elf'
' '
'Invoking: ARM v7 Print Size'
arm-none-eabi-size worker.elf  |tee "worker.elf.size"
   text	   data	    bss	    dec	    hex	filename
  32456	   1544	  23256	  57256	   dfa8	worker.elf
'Finished building: worker.elf.size'
' '
12:02:21 **** Incremental Build of configuration Debug for project master ****
make pre-build main-build 
a9-linaro-pre-build-step
' '
'Building file: ../src/master.c'
'Invoking: ARM v7 gcc compiler'
arm-none-eabi-gcc -Wall -O3 -g3 -c -fmessage-length=0 -MT"src/master.o" -mcpu=cortex-a9 -mfpu=neon -mfloat-abi=hard -std=c99 -mvectorize-with-neon-quad -ftree-vectorize -fopt-info-vec-optimized -fopt-info-vec-missed -ffast-math -I../../master_bsp/ps7_cortexa9_0/include -MMD -MP -MF"src/master.d" -MT"src/master.o" -o "src/master.o" "../src/master.c"
In file included from ../src/master.c:33:
../../master_bsp/ps7_cortexa9_0/include/xtime_l.h:87:9: note: #pragma message: For the sleep routines, Global timer is being used
 #pragma message ("For the sleep routines, Global timer is being used")
         ^~~~~~~
In file included from ../src/master.c:34:
../src/master.c: In function 'main':
../src/shared.h:80:16: warning: passing argument 2 of 'vec_add_serial' discards 'volatile' qualifier from pointer target type [-Wdiscarded-qualifiers]
 #define SHARED ((volatile shared_mem_t *)SHARED_BASE)
../src/master.c:107:30: note: in expansion of macro 'SHARED'
     vec_add_serial(C_serial, SHARED->A, SHARED->B, ARRAY_SIZE);
                              ^~~~~~
../src/master.c:49:42: note: expected 'const u32 * restrict' {aka 'const long unsigned int * restrict'} but argument is of type 'volatile u32 *' {aka 'volatile long unsigned int *'}
                     const u32 * restrict a,
                     ~~~~~~~~~~~~~~~~~~~~~^
In file included from ../src/master.c:34:
../src/shared.h:80:16: warning: passing argument 3 of 'vec_add_serial' discards 'volatile' qualifier from pointer target type [-Wdiscarded-qualifiers]
 #define SHARED ((volatile shared_mem_t *)SHARED_BASE)
../src/master.c:107:41: note: in expansion of macro 'SHARED'
     vec_add_serial(C_serial, SHARED->A, SHARED->B, ARRAY_SIZE);
                                         ^~~~~~
../src/master.c:50:42: note: expected 'const u32 * restrict' {aka 'const long unsigned int * restrict'} but argument is of type 'volatile u32 *' {aka 'volatile long unsigned int *'}
                     const u32 * restrict b,
                     ~~~~~~~~~~~~~~~~~~~~~^
../src/master.c:53:5: note: Unknown misalignment, naturally aligned
../src/master.c:53:5: note: Unknown misalignment, naturally aligned
../src/master.c:53:5: note: Unknown misalignment, naturally aligned
../src/master.c:53:5: note: not ssa-name.
../src/master.c:53:5: note: use not simple.
../src/master.c:53:5: note: not ssa-name.
../src/master.c:53:5: note: use not simple.
../src/master.c:53:5: note: can't use a fully-masked loop because the target doesn't have the appropriate masked load or store.
../src/master.c:53:5: note: not ssa-name.
../src/master.c:53:5: note: use not simple.
../src/master.c:53:5: note: not ssa-name.
../src/master.c:53:5: note: use not simple.
../src/master.c:53:5: note: loop vectorized
../src/master.c:53:5: note: not vectorized: not enough data-refs in basic block.
../src/master.c:53:5: note: not vectorized: not enough data-refs in basic block.
../src/master.c:53:5: note: not vectorized: not enough data-refs in basic block.
../src/master.c:54:14: note: not vectorized: no vectype for stmt: vect__4.15_44 = MEM[(const u32 *)vectp_a.13_42];
 scalar_type: const vector(4) long unsigned int
../src/master.c:54:14: note: not vectorized: no vectype for stmt: vect__6.18_47 = MEM[(const u32 *)vectp_b.16_45];
 scalar_type: const vector(4) long unsigned int
../src/master.c:54:14: note: not vectorized: no vectype for stmt: MEM[(u32 *)vectp_c.20_49] = vect__8.19_48;
 scalar_type: vector(4) long unsigned int
../src/master.c:54:14: note: not vectorized: no grouped stores in basic block.
../src/master.c:54:14: note: not vectorized: not enough data-refs in basic block.
../src/master.c:53:5: note: not consecutive access _4 = *_3;
../src/master.c:53:5: note: not consecutive access _6 = *_5;
../src/master.c:53:5: note: not consecutive access *_7 = _8;
../src/master.c:53:5: note: not vectorized: no grouped stores in basic block.
../src/master.c:53:5: note: not consecutive access _58 = *_57;
../src/master.c:53:5: note: not consecutive access _60 = *_59;
../src/master.c:53:5: note: not consecutive access *_61 = _62;
../src/master.c:53:5: note: not vectorized: no grouped stores in basic block.
../src/master.c:53:28: note: not consecutive access _25 = *_26;
../src/master.c:53:28: note: not consecutive access _23 = *_24;
../src/master.c:53:28: note: not consecutive access *_19 = _18;
../src/master.c:53:28: note: not vectorized: no grouped stores in basic block.
../src/master.c:56:1: note: not vectorized: not enough data-refs in basic block.
../src/master.c:183:5: note: not vectorized: empty loop.
../src/master.c:183:5: note: bad loop form.
../src/master.c:170:5: note: not vectorized: control flow in loop.
../src/master.c:170:5: note: bad loop form.
../src/master.c:143:11: note: not vectorized: number of iterations cannot be computed.
../src/master.c:143:11: note: bad loop form.
../src/master.c:137:5: note: not vectorized: base addr of dr is a constant
../src/master.c:137:5: note: bad data references.
../src/master.c:116:7: note: not vectorized: base addr of dr is a constant
../src/master.c:116:7: note: bad data references.
../src/master.c:53:5: note: not vectorized: base addr of dr is a constant
../src/master.c:53:5: note: bad data references.
../src/master.c:95:5: note: not vectorized: base addr of dr is a constant
../src/master.c:95:5: note: bad data references.
../src/master.c:89:11: note: not vectorized: number of iterations cannot be computed.
../src/master.c:89:11: note: bad loop form.
../src/master.c:68:5: note: not vectorized: not enough data-refs in basic block.
../src/master.c:69:5: note: not vectorized: not enough data-refs in basic block.
../src/master.c:70:2: note: not vectorized: not enough data-refs in basic block.
../src/master.c:71:5: note: not vectorized: not enough data-refs in basic block.
../src/master.c:72:8: note: not vectorized: not enough data-refs in basic block.
../src/master.c:82:19: note: not vectorized: base addr of dr is a constant
../src/master.c:82:19: note: not vectorized: not enough data-refs in basic block.
../src/master.c:89:11: note: not vectorized: base addr of dr is a constant
../src/master.c:89:11: note: not vectorized: not enough data-refs in basic block.
../src/master.c:95:5: note: not vectorized: base addr of dr is a constant
../src/master.c:95:5: note: not vectorized: not enough data-refs in basic block.
../src/master.c:104:5: note: not vectorized: not enough data-refs in basic block.
../src/master.c:106:13: note: not vectorized: base addr of dr is a constant
../src/master.c:106:13: note: not vectorized: not enough data-refs in basic block.
../src/master.c:53:5: note: not consecutive access *_77 = _78;
../src/master.c:53:5: note: not vectorized: no grouped stores in basic block.
../src/master.c:112:5: note: not vectorized: base addr of dr is a constant
../src/master.c:112:5: note: not vectorized: not enough data-refs in basic block.
../src/master.c:112:5: note: not vectorized: not enough data-refs in basic block.
../src/master.c:116:7: note: not vectorized: base addr of dr is a constant
../src/master.c:116:7: note: not vectorized: not enough data-refs in basic block.
../src/master.c:128:5: note: not vectorized: base addr of dr is a constant
../src/master.c:128:5: note: not vectorized: not enough data-refs in basic block.
../src/master.c:134:19: note: not vectorized: base addr of dr is a constant
../src/master.c:134:19: note: not vectorized: not enough data-refs in basic block.
../src/master.c:137:5: note: not vectorized: base addr of dr is a constant
../src/master.c:137:5: note: not vectorized: not enough data-refs in basic block.
../src/master.c:143:11: note: not vectorized: base addr of dr is a constant
../src/master.c:143:11: note: not vectorized: not enough data-refs in basic block.
../src/master.c:152:8: note: not vectorized: base addr of dr is a constant
../src/master.c:152:8: note: not vectorized: not enough data-refs in basic block.
../src/master.c:156:5: note: not vectorized: not enough data-refs in basic block.
../src/master.c:157:5: note: not vectorized: not enough data-refs in basic block.
../src/master.c:158:5: note: not vectorized: not enough data-refs in basic block.
../src/master.c:159:5: note: not vectorized: not enough data-refs in basic block.
../src/master.c:159:5: note: not vectorized: not enough data-refs in basic block.
../src/master.c:171:12: note: not vectorized: base addr of dr is a constant
../src/master.c:171:12: note: not vectorized: not enough data-refs in basic block.
../src/master.c:173:16: note: not vectorized: not enough data-refs in basic block.
../src/master.c:174:17: note: not vectorized: base addr of dr is a constant
../src/master.c:174:17: note: not vectorized: not enough data-refs in basic block.
../src/master.c:170:5: note: not vectorized: not enough data-refs in basic block.
../src/master.c:181:5: note: not vectorized: not enough data-refs in basic block.
../src/master.c:181:5: note: not vectorized: not enough data-refs in basic block.
'Finished building: ../src/master.c'
' '
'Building target: master.elf'
'Invoking: ARM v7 gcc linker'
arm-none-eabi-gcc -mcpu=cortex-a9 -mfpu=neon -mfloat-abi=hard -std=c99 -mvectorize-with-neon-quad -ftree-vectorize -Wl,-build-id=none -specs=Xilinx.spec -Wl,-T -Wl,../src/lscript.ld -L../../master_bsp/ps7_cortexa9_0/lib -o "master.elf"  ./src/master.o ./src/platform.o   -Wl,--start-group,-lxil,-lgcc,-lc,--end-group
'Finished building target: master.elf'
' '
'Invoking: ARM v7 Print Size'
arm-none-eabi-size master.elf  |tee "master.elf.size"
   text	   data	    bss	    dec	    hex	filename
  34376	   1544	  23680	  59600	   e8d0	master.elf
'Finished building: master.elf.size'
' '
12:02:23 **** Incremental Build of configuration Debug for project worker ****
make pre-build main-build 
a9-linaro-pre-build-step
' '
'Building file: ../src/worker.c'
'Invoking: ARM v7 gcc compiler'
arm-none-eabi-gcc -Wall -O3 -g3 -c -fmessage-length=0 -MT"src/worker.o" -mcpu=cortex-a9 -mfpu=neon -mfloat-abi=hard -std=c99 -mvectorize-with-neon-quad -ftree-vectorize -fopt-info-vec-optimized -fopt-info-vec-missed -ffast-math -I../../worker_bsp/ps7_cortexa9_1/include -MMD -MP -MF"src/worker.d" -MT"src/worker.o" -o "src/worker.o" "../src/worker.c"
../src/worker.c:93:5: note: not vectorized: empty loop.
../src/worker.c:93:5: note: bad loop form.
../src/worker.c:77:5: note: not vectorized: base addr of dr is a constant
../src/worker.c:77:5: note: bad data references.
../src/worker.c:65:11: note: not vectorized: number of iterations cannot be computed.
../src/worker.c:65:11: note: bad loop form.
../src/worker.c:50:5: note: not vectorized: not enough data-refs in basic block.
../src/worker.c:51:5: note: not vectorized: not enough data-refs in basic block.
../src/worker.c:56:5: note: not vectorized: base addr of dr is a constant
../src/worker.c:56:5: note: not vectorized: not enough data-refs in basic block.
../src/worker.c:56:5: note: not vectorized: not enough data-refs in basic block.
../src/worker.c:65:11: note: not vectorized: base addr of dr is a constant
../src/worker.c:65:11: note: not vectorized: not enough data-refs in basic block.
../src/worker.c:77:5: note: not vectorized: base addr of dr is a constant
../src/worker.c:77:5: note: not vectorized: not enough data-refs in basic block.
../src/worker.c:84:19: note: not vectorized: base addr of dr is a constant
../src/worker.c:84:19: note: not vectorized: not enough data-refs in basic block.
../src/worker.c:84:19: note: not vectorized: not enough data-refs in basic block.
'Finished building: ../src/worker.c'
' '
'Building target: worker.elf'
'Invoking: ARM v7 gcc linker'
arm-none-eabi-gcc -mcpu=cortex-a9 -mfpu=neon -mfloat-abi=hard -std=c99 -mvectorize-with-neon-quad -ftree-vectorize -Wl,-build-id=none -specs=Xilinx.spec -Wl,-T -Wl,../src/lscript.ld -L../../worker_bsp/ps7_cortexa9_1/lib -o "worker.elf"  ./src/platform.o ./src/worker.o   -Wl,--start-group,-lxil,-lgcc,-lc,--end-group
'Finished building target: worker.elf'
' '
'Invoking: ARM v7 Print Size'
arm-none-eabi-size worker.elf  |tee "worker.elf.size"
   text	   data	    bss	    dec	    hex	filename
  32456	   1544	  23256	  57256	   dfa8	worker.elf
'Finished building: worker.elf.size'
' '
12:02:37 **** Incremental Build of configuration Debug for project worker ****
make pre-build main-build 
a9-linaro-pre-build-step
' '
make: Nothing to be done for 'main-build'.
12:02:37 **** Incremental Build of configuration Debug for project master ****
make pre-build main-build 
a9-linaro-pre-build-step
' '
make: Nothing to be done for 'main-build'.
12:07:31 **** Incremental Build of configuration Debug for project master ****
make pre-build main-build 
a9-linaro-pre-build-step
' '
'Building file: ../src/master.c'
'Invoking: ARM v7 gcc compiler'
arm-none-eabi-gcc -Wall -O3 -g3 -c -fmessage-length=0 -MT"src/master.o" -mcpu=cortex-a9 -mfpu=neon -mfloat-abi=hard -std=c99 -mvectorize-with-neon-quad -ftree-vectorize -fopt-info-vec-optimized -fopt-info-vec-missed -ffast-math -I../../master_bsp/ps7_cortexa9_0/include -MMD -MP -MF"src/master.d" -MT"src/master.o" -o "src/master.o" "../src/master.c"
../src/master.c: In function 'main':
../src/master.c:101:24: error: 'GLOBAL_TMR_BASEADDR' undeclared (first use in this function); did you mean 'XPAR_GLOBAL_TMR_BASEADDR'?
     t_start = Xil_In32(GLOBAL_TMR_BASEADDR + GTIMER_COUNTER_LOWER_OFFSET);
                        ^~~~~~~~~~~~~~~~~~~
                        XPAR_GLOBAL_TMR_BASEADDR
../src/master.c:101:24: note: each undeclared identifier is reported only once for each function it appears in
../src/master.c:101:46: error: 'GTIMER_COUNTER_LOWER_OFFSET' undeclared (first use in this function)
     t_start = Xil_In32(GLOBAL_TMR_BASEADDR + GTIMER_COUNTER_LOWER_OFFSET);
                                              ^~~~~~~~~~~~~~~~~~~~~~~~~~~
In file included from ../src/master.c:33:
../src/shared.h:80:16: warning: passing argument 2 of 'vec_add_serial' discards 'volatile' qualifier from pointer target type [-Wdiscarded-qualifiers]
 #define SHARED ((volatile shared_mem_t *)SHARED_BASE)
../src/master.c:102:30: note: in expansion of macro 'SHARED'
     vec_add_serial(C_serial, SHARED->A, SHARED->B, ARRAY_SIZE);
                              ^~~~~~
../src/master.c:47:42: note: expected 'const u32 * restrict' {aka 'const long unsigned int * restrict'} but argument is of type 'volatile u32 *' {aka 'volatile long unsigned int *'}
                     const u32 * restrict a,
                     ~~~~~~~~~~~~~~~~~~~~~^
In file included from ../src/master.c:33:
../src/shared.h:80:16: warning: passing argument 3 of 'vec_add_serial' discards 'volatile' qualifier from pointer target type [-Wdiscarded-qualifiers]
 #define SHARED ((volatile shared_mem_t *)SHARED_BASE)
../src/master.c:102:41: note: in expansion of macro 'SHARED'
     vec_add_serial(C_serial, SHARED->A, SHARED->B, ARRAY_SIZE);
                                         ^~~~~~
../src/master.c:48:42: note: expected 'const u32 * restrict' {aka 'const long unsigned int * restrict'} but argument is of type 'volatile u32 *' {aka 'volatile long unsigned int *'}
                     const u32 * restrict b,
                     ~~~~~~~~~~~~~~~~~~~~~^
make: *** [src/subdir.mk:26: src/master.o] Error 1
12:07:31 **** Incremental Build of configuration Debug for project worker ****
make pre-build main-build 
a9-linaro-pre-build-step
' '
'Building file: ../src/worker.c'
'Invoking: ARM v7 gcc compiler'
arm-none-eabi-gcc -Wall -O3 -g3 -c -fmessage-length=0 -MT"src/worker.o" -mcpu=cortex-a9 -mfpu=neon -mfloat-abi=hard -std=c99 -mvectorize-with-neon-quad -ftree-vectorize -fopt-info-vec-optimized -fopt-info-vec-missed -ffast-math -I../../worker_bsp/ps7_cortexa9_1/include -MMD -MP -MF"src/worker.d" -MT"src/worker.o" -o "src/worker.o" "../src/worker.c"
../src/worker.c:93:5: note: not vectorized: empty loop.
../src/worker.c:93:5: note: bad loop form.
../src/worker.c:77:5: note: not vectorized: base addr of dr is a constant
../src/worker.c:77:5: note: bad data references.
../src/worker.c:65:11: note: not vectorized: number of iterations cannot be computed.
../src/worker.c:65:11: note: bad loop form.
../src/worker.c:52:5: note: not vectorized: not enough data-refs in basic block.
../src/worker.c:53:5: note: not vectorized: not enough data-refs in basic block.
../src/worker.c:56:5: note: not vectorized: base addr of dr is a constant
../src/worker.c:56:5: note: not vectorized: not enough data-refs in basic block.
../src/worker.c:56:5: note: not vectorized: not enough data-refs in basic block.
../src/worker.c:65:11: note: not vectorized: base addr of dr is a constant
../src/worker.c:65:11: note: not vectorized: not enough data-refs in basic block.
../src/worker.c:77:5: note: not vectorized: base addr of dr is a constant
../src/worker.c:77:5: note: not vectorized: not enough data-refs in basic block.
../src/worker.c:84:19: note: not vectorized: base addr of dr is a constant
../src/worker.c:84:19: note: not vectorized: not enough data-refs in basic block.
../src/worker.c:84:19: note: not vectorized: not enough data-refs in basic block.
'Finished building: ../src/worker.c'
' '
'Building target: worker.elf'
'Invoking: ARM v7 gcc linker'
arm-none-eabi-gcc -mcpu=cortex-a9 -mfpu=neon -mfloat-abi=hard -std=c99 -mvectorize-with-neon-quad -ftree-vectorize -Wl,-build-id=none -specs=Xilinx.spec -Wl,-T -Wl,../src/lscript.ld -L../../worker_bsp/ps7_cortexa9_1/lib -o "worker.elf"  ./src/platform.o ./src/worker.o   -Wl,--start-group,-lxil,-lgcc,-lc,--end-group
'Finished building target: worker.elf'
' '
'Invoking: ARM v7 Print Size'
arm-none-eabi-size worker.elf  |tee "worker.elf.size"
   text	   data	    bss	    dec	    hex	filename
  32456	   1544	  23256	  57256	   dfa8	worker.elf
'Finished building: worker.elf.size'
' '
12:07:55 **** Incremental Build of configuration Debug for project worker ****
make pre-build main-build 
a9-linaro-pre-build-step
' '
make: Nothing to be done for 'main-build'.
12:07:56 **** Incremental Build of configuration Debug for project master ****
make pre-build main-build 
a9-linaro-pre-build-step
' '
'Building file: ../src/master.c'
'Invoking: ARM v7 gcc compiler'
arm-none-eabi-gcc -Wall -O3 -g3 -c -fmessage-length=0 -MT"src/master.o" -mcpu=cortex-a9 -mfpu=neon -mfloat-abi=hard -std=c99 -mvectorize-with-neon-quad -ftree-vectorize -fopt-info-vec-optimized -fopt-info-vec-missed -ffast-math -I../../master_bsp/ps7_cortexa9_0/include -MMD -MP -MF"src/master.d" -MT"src/master.o" -o "src/master.o" "../src/master.c"
../src/master.c: In function 'main':
../src/master.c:101:24: error: 'GLOBAL_TMR_BASEADDR' undeclared (first use in this function); did you mean 'XPAR_GLOBAL_TMR_BASEADDR'?
     t_start = Xil_In32(GLOBAL_TMR_BASEADDR + GTIMER_COUNTER_LOWER_OFFSET);
                        ^~~~~~~~~~~~~~~~~~~
                        XPAR_GLOBAL_TMR_BASEADDR
../src/master.c:101:24: note: each undeclared identifier is reported only once for each function it appears in
../src/master.c:101:46: error: 'GTIMER_COUNTER_LOWER_OFFSET' undeclared (first use in this function)
     t_start = Xil_In32(GLOBAL_TMR_BASEADDR + GTIMER_COUNTER_LOWER_OFFSET);
                                              ^~~~~~~~~~~~~~~~~~~~~~~~~~~
In file included from ../src/master.c:33:
../src/shared.h:80:16: warning: passing argument 2 of 'vec_add_serial' discards 'volatile' qualifier from pointer target type [-Wdiscarded-qualifiers]
 #define SHARED ((volatile shared_mem_t *)SHARED_BASE)
../src/master.c:102:30: note: in expansion of macro 'SHARED'
     vec_add_serial(C_serial, SHARED->A, SHARED->B, ARRAY_SIZE);
                              ^~~~~~
../src/master.c:47:42: note: expected 'const u32 * restrict' {aka 'const long unsigned int * restrict'} but argument is of type 'volatile u32 *' {aka 'volatile long unsigned int *'}
                     const u32 * restrict a,
                     ~~~~~~~~~~~~~~~~~~~~~^
In file included from ../src/master.c:33:
../src/shared.h:80:16: warning: passing argument 3 of 'vec_add_serial' discards 'volatile' qualifier from pointer target type [-Wdiscarded-qualifiers]
 #define SHARED ((volatile shared_mem_t *)SHARED_BASE)
../src/master.c:102:41: note: in expansion of macro 'SHARED'
     vec_add_serial(C_serial, SHARED->A, SHARED->B, ARRAY_SIZE);
                                         ^~~~~~
../src/master.c:48:42: note: expected 'const u32 * restrict' {aka 'const long unsigned int * restrict'} but argument is of type 'volatile u32 *' {aka 'volatile long unsigned int *'}
                     const u32 * restrict b,
                     ~~~~~~~~~~~~~~~~~~~~~^
make: *** [src/subdir.mk:26: src/master.o] Error 1
12:15:10 **** Incremental Build of configuration Debug for project master ****
make pre-build main-build 
a9-linaro-pre-build-step
' '
'Building file: ../src/master.c'
'Invoking: ARM v7 gcc compiler'
arm-none-eabi-gcc -Wall -O3 -g3 -c -fmessage-length=0 -MT"src/master.o" -mcpu=cortex-a9 -mfpu=neon -mfloat-abi=hard -std=c99 -mvectorize-with-neon-quad -ftree-vectorize -fopt-info-vec-optimized -fopt-info-vec-missed -ffast-math -I../../master_bsp/ps7_cortexa9_0/include -MMD -MP -MF"src/master.d" -MT"src/master.o" -o "src/master.o" "../src/master.c"
In file included from ../src/master.c:33:
../../master_bsp/ps7_cortexa9_0/include/xtime_l.h:87:9: note: #pragma message: For the sleep routines, Global timer is being used
 #pragma message ("For the sleep routines, Global timer is being used")
         ^~~~~~~
In file included from ../src/master.c:34:
../src/master.c: In function 'main':
../src/shared.h:81:16: warning: passing argument 2 of 'vec_add_serial' discards 'volatile' qualifier from pointer target type [-Wdiscarded-qualifiers]
 #define SHARED ((volatile shared_mem_t *)SHARED_BASE)
../src/master.c:106:30: note: in expansion of macro 'SHARED'
     vec_add_serial(C_serial, SHARED->A, SHARED->B, ARRAY_SIZE);
                              ^~~~~~
../src/master.c:48:42: note: expected 'const u32 * restrict' {aka 'const long unsigned int * restrict'} but argument is of type 'volatile u32 *' {aka 'volatile long unsigned int *'}
                     const u32 * restrict a,
                     ~~~~~~~~~~~~~~~~~~~~~^
In file included from ../src/master.c:34:
../src/shared.h:81:16: warning: passing argument 3 of 'vec_add_serial' discards 'volatile' qualifier from pointer target type [-Wdiscarded-qualifiers]
 #define SHARED ((volatile shared_mem_t *)SHARED_BASE)
../src/master.c:106:41: note: in expansion of macro 'SHARED'
     vec_add_serial(C_serial, SHARED->A, SHARED->B, ARRAY_SIZE);
                                         ^~~~~~
../src/master.c:49:42: note: expected 'const u32 * restrict' {aka 'const long unsigned int * restrict'} but argument is of type 'volatile u32 *' {aka 'volatile long unsigned int *'}
                     const u32 * restrict b,
                     ~~~~~~~~~~~~~~~~~~~~~^
../src/master.c:52:5: note: Unknown misalignment, naturally aligned
../src/master.c:52:5: note: Unknown misalignment, naturally aligned
../src/master.c:52:5: note: Unknown misalignment, naturally aligned
../src/master.c:52:5: note: not ssa-name.
../src/master.c:52:5: note: use not simple.
../src/master.c:52:5: note: not ssa-name.
../src/master.c:52:5: note: use not simple.
../src/master.c:52:5: note: can't use a fully-masked loop because the target doesn't have the appropriate masked load or store.
../src/master.c:52:5: note: not ssa-name.
../src/master.c:52:5: note: use not simple.
../src/master.c:52:5: note: not ssa-name.
../src/master.c:52:5: note: use not simple.
../src/master.c:52:5: note: loop vectorized
../src/master.c:52:5: note: not vectorized: not enough data-refs in basic block.
../src/master.c:52:5: note: not vectorized: not enough data-refs in basic block.
../src/master.c:52:5: note: not vectorized: not enough data-refs in basic block.
../src/master.c:53:14: note: not vectorized: no vectype for stmt: vect__4.15_44 = MEM[(const u32 *)vectp_a.13_42];
 scalar_type: const vector(4) long unsigned int
../src/master.c:53:14: note: not vectorized: no vectype for stmt: vect__6.18_47 = MEM[(const u32 *)vectp_b.16_45];
 scalar_type: const vector(4) long unsigned int
../src/master.c:53:14: note: not vectorized: no vectype for stmt: MEM[(u32 *)vectp_c.20_49] = vect__8.19_48;
 scalar_type: vector(4) long unsigned int
../src/master.c:53:14: note: not vectorized: no grouped stores in basic block.
../src/master.c:53:14: note: not vectorized: not enough data-refs in basic block.
../src/master.c:52:5: note: not consecutive access _4 = *_3;
../src/master.c:52:5: note: not consecutive access _6 = *_5;
../src/master.c:52:5: note: not consecutive access *_7 = _8;
../src/master.c:52:5: note: not vectorized: no grouped stores in basic block.
../src/master.c:52:5: note: not consecutive access _58 = *_57;
../src/master.c:52:5: note: not consecutive access _60 = *_59;
../src/master.c:52:5: note: not consecutive access *_61 = _62;
../src/master.c:52:5: note: not vectorized: no grouped stores in basic block.
../src/master.c:52:28: note: not consecutive access _25 = *_26;
../src/master.c:52:28: note: not consecutive access _23 = *_24;
../src/master.c:52:28: note: not consecutive access *_19 = _18;
../src/master.c:52:28: note: not vectorized: no grouped stores in basic block.
../src/master.c:55:1: note: not vectorized: not enough data-refs in basic block.
../src/master.c:173:5: note: not vectorized: empty loop.
../src/master.c:173:5: note: bad loop form.
../src/master.c:166:5: note: not vectorized: base addr of dr is a constant
../src/master.c:166:5: note: bad data references.
../src/master.c:166:5: note: not vectorized: base addr of dr is a constant
../src/master.c:166:5: note: not vectorized: not enough data-refs in basic block.
../src/master.c:141:11: note: not vectorized: number of iterations cannot be computed.
../src/master.c:141:11: note: bad loop form.
../src/master.c:135:5: note: not vectorized: base addr of dr is a constant
../src/master.c:135:5: note: bad data references.
../src/master.c:115:7: note: not vectorized: base addr of dr is a constant
../src/master.c:115:7: note: bad data references.
../src/master.c:52:5: note: not vectorized: base addr of dr is a constant
../src/master.c:52:5: note: bad data references.
../src/master.c:94:5: note: not vectorized: base addr of dr is a constant
../src/master.c:94:5: note: bad data references.
../src/master.c:87:11: note: not vectorized: number of iterations cannot be computed.
../src/master.c:87:11: note: bad loop form.
../src/master.c:67:5: note: not vectorized: not enough data-refs in basic block.
../src/master.c:68:5: note: not vectorized: not enough data-refs in basic block.
../src/master.c:69:5: note: not vectorized: not enough data-refs in basic block.
../src/master.c:70:5: note: not vectorized: not enough data-refs in basic block.
../src/master.c:71:8: note: not vectorized: not enough data-refs in basic block.
../src/master.c:81:16: note: not vectorized: base addr of dr is a constant
../src/master.c:81:16: note: not vectorized: not enough data-refs in basic block.
../src/master.c:87:11: note: not vectorized: base addr of dr is a constant
../src/master.c:87:11: note: not vectorized: not enough data-refs in basic block.
../src/master.c:94:5: note: not vectorized: base addr of dr is a constant
../src/master.c:94:5: note: not vectorized: not enough data-refs in basic block.
../src/master.c:103:5: note: not vectorized: not enough data-refs in basic block.
../src/master.c:105:13: note: not vectorized: base addr of dr is a constant
../src/master.c:105:13: note: not vectorized: not enough data-refs in basic block.
../src/master.c:52:5: note: not consecutive access *_68 = _69;
../src/master.c:52:5: note: not vectorized: no grouped stores in basic block.
../src/master.c:111:5: note: not vectorized: base addr of dr is a constant
../src/master.c:111:5: note: not vectorized: not enough data-refs in basic block.
../src/master.c:111:5: note: not vectorized: not enough data-refs in basic block.
../src/master.c:115:7: note: not vectorized: base addr of dr is a constant
../src/master.c:115:7: note: not vectorized: not enough data-refs in basic block.
../src/master.c:124:5: note: not vectorized: not enough data-refs in basic block.
../src/master.c:132:19: note: not vectorized: base addr of dr is a constant
../src/master.c:132:19: note: not vectorized: not enough data-refs in basic block.
../src/master.c:135:5: note: not vectorized: base addr of dr is a constant
../src/master.c:135:5: note: not vectorized: not enough data-refs in basic block.
../src/master.c:141:11: note: not vectorized: base addr of dr is a constant
../src/master.c:141:11: note: not vectorized: not enough data-refs in basic block.
../src/master.c:150:8: note: not vectorized: base addr of dr is a constant
../src/master.c:150:8: note: not vectorized: not enough data-refs in basic block.
../src/master.c:154:5: note: not vectorized: not enough data-refs in basic block.
../src/master.c:155:5: note: not vectorized: not enough data-refs in basic block.
../src/master.c:156:5: note: not vectorized: not enough data-refs in basic block.
../src/master.c:157:5: note: not vectorized: not enough data-refs in basic block.
../src/master.c:157:5: note: not vectorized: not enough data-refs in basic block.
../src/master.c:167:12: note: not vectorized: base addr of dr is a constant
../src/master.c:167:12: note: not vectorized: not enough data-refs in basic block.
../src/master.c:168:19: note: not vectorized: not enough data-refs in basic block.
../src/master.c:166:5: note: not vectorized: not enough data-refs in basic block.
../src/master.c:171:5: note: not vectorized: not enough data-refs in basic block.
../src/master.c:171:5: note: not vectorized: not enough data-refs in basic block.
'Finished building: ../src/master.c'
' '
'Building target: master.elf'
'Invoking: ARM v7 gcc linker'
arm-none-eabi-gcc -mcpu=cortex-a9 -mfpu=neon -mfloat-abi=hard -std=c99 -mvectorize-with-neon-quad -ftree-vectorize -Wl,-build-id=none -specs=Xilinx.spec -Wl,-T -Wl,../src/lscript.ld -L../../master_bsp/ps7_cortexa9_0/lib -o "master.elf"  ./src/master.o ./src/platform.o   -Wl,--start-group,-lxil,-lgcc,-lc,--end-group
'Finished building target: master.elf'
' '
'Invoking: ARM v7 Print Size'
arm-none-eabi-size master.elf  |tee "master.elf.size"
   text	   data	    bss	    dec	    hex	filename
  33684	   1544	  23672	  58900	   e614	master.elf
'Finished building: master.elf.size'
' '
12:15:12 **** Incremental Build of configuration Debug for project worker ****
make pre-build main-build 
a9-linaro-pre-build-step
' '
'Building file: ../src/worker.c'
'Invoking: ARM v7 gcc compiler'
arm-none-eabi-gcc -Wall -O3 -g3 -c -fmessage-length=0 -MT"src/worker.o" -mcpu=cortex-a9 -mfpu=neon -mfloat-abi=hard -std=c99 -mvectorize-with-neon-quad -ftree-vectorize -fopt-info-vec-optimized -fopt-info-vec-missed -ffast-math -I../../worker_bsp/ps7_cortexa9_1/include -MMD -MP -MF"src/worker.d" -MT"src/worker.o" -o "src/worker.o" "../src/worker.c"
../src/worker.c:96:5: note: not vectorized: empty loop.
../src/worker.c:96:5: note: bad loop form.
../src/worker.c:80:5: note: not vectorized: base addr of dr is a constant
../src/worker.c:80:5: note: bad data references.
../src/worker.c:68:11: note: not vectorized: number of iterations cannot be computed.
../src/worker.c:68:11: note: bad loop form.
../src/worker.c:63:11: note: not vectorized: number of iterations cannot be computed.
../src/worker.c:63:11: note: bad loop form.
../src/worker.c:52:5: note: not vectorized: not enough data-refs in basic block.
../src/worker.c:53:5: note: not vectorized: not enough data-refs in basic block.
../src/worker.c:59:5: note: not vectorized: base addr of dr is a constant
../src/worker.c:59:5: note: not vectorized: not enough data-refs in basic block.
../src/worker.c:59:5: note: not vectorized: not enough data-refs in basic block.
../src/worker.c:63:11: note: not vectorized: base addr of dr is a constant
../src/worker.c:63:11: note: not vectorized: not enough data-refs in basic block.
../src/worker.c:68:11: note: not vectorized: base addr of dr is a constant
../src/worker.c:68:11: note: not vectorized: not enough data-refs in basic block.
../src/worker.c:80:5: note: not vectorized: base addr of dr is a constant
../src/worker.c:80:5: note: not vectorized: not enough data-refs in basic block.
../src/worker.c:87:19: note: not vectorized: base addr of dr is a constant
../src/worker.c:87:19: note: not vectorized: not enough data-refs in basic block.
../src/worker.c:87:19: note: not vectorized: not enough data-refs in basic block.
'Finished building: ../src/worker.c'
' '
'Building target: worker.elf'
'Invoking: ARM v7 gcc linker'
arm-none-eabi-gcc -mcpu=cortex-a9 -mfpu=neon -mfloat-abi=hard -std=c99 -mvectorize-with-neon-quad -ftree-vectorize -Wl,-build-id=none -specs=Xilinx.spec -Wl,-T -Wl,../src/lscript.ld -L../../worker_bsp/ps7_cortexa9_1/lib -o "worker.elf"  ./src/platform.o ./src/worker.o   -Wl,--start-group,-lxil,-lgcc,-lc,--end-group
'Finished building target: worker.elf'
' '
'Invoking: ARM v7 Print Size'
arm-none-eabi-size worker.elf  |tee "worker.elf.size"
   text	   data	    bss	    dec	    hex	filename
  32484	   1544	  23256	  57284	   dfc4	worker.elf
'Finished building: worker.elf.size'
' '
12:15:22 **** Incremental Build of configuration Debug for project worker ****
make pre-build main-build 
a9-linaro-pre-build-step
' '
make: Nothing to be done for 'main-build'.
12:15:23 **** Incremental Build of configuration Debug for project master ****
make pre-build main-build 
a9-linaro-pre-build-step
' '
make: Nothing to be done for 'main-build'.
12:16:25 **** Incremental Build of configuration Debug for project master ****
make pre-build main-build 
a9-linaro-pre-build-step
' '
'Building file: ../src/master.c'
'Invoking: ARM v7 gcc compiler'
arm-none-eabi-gcc -Wall -O3 -g3 -c -fmessage-length=0 -MT"src/master.o" -mcpu=cortex-a9 -mfpu=neon -mfloat-abi=hard -std=c99 -mvectorize-with-neon-quad -ftree-vectorize -fopt-info-vec-optimized -fopt-info-vec-missed -ffast-math -I../../master_bsp/ps7_cortexa9_0/include -MMD -MP -MF"src/master.d" -MT"src/master.o" -o "src/master.o" "../src/master.c"
In file included from ../src/master.c:33:
../../master_bsp/ps7_cortexa9_0/include/xtime_l.h:87:9: note: #pragma message: For the sleep routines, Global timer is being used
 #pragma message ("For the sleep routines, Global timer is being used")
         ^~~~~~~
In file included from ../src/master.c:34:
../src/master.c: In function 'main':
../src/shared.h:81:16: warning: passing argument 2 of 'vec_add_serial' discards 'volatile' qualifier from pointer target type [-Wdiscarded-qualifiers]
 #define SHARED ((volatile shared_mem_t *)SHARED_BASE)
../src/master.c:106:30: note: in expansion of macro 'SHARED'
     vec_add_serial(C_serial, SHARED->A, SHARED->B, ARRAY_SIZE);
                              ^~~~~~
../src/master.c:48:42: note: expected 'const u32 * restrict' {aka 'const long unsigned int * restrict'} but argument is of type 'volatile u32 *' {aka 'volatile long unsigned int *'}
                     const u32 * restrict a,
                     ~~~~~~~~~~~~~~~~~~~~~^
In file included from ../src/master.c:34:
../src/shared.h:81:16: warning: passing argument 3 of 'vec_add_serial' discards 'volatile' qualifier from pointer target type [-Wdiscarded-qualifiers]
 #define SHARED ((volatile shared_mem_t *)SHARED_BASE)
../src/master.c:106:41: note: in expansion of macro 'SHARED'
     vec_add_serial(C_serial, SHARED->A, SHARED->B, ARRAY_SIZE);
                                         ^~~~~~
../src/master.c:49:42: note: expected 'const u32 * restrict' {aka 'const long unsigned int * restrict'} but argument is of type 'volatile u32 *' {aka 'volatile long unsigned int *'}
                     const u32 * restrict b,
                     ~~~~~~~~~~~~~~~~~~~~~^
../src/master.c:52:5: note: Unknown misalignment, naturally aligned
../src/master.c:52:5: note: Unknown misalignment, naturally aligned
../src/master.c:52:5: note: Unknown misalignment, naturally aligned
../src/master.c:52:5: note: not ssa-name.
../src/master.c:52:5: note: use not simple.
../src/master.c:52:5: note: not ssa-name.
../src/master.c:52:5: note: use not simple.
../src/master.c:52:5: note: can't use a fully-masked loop because the target doesn't have the appropriate masked load or store.
../src/master.c:52:5: note: not ssa-name.
../src/master.c:52:5: note: use not simple.
../src/master.c:52:5: note: not ssa-name.
../src/master.c:52:5: note: use not simple.
../src/master.c:52:5: note: loop vectorized
../src/master.c:52:5: note: not vectorized: not enough data-refs in basic block.
../src/master.c:52:5: note: not vectorized: not enough data-refs in basic block.
../src/master.c:52:5: note: not vectorized: not enough data-refs in basic block.
../src/master.c:53:14: note: not vectorized: no vectype for stmt: vect__4.15_44 = MEM[(const u32 *)vectp_a.13_42];
 scalar_type: const vector(4) long unsigned int
../src/master.c:53:14: note: not vectorized: no vectype for stmt: vect__6.18_47 = MEM[(const u32 *)vectp_b.16_45];
 scalar_type: const vector(4) long unsigned int
../src/master.c:53:14: note: not vectorized: no vectype for stmt: MEM[(u32 *)vectp_c.20_49] = vect__8.19_48;
 scalar_type: vector(4) long unsigned int
../src/master.c:53:14: note: not vectorized: no grouped stores in basic block.
../src/master.c:53:14: note: not vectorized: not enough data-refs in basic block.
../src/master.c:52:5: note: not consecutive access _4 = *_3;
../src/master.c:52:5: note: not consecutive access _6 = *_5;
../src/master.c:52:5: note: not consecutive access *_7 = _8;
../src/master.c:52:5: note: not vectorized: no grouped stores in basic block.
../src/master.c:52:5: note: not consecutive access _58 = *_57;
../src/master.c:52:5: note: not consecutive access _60 = *_59;
../src/master.c:52:5: note: not consecutive access *_61 = _62;
../src/master.c:52:5: note: not vectorized: no grouped stores in basic block.
../src/master.c:52:28: note: not consecutive access _25 = *_26;
../src/master.c:52:28: note: not consecutive access _23 = *_24;
../src/master.c:52:28: note: not consecutive access *_19 = _18;
../src/master.c:52:28: note: not vectorized: no grouped stores in basic block.
../src/master.c:55:1: note: not vectorized: not enough data-refs in basic block.
../src/master.c:173:5: note: not vectorized: empty loop.
../src/master.c:173:5: note: bad loop form.
../src/master.c:166:5: note: not vectorized: base addr of dr is a constant
../src/master.c:166:5: note: bad data references.
../src/master.c:166:5: note: not vectorized: base addr of dr is a constant
../src/master.c:166:5: note: not vectorized: not enough data-refs in basic block.
../src/master.c:141:11: note: not vectorized: number of iterations cannot be computed.
../src/master.c:141:11: note: bad loop form.
../src/master.c:135:5: note: not vectorized: base addr of dr is a constant
../src/master.c:135:5: note: bad data references.
../src/master.c:115:7: note: not vectorized: base addr of dr is a constant
../src/master.c:115:7: note: bad data references.
../src/master.c:52:5: note: not vectorized: base addr of dr is a constant
../src/master.c:52:5: note: bad data references.
../src/master.c:94:5: note: not vectorized: base addr of dr is a constant
../src/master.c:94:5: note: bad data references.
../src/master.c:87:11: note: not vectorized: number of iterations cannot be computed.
../src/master.c:87:11: note: bad loop form.
../src/master.c:67:5: note: not vectorized: not enough data-refs in basic block.
../src/master.c:68:5: note: not vectorized: not enough data-refs in basic block.
../src/master.c:69:5: note: not vectorized: not enough data-refs in basic block.
../src/master.c:70:5: note: not vectorized: not enough data-refs in basic block.
../src/master.c:71:8: note: not vectorized: not enough data-refs in basic block.
../src/master.c:81:16: note: not vectorized: base addr of dr is a constant
../src/master.c:81:16: note: not vectorized: not enough data-refs in basic block.
../src/master.c:87:11: note: not vectorized: base addr of dr is a constant
../src/master.c:87:11: note: not vectorized: not enough data-refs in basic block.
../src/master.c:94:5: note: not vectorized: base addr of dr is a constant
../src/master.c:94:5: note: not vectorized: not enough data-refs in basic block.
../src/master.c:103:5: note: not vectorized: not enough data-refs in basic block.
../src/master.c:105:13: note: not vectorized: base addr of dr is a constant
../src/master.c:105:13: note: not vectorized: not enough data-refs in basic block.
../src/master.c:52:5: note: not consecutive access *_68 = _69;
../src/master.c:52:5: note: not vectorized: no grouped stores in basic block.
../src/master.c:111:5: note: not vectorized: base addr of dr is a constant
../src/master.c:111:5: note: not vectorized: not enough data-refs in basic block.
../src/master.c:111:5: note: not vectorized: not enough data-refs in basic block.
../src/master.c:115:7: note: not vectorized: base addr of dr is a constant
../src/master.c:115:7: note: not vectorized: not enough data-refs in basic block.
../src/master.c:124:5: note: not vectorized: not enough data-refs in basic block.
../src/master.c:132:19: note: not vectorized: base addr of dr is a constant
../src/master.c:132:19: note: not vectorized: not enough data-refs in basic block.
../src/master.c:135:5: note: not vectorized: base addr of dr is a constant
../src/master.c:135:5: note: not vectorized: not enough data-refs in basic block.
../src/master.c:141:11: note: not vectorized: base addr of dr is a constant
../src/master.c:141:11: note: not vectorized: not enough data-refs in basic block.
../src/master.c:150:8: note: not vectorized: base addr of dr is a constant
../src/master.c:150:8: note: not vectorized: not enough data-refs in basic block.
../src/master.c:154:5: note: not vectorized: not enough data-refs in basic block.
../src/master.c:155:5: note: not vectorized: not enough data-refs in basic block.
../src/master.c:156:5: note: not vectorized: not enough data-refs in basic block.
../src/master.c:157:5: note: not vectorized: not enough data-refs in basic block.
../src/master.c:157:5: note: not vectorized: not enough data-refs in basic block.
../src/master.c:167:12: note: not vectorized: base addr of dr is a constant
../src/master.c:167:12: note: not vectorized: not enough data-refs in basic block.
../src/master.c:168:19: note: not vectorized: not enough data-refs in basic block.
../src/master.c:166:5: note: not vectorized: not enough data-refs in basic block.
../src/master.c:171:5: note: not vectorized: not enough data-refs in basic block.
../src/master.c:171:5: note: not vectorized: not enough data-refs in basic block.
'Finished building: ../src/master.c'
' '
'Building target: master.elf'
'Invoking: ARM v7 gcc linker'
arm-none-eabi-gcc -mcpu=cortex-a9 -mfpu=neon -mfloat-abi=hard -std=c99 -mvectorize-with-neon-quad -ftree-vectorize -Wl,-build-id=none -specs=Xilinx.spec -Wl,-T -Wl,../src/lscript.ld -L../../master_bsp/ps7_cortexa9_0/lib -o "master.elf"  ./src/master.o ./src/platform.o   -Wl,--start-group,-lxil,-lgcc,-lc,--end-group
'Finished building target: master.elf'
' '
'Invoking: ARM v7 Print Size'
arm-none-eabi-size master.elf  |tee "master.elf.size"
   text	   data	    bss	    dec	    hex	filename
  33804	   1544	  27272	  62620	   f49c	master.elf
'Finished building: master.elf.size'
' '
12:16:27 **** Incremental Build of configuration Debug for project worker ****
make pre-build main-build 
a9-linaro-pre-build-step
' '
'Building file: ../src/worker.c'
'Invoking: ARM v7 gcc compiler'
arm-none-eabi-gcc -Wall -O3 -g3 -c -fmessage-length=0 -MT"src/worker.o" -mcpu=cortex-a9 -mfpu=neon -mfloat-abi=hard -std=c99 -mvectorize-with-neon-quad -ftree-vectorize -fopt-info-vec-optimized -fopt-info-vec-missed -ffast-math -I../../worker_bsp/ps7_cortexa9_1/include -MMD -MP -MF"src/worker.d" -MT"src/worker.o" -o "src/worker.o" "../src/worker.c"
../src/worker.c:96:5: note: not vectorized: empty loop.
../src/worker.c:96:5: note: bad loop form.
../src/worker.c:80:5: note: not vectorized: base addr of dr is a constant
../src/worker.c:80:5: note: bad data references.
../src/worker.c:68:11: note: not vectorized: number of iterations cannot be computed.
../src/worker.c:68:11: note: bad loop form.
../src/worker.c:63:11: note: not vectorized: number of iterations cannot be computed.
../src/worker.c:63:11: note: bad loop form.
../src/worker.c:52:5: note: not vectorized: not enough data-refs in basic block.
../src/worker.c:53:5: note: not vectorized: not enough data-refs in basic block.
../src/worker.c:59:5: note: not vectorized: base addr of dr is a constant
../src/worker.c:59:5: note: not vectorized: not enough data-refs in basic block.
../src/worker.c:59:5: note: not vectorized: not enough data-refs in basic block.
../src/worker.c:63:11: note: not vectorized: base addr of dr is a constant
../src/worker.c:63:11: note: not vectorized: not enough data-refs in basic block.
../src/worker.c:68:11: note: not vectorized: base addr of dr is a constant
../src/worker.c:68:11: note: not vectorized: not enough data-refs in basic block.
../src/worker.c:80:5: note: not vectorized: base addr of dr is a constant
../src/worker.c:80:5: note: not vectorized: not enough data-refs in basic block.
../src/worker.c:87:19: note: not vectorized: base addr of dr is a constant
../src/worker.c:87:19: note: not vectorized: not enough data-refs in basic block.
../src/worker.c:87:19: note: not vectorized: not enough data-refs in basic block.
'Finished building: ../src/worker.c'
' '
'Building target: worker.elf'
'Invoking: ARM v7 gcc linker'
arm-none-eabi-gcc -mcpu=cortex-a9 -mfpu=neon -mfloat-abi=hard -std=c99 -mvectorize-with-neon-quad -ftree-vectorize -Wl,-build-id=none -specs=Xilinx.spec -Wl,-T -Wl,../src/lscript.ld -L../../worker_bsp/ps7_cortexa9_1/lib -o "worker.elf"  ./src/platform.o ./src/worker.o   -Wl,--start-group,-lxil,-lgcc,-lc,--end-group
'Finished building target: worker.elf'
' '
'Invoking: ARM v7 Print Size'
arm-none-eabi-size worker.elf  |tee "worker.elf.size"
   text	   data	    bss	    dec	    hex	filename
  32488	   1544	  23256	  57288	   dfc8	worker.elf
'Finished building: worker.elf.size'
' '
12:16:39 **** Incremental Build of configuration Debug for project worker ****
make pre-build main-build 
a9-linaro-pre-build-step
' '
make: Nothing to be done for 'main-build'.
12:16:40 **** Incremental Build of configuration Debug for project master ****
make pre-build main-build 
a9-linaro-pre-build-step
' '
make: Nothing to be done for 'main-build'.
12:17:17 **** Incremental Build of configuration Debug for project master ****
make pre-build main-build 
a9-linaro-pre-build-step
' '
make: Nothing to be done for 'main-build'.
12:17:18 **** Incremental Build of configuration Debug for project worker ****
make pre-build main-build 
a9-linaro-pre-build-step
' '
'Building file: ../src/worker.c'
'Invoking: ARM v7 gcc compiler'
arm-none-eabi-gcc -Wall -O3 -g3 -c -fmessage-length=0 -MT"src/worker.o" -mcpu=cortex-a9 -mfpu=neon -mfloat-abi=hard -std=c99 -mvectorize-with-neon-quad -ftree-vectorize -fopt-info-vec-optimized -fopt-info-vec-missed -ffast-math -I../../worker_bsp/ps7_cortexa9_1/include -MMD -MP -MF"src/worker.d" -MT"src/worker.o" -o "src/worker.o" "../src/worker.c"
../src/worker.c:96:5: note: not vectorized: empty loop.
../src/worker.c:96:5: note: bad loop form.
../src/worker.c:80:5: note: not vectorized: base addr of dr is a constant
../src/worker.c:80:5: note: bad data references.
../src/worker.c:68:11: note: not vectorized: number of iterations cannot be computed.
../src/worker.c:68:11: note: bad loop form.
../src/worker.c:63:11: note: not vectorized: number of iterations cannot be computed.
../src/worker.c:63:11: note: bad loop form.
../src/worker.c:52:5: note: not vectorized: not enough data-refs in basic block.
../src/worker.c:53:5: note: not vectorized: not enough data-refs in basic block.
../src/worker.c:59:5: note: not vectorized: base addr of dr is a constant
../src/worker.c:59:5: note: not vectorized: not enough data-refs in basic block.
../src/worker.c:59:5: note: not vectorized: not enough data-refs in basic block.
../src/worker.c:63:11: note: not vectorized: base addr of dr is a constant
../src/worker.c:63:11: note: not vectorized: not enough data-refs in basic block.
../src/worker.c:68:11: note: not vectorized: base addr of dr is a constant
../src/worker.c:68:11: note: not vectorized: not enough data-refs in basic block.
../src/worker.c:80:5: note: not vectorized: base addr of dr is a constant
../src/worker.c:80:5: note: not vectorized: not enough data-refs in basic block.
../src/worker.c:87:19: note: not vectorized: base addr of dr is a constant
../src/worker.c:87:19: note: not vectorized: not enough data-refs in basic block.
../src/worker.c:87:19: note: not vectorized: not enough data-refs in basic block.
'Finished building: ../src/worker.c'
' '
'Building target: worker.elf'
'Invoking: ARM v7 gcc linker'
arm-none-eabi-gcc -mcpu=cortex-a9 -mfpu=neon -mfloat-abi=hard -std=c99 -mvectorize-with-neon-quad -ftree-vectorize -Wl,-build-id=none -specs=Xilinx.spec -Wl,-T -Wl,../src/lscript.ld -L../../worker_bsp/ps7_cortexa9_1/lib -o "worker.elf"  ./src/platform.o ./src/worker.o   -Wl,--start-group,-lxil,-lgcc,-lc,--end-group
'Finished building target: worker.elf'
' '
'Invoking: ARM v7 Print Size'
arm-none-eabi-size worker.elf  |tee "worker.elf.size"
   text	   data	    bss	    dec	    hex	filename
  32496	   1544	  23256	  57296	   dfd0	worker.elf
'Finished building: worker.elf.size'
' '
12:17:34 **** Incremental Build of configuration Debug for project worker ****
make pre-build main-build 
a9-linaro-pre-build-step
' '
make: Nothing to be done for 'main-build'.
12:17:35 **** Incremental Build of configuration Debug for project master ****
make pre-build main-build 
a9-linaro-pre-build-step
' '
'Building file: ../src/master.c'
'Invoking: ARM v7 gcc compiler'
arm-none-eabi-gcc -Wall -O3 -g3 -c -fmessage-length=0 -MT"src/master.o" -mcpu=cortex-a9 -mfpu=neon -mfloat-abi=hard -std=c99 -mvectorize-with-neon-quad -ftree-vectorize -fopt-info-vec-optimized -fopt-info-vec-missed -ffast-math -I../../master_bsp/ps7_cortexa9_0/include -MMD -MP -MF"src/master.d" -MT"src/master.o" -o "src/master.o" "../src/master.c"
In file included from ../src/master.c:33:
../../master_bsp/ps7_cortexa9_0/include/xtime_l.h:87:9: note: #pragma message: For the sleep routines, Global timer is being used
 #pragma message ("For the sleep routines, Global timer is being used")
         ^~~~~~~
In file included from ../src/master.c:34:
../src/master.c: In function 'main':
../src/shared.h:81:16: warning: passing argument 2 of 'vec_add_serial' discards 'volatile' qualifier from pointer target type [-Wdiscarded-qualifiers]
 #define SHARED ((volatile shared_mem_t *)SHARED_BASE)
../src/master.c:106:30: note: in expansion of macro 'SHARED'
     vec_add_serial(C_serial, SHARED->A, SHARED->B, ARRAY_SIZE);
                              ^~~~~~
../src/master.c:48:42: note: expected 'const u32 * restrict' {aka 'const long unsigned int * restrict'} but argument is of type 'volatile u32 *' {aka 'volatile long unsigned int *'}
                     const u32 * restrict a,
                     ~~~~~~~~~~~~~~~~~~~~~^
In file included from ../src/master.c:34:
../src/shared.h:81:16: warning: passing argument 3 of 'vec_add_serial' discards 'volatile' qualifier from pointer target type [-Wdiscarded-qualifiers]
 #define SHARED ((volatile shared_mem_t *)SHARED_BASE)
../src/master.c:106:41: note: in expansion of macro 'SHARED'
     vec_add_serial(C_serial, SHARED->A, SHARED->B, ARRAY_SIZE);
                                         ^~~~~~
../src/master.c:49:42: note: expected 'const u32 * restrict' {aka 'const long unsigned int * restrict'} but argument is of type 'volatile u32 *' {aka 'volatile long unsigned int *'}
                     const u32 * restrict b,
                     ~~~~~~~~~~~~~~~~~~~~~^
../src/master.c:52:5: note: Unknown misalignment, naturally aligned
../src/master.c:52:5: note: Unknown misalignment, naturally aligned
../src/master.c:52:5: note: Unknown misalignment, naturally aligned
../src/master.c:52:5: note: not ssa-name.
../src/master.c:52:5: note: use not simple.
../src/master.c:52:5: note: not ssa-name.
../src/master.c:52:5: note: use not simple.
../src/master.c:52:5: note: can't use a fully-masked loop because the target doesn't have the appropriate masked load or store.
../src/master.c:52:5: note: not ssa-name.
../src/master.c:52:5: note: use not simple.
../src/master.c:52:5: note: not ssa-name.
../src/master.c:52:5: note: use not simple.
../src/master.c:52:5: note: loop vectorized
../src/master.c:52:5: note: not vectorized: not enough data-refs in basic block.
../src/master.c:52:5: note: not vectorized: not enough data-refs in basic block.
../src/master.c:52:5: note: not vectorized: not enough data-refs in basic block.
../src/master.c:53:14: note: not vectorized: no vectype for stmt: vect__4.15_44 = MEM[(const u32 *)vectp_a.13_42];
 scalar_type: const vector(4) long unsigned int
../src/master.c:53:14: note: not vectorized: no vectype for stmt: vect__6.18_47 = MEM[(const u32 *)vectp_b.16_45];
 scalar_type: const vector(4) long unsigned int
../src/master.c:53:14: note: not vectorized: no vectype for stmt: MEM[(u32 *)vectp_c.20_49] = vect__8.19_48;
 scalar_type: vector(4) long unsigned int
../src/master.c:53:14: note: not vectorized: no grouped stores in basic block.
../src/master.c:53:14: note: not vectorized: not enough data-refs in basic block.
../src/master.c:52:5: note: not consecutive access _4 = *_3;
../src/master.c:52:5: note: not consecutive access _6 = *_5;
../src/master.c:52:5: note: not consecutive access *_7 = _8;
../src/master.c:52:5: note: not vectorized: no grouped stores in basic block.
../src/master.c:52:5: note: not consecutive access _58 = *_57;
../src/master.c:52:5: note: not consecutive access _60 = *_59;
../src/master.c:52:5: note: not consecutive access *_61 = _62;
../src/master.c:52:5: note: not vectorized: no grouped stores in basic block.
../src/master.c:52:28: note: not consecutive access _25 = *_26;
../src/master.c:52:28: note: not consecutive access _23 = *_24;
../src/master.c:52:28: note: not consecutive access *_19 = _18;
../src/master.c:52:28: note: not vectorized: no grouped stores in basic block.
../src/master.c:55:1: note: not vectorized: not enough data-refs in basic block.
../src/master.c:173:5: note: not vectorized: empty loop.
../src/master.c:173:5: note: bad loop form.
../src/master.c:166:5: note: not vectorized: base addr of dr is a constant
../src/master.c:166:5: note: bad data references.
../src/master.c:166:5: note: not vectorized: base addr of dr is a constant
../src/master.c:166:5: note: not vectorized: not enough data-refs in basic block.
../src/master.c:141:11: note: not vectorized: number of iterations cannot be computed.
../src/master.c:141:11: note: bad loop form.
../src/master.c:135:5: note: not vectorized: base addr of dr is a constant
../src/master.c:135:5: note: bad data references.
../src/master.c:115:7: note: not vectorized: base addr of dr is a constant
../src/master.c:115:7: note: bad data references.
../src/master.c:52:5: note: not vectorized: base addr of dr is a constant
../src/master.c:52:5: note: bad data references.
../src/master.c:94:5: note: not vectorized: base addr of dr is a constant
../src/master.c:94:5: note: bad data references.
../src/master.c:87:11: note: not vectorized: number of iterations cannot be computed.
../src/master.c:87:11: note: bad loop form.
../src/master.c:67:5: note: not vectorized: not enough data-refs in basic block.
../src/master.c:68:5: note: not vectorized: not enough data-refs in basic block.
../src/master.c:69:5: note: not vectorized: not enough data-refs in basic block.
../src/master.c:70:5: note: not vectorized: not enough data-refs in basic block.
../src/master.c:71:8: note: not vectorized: not enough data-refs in basic block.
../src/master.c:81:16: note: not vectorized: base addr of dr is a constant
../src/master.c:81:16: note: not vectorized: not enough data-refs in basic block.
../src/master.c:87:11: note: not vectorized: base addr of dr is a constant
../src/master.c:87:11: note: not vectorized: not enough data-refs in basic block.
../src/master.c:94:5: note: not vectorized: base addr of dr is a constant
../src/master.c:94:5: note: not vectorized: not enough data-refs in basic block.
../src/master.c:103:5: note: not vectorized: not enough data-refs in basic block.
../src/master.c:105:13: note: not vectorized: base addr of dr is a constant
../src/master.c:105:13: note: not vectorized: not enough data-refs in basic block.
../src/master.c:52:5: note: not consecutive access *_68 = _69;
../src/master.c:52:5: note: group is too large
../src/master.c:52:5: note: not vectorized: complicated access pattern.
../src/master.c:52:5: note: not consecutive access _67 = *_66;
../src/master.c:52:5: note: not vectorized: no grouped stores in basic block.
../src/master.c:111:5: note: not vectorized: base addr of dr is a constant
../src/master.c:111:5: note: not vectorized: not enough data-refs in basic block.
../src/master.c:111:5: note: not vectorized: not enough data-refs in basic block.
../src/master.c:115:7: note: not vectorized: base addr of dr is a constant
../src/master.c:115:7: note: not vectorized: not enough data-refs in basic block.
../src/master.c:124:5: note: not vectorized: not enough data-refs in basic block.
../src/master.c:132:19: note: not vectorized: base addr of dr is a constant
../src/master.c:132:19: note: not vectorized: not enough data-refs in basic block.
../src/master.c:135:5: note: not vectorized: base addr of dr is a constant
../src/master.c:135:5: note: not vectorized: not enough data-refs in basic block.
../src/master.c:141:11: note: not vectorized: base addr of dr is a constant
../src/master.c:141:11: note: not vectorized: not enough data-refs in basic block.
../src/master.c:150:8: note: not vectorized: base addr of dr is a constant
../src/master.c:150:8: note: not vectorized: not enough data-refs in basic block.
../src/master.c:154:5: note: not vectorized: not enough data-refs in basic block.
../src/master.c:155:5: note: not vectorized: not enough data-refs in basic block.
../src/master.c:156:5: note: not vectorized: not enough data-refs in basic block.
../src/master.c:157:5: note: not vectorized: not enough data-refs in basic block.
../src/master.c:157:5: note: not vectorized: not enough data-refs in basic block.
../src/master.c:167:12: note: not vectorized: base addr of dr is a constant
../src/master.c:167:12: note: not vectorized: not enough data-refs in basic block.
../src/master.c:168:19: note: not vectorized: not enough data-refs in basic block.
../src/master.c:166:5: note: not vectorized: not enough data-refs in basic block.
../src/master.c:171:5: note: not vectorized: not enough data-refs in basic block.
../src/master.c:171:5: note: not vectorized: not enough data-refs in basic block.
'Finished building: ../src/master.c'
' '
'Building target: master.elf'
'Invoking: ARM v7 gcc linker'
arm-none-eabi-gcc -mcpu=cortex-a9 -mfpu=neon -mfloat-abi=hard -std=c99 -mvectorize-with-neon-quad -ftree-vectorize -Wl,-build-id=none -specs=Xilinx.spec -Wl,-T -Wl,../src/lscript.ld -L../../master_bsp/ps7_cortexa9_0/lib -o "master.elf"  ./src/master.o ./src/platform.o   -Wl,--start-group,-lxil,-lgcc,-lc,--end-group
'Finished building target: master.elf'
' '
'Invoking: ARM v7 Print Size'
arm-none-eabi-size master.elf  |tee "master.elf.size"
   text	   data	    bss	    dec	    hex	filename
  33888	   1544	  63272	  98704	  18190	master.elf
'Finished building: master.elf.size'
' '
12:18:25 **** Incremental Build of configuration Debug for project master ****
make pre-build main-build 
a9-linaro-pre-build-step
' '
'Building file: ../src/master.c'
'Invoking: ARM v7 gcc compiler'
arm-none-eabi-gcc -Wall -O3 -g3 -c -fmessage-length=0 -MT"src/master.o" -mcpu=cortex-a9 -mfpu=neon -mfloat-abi=hard -std=c99 -mvectorize-with-neon-quad -ftree-vectorize -fopt-info-vec-optimized -fopt-info-vec-missed -ffast-math -I../../master_bsp/ps7_cortexa9_0/include -MMD -MP -MF"src/master.d" -MT"src/master.o" -o "src/master.o" "../src/master.c"
In file included from ../src/master.c:33:
../../master_bsp/ps7_cortexa9_0/include/xtime_l.h:87:9: note: #pragma message: For the sleep routines, Global timer is being used
 #pragma message ("For the sleep routines, Global timer is being used")
         ^~~~~~~
In file included from ../src/master.c:34:
../src/master.c: In function 'main':
../src/shared.h:81:16: warning: passing argument 2 of 'vec_add_serial' discards 'volatile' qualifier from pointer target type [-Wdiscarded-qualifiers]
 #define SHARED ((volatile shared_mem_t *)SHARED_BASE)
../src/master.c:106:30: note: in expansion of macro 'SHARED'
     vec_add_serial(C_serial, SHARED->A, SHARED->B, ARRAY_SIZE);
                              ^~~~~~
../src/master.c:48:42: note: expected 'const u32 * restrict' {aka 'const long unsigned int * restrict'} but argument is of type 'volatile u32 *' {aka 'volatile long unsigned int *'}
                     const u32 * restrict a,
                     ~~~~~~~~~~~~~~~~~~~~~^
In file included from ../src/master.c:34:
../src/shared.h:81:16: warning: passing argument 3 of 'vec_add_serial' discards 'volatile' qualifier from pointer target type [-Wdiscarded-qualifiers]
 #define SHARED ((volatile shared_mem_t *)SHARED_BASE)
../src/master.c:106:41: note: in expansion of macro 'SHARED'
     vec_add_serial(C_serial, SHARED->A, SHARED->B, ARRAY_SIZE);
                                         ^~~~~~
../src/master.c:49:42: note: expected 'const u32 * restrict' {aka 'const long unsigned int * restrict'} but argument is of type 'volatile u32 *' {aka 'volatile long unsigned int *'}
                     const u32 * restrict b,
                     ~~~~~~~~~~~~~~~~~~~~~^
../src/master.c:52:5: note: Unknown misalignment, naturally aligned
../src/master.c:52:5: note: Unknown misalignment, naturally aligned
../src/master.c:52:5: note: Unknown misalignment, naturally aligned
../src/master.c:52:5: note: not ssa-name.
../src/master.c:52:5: note: use not simple.
../src/master.c:52:5: note: not ssa-name.
../src/master.c:52:5: note: use not simple.
../src/master.c:52:5: note: can't use a fully-masked loop because the target doesn't have the appropriate masked load or store.
../src/master.c:52:5: note: not ssa-name.
../src/master.c:52:5: note: use not simple.
../src/master.c:52:5: note: not ssa-name.
../src/master.c:52:5: note: use not simple.
../src/master.c:52:5: note: loop vectorized
../src/master.c:52:5: note: not vectorized: not enough data-refs in basic block.
../src/master.c:52:5: note: not vectorized: not enough data-refs in basic block.
../src/master.c:52:5: note: not vectorized: not enough data-refs in basic block.
../src/master.c:53:14: note: not vectorized: no vectype for stmt: vect__4.15_44 = MEM[(const u32 *)vectp_a.13_42];
 scalar_type: const vector(4) long unsigned int
../src/master.c:53:14: note: not vectorized: no vectype for stmt: vect__6.18_47 = MEM[(const u32 *)vectp_b.16_45];
 scalar_type: const vector(4) long unsigned int
../src/master.c:53:14: note: not vectorized: no vectype for stmt: MEM[(u32 *)vectp_c.20_49] = vect__8.19_48;
 scalar_type: vector(4) long unsigned int
../src/master.c:53:14: note: not vectorized: no grouped stores in basic block.
../src/master.c:53:14: note: not vectorized: not enough data-refs in basic block.
../src/master.c:52:5: note: not consecutive access _4 = *_3;
../src/master.c:52:5: note: not consecutive access _6 = *_5;
../src/master.c:52:5: note: not consecutive access *_7 = _8;
../src/master.c:52:5: note: not vectorized: no grouped stores in basic block.
../src/master.c:52:5: note: not consecutive access _58 = *_57;
../src/master.c:52:5: note: not consecutive access _60 = *_59;
../src/master.c:52:5: note: not consecutive access *_61 = _62;
../src/master.c:52:5: note: not vectorized: no grouped stores in basic block.
../src/master.c:52:28: note: not consecutive access _25 = *_26;
../src/master.c:52:28: note: not consecutive access _23 = *_24;
../src/master.c:52:28: note: not consecutive access *_19 = _18;
../src/master.c:52:28: note: not vectorized: no grouped stores in basic block.
../src/master.c:55:1: note: not vectorized: not enough data-refs in basic block.
../src/master.c:173:5: note: not vectorized: empty loop.
../src/master.c:173:5: note: bad loop form.
../src/master.c:166:5: note: not vectorized: base addr of dr is a constant
../src/master.c:166:5: note: bad data references.
../src/master.c:166:5: note: not vectorized: base addr of dr is a constant
../src/master.c:166:5: note: not vectorized: not enough data-refs in basic block.
../src/master.c:141:11: note: not vectorized: number of iterations cannot be computed.
../src/master.c:141:11: note: bad loop form.
../src/master.c:135:5: note: not vectorized: base addr of dr is a constant
../src/master.c:135:5: note: bad data references.
../src/master.c:115:7: note: not vectorized: base addr of dr is a constant
../src/master.c:115:7: note: bad data references.
../src/master.c:52:5: note: not vectorized: base addr of dr is a constant
../src/master.c:52:5: note: bad data references.
../src/master.c:94:5: note: not vectorized: base addr of dr is a constant
../src/master.c:94:5: note: bad data references.
../src/master.c:87:11: note: not vectorized: number of iterations cannot be computed.
../src/master.c:87:11: note: bad loop form.
../src/master.c:67:5: note: not vectorized: not enough data-refs in basic block.
../src/master.c:68:5: note: not vectorized: not enough data-refs in basic block.
../src/master.c:69:5: note: not vectorized: not enough data-refs in basic block.
../src/master.c:70:5: note: not vectorized: not enough data-refs in basic block.
../src/master.c:71:8: note: not vectorized: not enough data-refs in basic block.
../src/master.c:81:16: note: not vectorized: base addr of dr is a constant
../src/master.c:81:16: note: not vectorized: not enough data-refs in basic block.
../src/master.c:87:11: note: not vectorized: base addr of dr is a constant
../src/master.c:87:11: note: not vectorized: not enough data-refs in basic block.
../src/master.c:103:5: note: not vectorized: base addr of dr is a constant
../src/master.c:103:5: note: not vectorized: not enough data-refs in basic block.
../src/master.c:111:5: note: not vectorized: base addr of dr is a constant
../src/master.c:111:5: note: not vectorized: not enough data-refs in basic block.
../src/master.c:124:5: note: not vectorized: base addr of dr is a constant
../src/master.c:124:5: note: not vectorized: not enough data-refs in basic block.
../src/master.c:135:37: note: not vectorized: base addr of dr is a constant
../src/master.c:135:37: note: not vectorized: not enough data-refs in basic block.
../src/master.c:141:11: note: not vectorized: base addr of dr is a constant
../src/master.c:141:11: note: not vectorized: not enough data-refs in basic block.
../src/master.c:150:8: note: not vectorized: base addr of dr is a constant
../src/master.c:150:8: note: not vectorized: not enough data-refs in basic block.
../src/master.c:154:5: note: not vectorized: not enough data-refs in basic block.
../src/master.c:155:5: note: not vectorized: not enough data-refs in basic block.
../src/master.c:156:5: note: not vectorized: not enough data-refs in basic block.
../src/master.c:157:5: note: not vectorized: not enough data-refs in basic block.
../src/master.c:167:12: note: not vectorized: base addr of dr is a constant
../src/master.c:167:12: note: not vectorized: not enough data-refs in basic block.
../src/master.c:168:19: note: not vectorized: not enough data-refs in basic block.
../src/master.c:167:12: note: not vectorized: base addr of dr is a constant
../src/master.c:167:12: note: not vectorized: not enough data-refs in basic block.
../src/master.c:168:19: note: not vectorized: not enough data-refs in basic block.
../src/master.c:167:12: note: not vectorized: base addr of dr is a constant
../src/master.c:167:12: note: not vectorized: not enough data-refs in basic block.
../src/master.c:168:19: note: not vectorized: not enough data-refs in basic block.
../src/master.c:167:12: note: not vectorized: base addr of dr is a constant
../src/master.c:167:12: note: not vectorized: not enough data-refs in basic block.
../src/master.c:168:19: note: not vectorized: not enough data-refs in basic block.
../src/master.c:167:12: note: not vectorized: base addr of dr is a constant
../src/master.c:167:12: note: not vectorized: not enough data-refs in basic block.
../src/master.c:168:19: note: not vectorized: not enough data-refs in basic block.
../src/master.c:167:12: note: not vectorized: base addr of dr is a constant
../src/master.c:167:12: note: not vectorized: not enough data-refs in basic block.
../src/master.c:168:19: note: not vectorized: not enough data-refs in basic block.
../src/master.c:167:12: note: not vectorized: base addr of dr is a constant
../src/master.c:167:12: note: not vectorized: not enough data-refs in basic block.
../src/master.c:168:19: note: not vectorized: not enough data-refs in basic block.
../src/master.c:167:12: note: not vectorized: base addr of dr is a constant
../src/master.c:167:12: note: not vectorized: not enough data-refs in basic block.
../src/master.c:168:19: note: not vectorized: not enough data-refs in basic block.
../src/master.c:167:12: note: not vectorized: base addr of dr is a constant
../src/master.c:167:12: note: not vectorized: not enough data-refs in basic block.
../src/master.c:168:19: note: not vectorized: not enough data-refs in basic block.
../src/master.c:167:12: note: not vectorized: base addr of dr is a constant
../src/master.c:167:12: note: not vectorized: not enough data-refs in basic block.
../src/master.c:168:19: note: not vectorized: not enough data-refs in basic block.
../src/master.c:171:5: note: not vectorized: not enough data-refs in basic block.
../src/master.c:171:5: note: not vectorized: not enough data-refs in basic block.
'Finished building: ../src/master.c'
' '
'Building target: master.elf'
'Invoking: ARM v7 gcc linker'
arm-none-eabi-gcc -mcpu=cortex-a9 -mfpu=neon -mfloat-abi=hard -std=c99 -mvectorize-with-neon-quad -ftree-vectorize -Wl,-build-id=none -specs=Xilinx.spec -Wl,-T -Wl,../src/lscript.ld -L../../master_bsp/ps7_cortexa9_0/lib -o "master.elf"  ./src/master.o ./src/platform.o   -Wl,--start-group,-lxil,-lgcc,-lc,--end-group
'Finished building target: master.elf'
' '
'Invoking: ARM v7 Print Size'
arm-none-eabi-size master.elf  |tee "master.elf.size"
   text	   data	    bss	    dec	    hex	filename
  33948	   1544	  23320	  58812	   e5bc	master.elf
'Finished building: master.elf.size'
' '
12:18:27 **** Incremental Build of configuration Debug for project worker ****
make pre-build main-build 
a9-linaro-pre-build-step
' '
make: Nothing to be done for 'main-build'.
12:18:57 **** Incremental Build of configuration Debug for project master ****
make pre-build main-build 
a9-linaro-pre-build-step
' '
make: Nothing to be done for 'main-build'.
12:18:57 **** Incremental Build of configuration Debug for project worker ****
make pre-build main-build 
a9-linaro-pre-build-step
' '
make: Nothing to be done for 'main-build'.
12:19:09 **** Incremental Build of configuration Debug for project worker ****
make pre-build main-build 
a9-linaro-pre-build-step
' '
'Building file: ../src/worker.c'
'Invoking: ARM v7 gcc compiler'
arm-none-eabi-gcc -Wall -O3 -g3 -c -fmessage-length=0 -MT"src/worker.o" -mcpu=cortex-a9 -mfpu=neon -mfloat-abi=hard -std=c99 -mvectorize-with-neon-quad -ftree-vectorize -fopt-info-vec-optimized -fopt-info-vec-missed -ffast-math -I../../worker_bsp/ps7_cortexa9_1/include -MMD -MP -MF"src/worker.d" -MT"src/worker.o" -o "src/worker.o" "../src/worker.c"
../src/worker.c:96:5: note: not vectorized: empty loop.
../src/worker.c:96:5: note: bad loop form.
../src/worker.c:80:5: note: not vectorized: base addr of dr is a constant
../src/worker.c:80:5: note: bad data references.
../src/worker.c:68:11: note: not vectorized: number of iterations cannot be computed.
../src/worker.c:68:11: note: bad loop form.
../src/worker.c:63:11: note: not vectorized: number of iterations cannot be computed.
../src/worker.c:63:11: note: bad loop form.
../src/worker.c:52:5: note: not vectorized: not enough data-refs in basic block.
../src/worker.c:53:5: note: not vectorized: not enough data-refs in basic block.
../src/worker.c:59:5: note: not vectorized: base addr of dr is a constant
../src/worker.c:59:5: note: not vectorized: not enough data-refs in basic block.
../src/worker.c:59:5: note: not vectorized: not enough data-refs in basic block.
../src/worker.c:63:11: note: not vectorized: base addr of dr is a constant
../src/worker.c:63:11: note: not vectorized: not enough data-refs in basic block.
../src/worker.c:68:11: note: not vectorized: base addr of dr is a constant
../src/worker.c:68:11: note: not vectorized: not enough data-refs in basic block.
../src/worker.c:87:19: note: not vectorized: base addr of dr is a constant
../src/worker.c:87:19: note: not vectorized: not enough data-refs in basic block.
../src/worker.c:87:19: note: not vectorized: not enough data-refs in basic block.
'Finished building: ../src/worker.c'
' '
'Building target: worker.elf'
'Invoking: ARM v7 gcc linker'
arm-none-eabi-gcc -mcpu=cortex-a9 -mfpu=neon -mfloat-abi=hard -std=c99 -mvectorize-with-neon-quad -ftree-vectorize -Wl,-build-id=none -specs=Xilinx.spec -Wl,-T -Wl,../src/lscript.ld -L../../worker_bsp/ps7_cortexa9_1/lib -o "worker.elf"  ./src/platform.o ./src/worker.o   -Wl,--start-group,-lxil,-lgcc,-lc,--end-group
'Finished building target: worker.elf'
' '
'Invoking: ARM v7 Print Size'
arm-none-eabi-size worker.elf  |tee "worker.elf.size"
   text	   data	    bss	    dec	    hex	filename
  32512	   1544	  23256	  57312	   dfe0	worker.elf
'Finished building: worker.elf.size'
' '
12:19:10 **** Incremental Build of configuration Debug for project master ****
make pre-build main-build 
a9-linaro-pre-build-step
' '
make: Nothing to be done for 'main-build'.
12:39:32 **** Incremental Build of configuration Debug for project master ****
make pre-build main-build 
a9-linaro-pre-build-step
' '
make: Nothing to be done for 'main-build'.
12:39:33 **** Incremental Build of configuration Debug for project worker ****
make pre-build main-build 
a9-linaro-pre-build-step
' '
'Building file: ../src/worker.c'
'Invoking: ARM v7 gcc compiler'
arm-none-eabi-gcc -Wall -O3 -g3 -c -fmessage-length=0 -MT"src/worker.o" -mcpu=cortex-a9 -mfpu=neon -mfloat-abi=hard -std=c99 -mvectorize-with-neon-quad -ftree-vectorize -fopt-info-vec-optimized -fopt-info-vec-missed -ffast-math -I../../worker_bsp/ps7_cortexa9_1/include -MMD -MP -MF"src/worker.d" -MT"src/worker.o" -o "src/worker.o" "../src/worker.c"
../src/worker.c:96:5: note: not vectorized: empty loop.
../src/worker.c:96:5: note: bad loop form.
../src/worker.c:80:5: note: not vectorized: base addr of dr is a constant
../src/worker.c:80:5: note: bad data references.
../src/worker.c:68:11: note: not vectorized: number of iterations cannot be computed.
../src/worker.c:68:11: note: bad loop form.
../src/worker.c:63:11: note: not vectorized: number of iterations cannot be computed.
../src/worker.c:63:11: note: bad loop form.
../src/worker.c:52:5: note: not vectorized: not enough data-refs in basic block.
../src/worker.c:53:5: note: not vectorized: not enough data-refs in basic block.
../src/worker.c:59:5: note: not vectorized: base addr of dr is a constant
../src/worker.c:59:5: note: not vectorized: not enough data-refs in basic block.
../src/worker.c:59:5: note: not vectorized: not enough data-refs in basic block.
../src/worker.c:63:11: note: not vectorized: base addr of dr is a constant
../src/worker.c:63:11: note: not vectorized: not enough data-refs in basic block.
../src/worker.c:68:11: note: not vectorized: base addr of dr is a constant
../src/worker.c:68:11: note: not vectorized: not enough data-refs in basic block.
../src/worker.c:80:5: note: not vectorized: base addr of dr is a constant
../src/worker.c:80:5: note: not vectorized: not enough data-refs in basic block.
../src/worker.c:87:19: note: not vectorized: base addr of dr is a constant
../src/worker.c:87:19: note: not vectorized: not enough data-refs in basic block.
../src/worker.c:87:19: note: not vectorized: not enough data-refs in basic block.
'Finished building: ../src/worker.c'
' '
'Building target: worker.elf'
'Invoking: ARM v7 gcc linker'
arm-none-eabi-gcc -mcpu=cortex-a9 -mfpu=neon -mfloat-abi=hard -std=c99 -mvectorize-with-neon-quad -ftree-vectorize -Wl,-build-id=none -specs=Xilinx.spec -Wl,-T -Wl,../src/lscript.ld -L../../worker_bsp/ps7_cortexa9_1/lib -o "worker.elf"  ./src/platform.o ./src/worker.o   -Wl,--start-group,-lxil,-lgcc,-lc,--end-group
'Finished building target: worker.elf'
' '
'Invoking: ARM v7 Print Size'
arm-none-eabi-size worker.elf  |tee "worker.elf.size"
   text	   data	    bss	    dec	    hex	filename
  32484	   1544	  23256	  57284	   dfc4	worker.elf
'Finished building: worker.elf.size'
' '
12:40:01 **** Incremental Build of configuration Debug for project worker ****
make pre-build main-build 
a9-linaro-pre-build-step
' '
'Building file: ../src/worker.c'
'Invoking: ARM v7 gcc compiler'
arm-none-eabi-gcc -Wall -O3 -g3 -c -fmessage-length=0 -MT"src/worker.o" -mcpu=cortex-a9 -mfpu=neon -mfloat-abi=hard -std=c99 -mvectorize-with-neon-quad -ftree-vectorize -fopt-info-vec-optimized -fopt-info-vec-missed -ffast-math -I../../worker_bsp/ps7_cortexa9_1/include -MMD -MP -MF"src/worker.d" -MT"src/worker.o" -o "src/worker.o" "../src/worker.c"
../src/worker.c:100:5: note: not vectorized: empty loop.
../src/worker.c:100:5: note: bad loop form.
../src/worker.c:84:5: note: not vectorized: base addr of dr is a constant
../src/worker.c:84:5: note: bad data references.
../src/worker.c:72:11: note: not vectorized: number of iterations cannot be computed.
../src/worker.c:72:11: note: bad loop form.
../src/worker.c:65:11: note: not vectorized: number of iterations cannot be computed.
../src/worker.c:65:11: note: bad loop form.
../src/worker.c:52:5: note: not vectorized: not enough data-refs in basic block.
../src/worker.c:53:5: note: not vectorized: not enough data-refs in basic block.
../src/worker.c:61:5: note: not vectorized: base addr of dr is a constant
../src/worker.c:61:5: note: not vectorized: not enough data-refs in basic block.
../src/worker.c:61:5: note: not vectorized: not enough data-refs in basic block.
../src/worker.c:65:11: note: not vectorized: base addr of dr is a constant
../src/worker.c:65:11: note: not vectorized: not enough data-refs in basic block.
../src/worker.c:68:20: note: not vectorized: base addr of dr is a constant
../src/worker.c:68:20: note: not vectorized: not enough data-refs in basic block.
../src/worker.c:72:11: note: not vectorized: base addr of dr is a constant
../src/worker.c:72:11: note: not vectorized: not enough data-refs in basic block.
../src/worker.c:84:5: note: not vectorized: base addr of dr is a constant
../src/worker.c:84:5: note: not vectorized: not enough data-refs in basic block.
../src/worker.c:91:19: note: not vectorized: base addr of dr is a constant
../src/worker.c:91:19: note: not vectorized: not enough data-refs in basic block.
../src/worker.c:91:19: note: not vectorized: not enough data-refs in basic block.
'Finished building: ../src/worker.c'
' '
'Building target: worker.elf'
'Invoking: ARM v7 gcc linker'
arm-none-eabi-gcc -mcpu=cortex-a9 -mfpu=neon -mfloat-abi=hard -std=c99 -mvectorize-with-neon-quad -ftree-vectorize -Wl,-build-id=none -specs=Xilinx.spec -Wl,-T -Wl,../src/lscript.ld -L../../worker_bsp/ps7_cortexa9_1/lib -o "worker.elf"  ./src/platform.o ./src/worker.o   -Wl,--start-group,-lxil,-lgcc,-lc,--end-group
'Finished building target: worker.elf'
' '
'Invoking: ARM v7 Print Size'
arm-none-eabi-size worker.elf  |tee "worker.elf.size"
   text	   data	    bss	    dec	    hex	filename
  32504	   1544	  23256	  57304	   dfd8	worker.elf
'Finished building: worker.elf.size'
' '
12:40:03 **** Incremental Build of configuration Debug for project master ****
make pre-build main-build 
a9-linaro-pre-build-step
' '
'Building file: ../src/master.c'
'Invoking: ARM v7 gcc compiler'
arm-none-eabi-gcc -Wall -O3 -g3 -c -fmessage-length=0 -MT"src/master.o" -mcpu=cortex-a9 -mfpu=neon -mfloat-abi=hard -std=c99 -mvectorize-with-neon-quad -ftree-vectorize -fopt-info-vec-optimized -fopt-info-vec-missed -ffast-math -I../../master_bsp/ps7_cortexa9_0/include -MMD -MP -MF"src/master.d" -MT"src/master.o" -o "src/master.o" "../src/master.c"
In file included from ../src/master.c:33:
../../master_bsp/ps7_cortexa9_0/include/xtime_l.h:87:9: note: #pragma message: For the sleep routines, Global timer is being used
 #pragma message ("For the sleep routines, Global timer is being used")
         ^~~~~~~
In file included from ../src/master.c:34:
../src/master.c: In function 'main':
../src/shared.h:82:16: warning: passing argument 2 of 'vec_add_serial' discards 'volatile' qualifier from pointer target type [-Wdiscarded-qualifiers]
 #define SHARED ((volatile shared_mem_t *)SHARED_BASE)
../src/master.c:109:30: note: in expansion of macro 'SHARED'
     vec_add_serial(C_serial, SHARED->A, SHARED->B, ARRAY_SIZE);
                              ^~~~~~
../src/master.c:48:42: note: expected 'const u32 * restrict' {aka 'const long unsigned int * restrict'} but argument is of type 'volatile u32 *' {aka 'volatile long unsigned int *'}
                     const u32 * restrict a,
                     ~~~~~~~~~~~~~~~~~~~~~^
In file included from ../src/master.c:34:
../src/shared.h:82:16: warning: passing argument 3 of 'vec_add_serial' discards 'volatile' qualifier from pointer target type [-Wdiscarded-qualifiers]
 #define SHARED ((volatile shared_mem_t *)SHARED_BASE)
../src/master.c:109:41: note: in expansion of macro 'SHARED'
     vec_add_serial(C_serial, SHARED->A, SHARED->B, ARRAY_SIZE);
                                         ^~~~~~
../src/master.c:49:42: note: expected 'const u32 * restrict' {aka 'const long unsigned int * restrict'} but argument is of type 'volatile u32 *' {aka 'volatile long unsigned int *'}
                     const u32 * restrict b,
                     ~~~~~~~~~~~~~~~~~~~~~^
../src/master.c:52:5: note: Unknown misalignment, naturally aligned
../src/master.c:52:5: note: Unknown misalignment, naturally aligned
../src/master.c:52:5: note: Unknown misalignment, naturally aligned
../src/master.c:52:5: note: not ssa-name.
../src/master.c:52:5: note: use not simple.
../src/master.c:52:5: note: not ssa-name.
../src/master.c:52:5: note: use not simple.
../src/master.c:52:5: note: can't use a fully-masked loop because the target doesn't have the appropriate masked load or store.
../src/master.c:52:5: note: not ssa-name.
../src/master.c:52:5: note: use not simple.
../src/master.c:52:5: note: not ssa-name.
../src/master.c:52:5: note: use not simple.
../src/master.c:52:5: note: loop vectorized
../src/master.c:52:5: note: not vectorized: not enough data-refs in basic block.
../src/master.c:52:5: note: not vectorized: not enough data-refs in basic block.
../src/master.c:52:5: note: not vectorized: not enough data-refs in basic block.
../src/master.c:53:14: note: not vectorized: no vectype for stmt: vect__4.15_44 = MEM[(const u32 *)vectp_a.13_42];
 scalar_type: const vector(4) long unsigned int
../src/master.c:53:14: note: not vectorized: no vectype for stmt: vect__6.18_47 = MEM[(const u32 *)vectp_b.16_45];
 scalar_type: const vector(4) long unsigned int
../src/master.c:53:14: note: not vectorized: no vectype for stmt: MEM[(u32 *)vectp_c.20_49] = vect__8.19_48;
 scalar_type: vector(4) long unsigned int
../src/master.c:53:14: note: not vectorized: no grouped stores in basic block.
../src/master.c:53:14: note: not vectorized: not enough data-refs in basic block.
../src/master.c:52:5: note: not consecutive access _4 = *_3;
../src/master.c:52:5: note: not consecutive access _6 = *_5;
../src/master.c:52:5: note: not consecutive access *_7 = _8;
../src/master.c:52:5: note: not vectorized: no grouped stores in basic block.
../src/master.c:52:5: note: not consecutive access _58 = *_57;
../src/master.c:52:5: note: not consecutive access _60 = *_59;
../src/master.c:52:5: note: not consecutive access *_61 = _62;
../src/master.c:52:5: note: not vectorized: no grouped stores in basic block.
../src/master.c:52:28: note: not consecutive access _25 = *_26;
../src/master.c:52:28: note: not consecutive access _23 = *_24;
../src/master.c:52:28: note: not consecutive access *_19 = _18;
../src/master.c:52:28: note: not vectorized: no grouped stores in basic block.
../src/master.c:55:1: note: not vectorized: not enough data-refs in basic block.
../src/master.c:180:5: note: not vectorized: empty loop.
../src/master.c:180:5: note: bad loop form.
../src/master.c:173:5: note: not vectorized: base addr of dr is a constant
../src/master.c:173:5: note: bad data references.
../src/master.c:173:5: note: not vectorized: base addr of dr is a constant
../src/master.c:173:5: note: not vectorized: not enough data-refs in basic block.
../src/master.c:148:11: note: not vectorized: number of iterations cannot be computed.
../src/master.c:148:11: note: bad loop form.
../src/master.c:140:5: note: not vectorized: base addr of dr is a constant
../src/master.c:140:5: note: bad data references.
../src/master.c:130:11: note: not vectorized: number of iterations cannot be computed.
../src/master.c:130:11: note: bad loop form.
../src/master.c:118:7: note: not vectorized: base addr of dr is a constant
../src/master.c:118:7: note: bad data references.
../src/master.c:52:5: note: not vectorized: base addr of dr is a constant
../src/master.c:52:5: note: bad data references.
../src/master.c:97:5: note: not vectorized: base addr of dr is a constant
../src/master.c:97:5: note: bad data references.
../src/master.c:80:11: note: not vectorized: number of iterations cannot be computed.
../src/master.c:80:11: note: bad loop form.
../src/master.c:67:5: note: not vectorized: not enough data-refs in basic block.
../src/master.c:68:5: note: not vectorized: not enough data-refs in basic block.
../src/master.c:69:5: note: not vectorized: not enough data-refs in basic block.
../src/master.c:70:5: note: not vectorized: not enough data-refs in basic block.
../src/master.c:71:8: note: not vectorized: not enough data-refs in basic block.
../src/master.c:71:8: note: not vectorized: not enough data-refs in basic block.
../src/master.c:80:11: note: not vectorized: base addr of dr is a constant
../src/master.c:80:11: note: not vectorized: not enough data-refs in basic block.
../src/master.c:91:20: note: not vectorized: base addr of dr is a constant
../src/master.c:91:20: note: not vectorized: not enough data-refs in basic block.
../src/master.c:97:5: note: not vectorized: base addr of dr is a constant
../src/master.c:97:5: note: not vectorized: not enough data-refs in basic block.
../src/master.c:106:5: note: not vectorized: not enough data-refs in basic block.
../src/master.c:108:13: note: not vectorized: base addr of dr is a constant
../src/master.c:108:13: note: not vectorized: not enough data-refs in basic block.
../src/master.c:52:5: note: not consecutive access *_72 = _73;
../src/master.c:52:5: note: not vectorized: no grouped stores in basic block.
../src/master.c:114:5: note: not vectorized: base addr of dr is a constant
../src/master.c:114:5: note: not vectorized: not enough data-refs in basic block.
../src/master.c:114:5: note: not vectorized: not enough data-refs in basic block.
../src/master.c:118:7: note: not vectorized: base addr of dr is a constant
../src/master.c:118:7: note: not vectorized: not enough data-refs in basic block.
../src/master.c:127:5: note: not vectorized: not enough data-refs in basic block.
../src/master.c:127:5: note: not vectorized: not enough data-refs in basic block.
../src/master.c:130:11: note: not vectorized: base addr of dr is a constant
../src/master.c:130:11: note: not vectorized: not enough data-refs in basic block.
../src/master.c:137:19: note: not vectorized: base addr of dr is a constant
../src/master.c:137:19: note: not vectorized: not enough data-refs in basic block.
../src/master.c:140:5: note: not vectorized: base addr of dr is a constant
../src/master.c:140:5: note: not vectorized: not enough data-refs in basic block.
../src/master.c:144:19: note: not vectorized: base addr of dr is a constant
../src/master.c:144:19: note: not vectorized: not enough data-refs in basic block.
../src/master.c:148:11: note: not vectorized: base addr of dr is a constant
../src/master.c:148:11: note: not vectorized: not enough data-refs in basic block.
../src/master.c:157:8: note: not vectorized: base addr of dr is a constant
../src/master.c:157:8: note: not vectorized: not enough data-refs in basic block.
../src/master.c:161:5: note: not vectorized: not enough data-refs in basic block.
../src/master.c:162:5: note: not vectorized: not enough data-refs in basic block.
../src/master.c:163:5: note: not vectorized: not enough data-refs in basic block.
../src/master.c:164:5: note: not vectorized: not enough data-refs in basic block.
../src/master.c:164:5: note: not vectorized: not enough data-refs in basic block.
../src/master.c:174:12: note: not vectorized: base addr of dr is a constant
../src/master.c:174:12: note: not vectorized: not enough data-refs in basic block.
../src/master.c:175:19: note: not vectorized: not enough data-refs in basic block.
../src/master.c:173:5: note: not vectorized: not enough data-refs in basic block.
../src/master.c:178:5: note: not vectorized: not enough data-refs in basic block.
../src/master.c:178:5: note: not vectorized: not enough data-refs in basic block.
'Finished building: ../src/master.c'
' '
'Building target: master.elf'
'Invoking: ARM v7 gcc linker'
arm-none-eabi-gcc -mcpu=cortex-a9 -mfpu=neon -mfloat-abi=hard -std=c99 -mvectorize-with-neon-quad -ftree-vectorize -Wl,-build-id=none -specs=Xilinx.spec -Wl,-T -Wl,../src/lscript.ld -L../../master_bsp/ps7_cortexa9_0/lib -o "master.elf"  ./src/master.o ./src/platform.o   -Wl,--start-group,-lxil,-lgcc,-lc,--end-group
'Finished building target: master.elf'
' '
'Invoking: ARM v7 Print Size'
arm-none-eabi-size master.elf  |tee "master.elf.size"
   text	   data	    bss	    dec	    hex	filename
  33724	   1544	  23672	  58940	   e63c	master.elf
'Finished building: master.elf.size'
' '
12:40:50 **** Incremental Build of configuration Debug for project master ****
make pre-build main-build 
a9-linaro-pre-build-step
' '
'Building file: ../src/master.c'
'Invoking: ARM v7 gcc compiler'
arm-none-eabi-gcc -Wall -O3 -g3 -c -fmessage-length=0 -MT"src/master.o" -mcpu=cortex-a9 -mfpu=neon -mfloat-abi=hard -std=c99 -mvectorize-with-neon-quad -ftree-vectorize -fopt-info-vec-optimized -fopt-info-vec-missed -ffast-math -I../../master_bsp/ps7_cortexa9_0/include -MMD -MP -MF"src/master.d" -MT"src/master.o" -o "src/master.o" "../src/master.c"
In file included from ../src/master.c:33:
../../master_bsp/ps7_cortexa9_0/include/xtime_l.h:87:9: note: #pragma message: For the sleep routines, Global timer is being used
 #pragma message ("For the sleep routines, Global timer is being used")
         ^~~~~~~
In file included from ../src/master.c:34:
../src/master.c: In function 'main':
../src/shared.h:82:16: warning: passing argument 2 of 'vec_add_serial' discards 'volatile' qualifier from pointer target type [-Wdiscarded-qualifiers]
 #define SHARED ((volatile shared_mem_t *)SHARED_BASE)
../src/master.c:109:30: note: in expansion of macro 'SHARED'
     vec_add_serial(C_serial, SHARED->A, SHARED->B, ARRAY_SIZE);
                              ^~~~~~
../src/master.c:48:42: note: expected 'const u32 * restrict' {aka 'const long unsigned int * restrict'} but argument is of type 'volatile u32 *' {aka 'volatile long unsigned int *'}
                     const u32 * restrict a,
                     ~~~~~~~~~~~~~~~~~~~~~^
In file included from ../src/master.c:34:
../src/shared.h:82:16: warning: passing argument 3 of 'vec_add_serial' discards 'volatile' qualifier from pointer target type [-Wdiscarded-qualifiers]
 #define SHARED ((volatile shared_mem_t *)SHARED_BASE)
../src/master.c:109:41: note: in expansion of macro 'SHARED'
     vec_add_serial(C_serial, SHARED->A, SHARED->B, ARRAY_SIZE);
                                         ^~~~~~
../src/master.c:49:42: note: expected 'const u32 * restrict' {aka 'const long unsigned int * restrict'} but argument is of type 'volatile u32 *' {aka 'volatile long unsigned int *'}
                     const u32 * restrict b,
                     ~~~~~~~~~~~~~~~~~~~~~^
../src/master.c:52:5: note: Unknown misalignment, naturally aligned
../src/master.c:52:5: note: Unknown misalignment, naturally aligned
../src/master.c:52:5: note: Unknown misalignment, naturally aligned
../src/master.c:52:5: note: not ssa-name.
../src/master.c:52:5: note: use not simple.
../src/master.c:52:5: note: not ssa-name.
../src/master.c:52:5: note: use not simple.
../src/master.c:52:5: note: can't use a fully-masked loop because the target doesn't have the appropriate masked load or store.
../src/master.c:52:5: note: not ssa-name.
../src/master.c:52:5: note: use not simple.
../src/master.c:52:5: note: not ssa-name.
../src/master.c:52:5: note: use not simple.
../src/master.c:52:5: note: loop vectorized
../src/master.c:52:5: note: not vectorized: not enough data-refs in basic block.
../src/master.c:52:5: note: not vectorized: not enough data-refs in basic block.
../src/master.c:52:5: note: not vectorized: not enough data-refs in basic block.
../src/master.c:53:14: note: not vectorized: no vectype for stmt: vect__4.15_44 = MEM[(const u32 *)vectp_a.13_42];
 scalar_type: const vector(4) long unsigned int
../src/master.c:53:14: note: not vectorized: no vectype for stmt: vect__6.18_47 = MEM[(const u32 *)vectp_b.16_45];
 scalar_type: const vector(4) long unsigned int
../src/master.c:53:14: note: not vectorized: no vectype for stmt: MEM[(u32 *)vectp_c.20_49] = vect__8.19_48;
 scalar_type: vector(4) long unsigned int
../src/master.c:53:14: note: not vectorized: no grouped stores in basic block.
../src/master.c:53:14: note: not vectorized: not enough data-refs in basic block.
../src/master.c:52:5: note: not consecutive access _4 = *_3;
../src/master.c:52:5: note: not consecutive access _6 = *_5;
../src/master.c:52:5: note: not consecutive access *_7 = _8;
../src/master.c:52:5: note: not vectorized: no grouped stores in basic block.
../src/master.c:52:5: note: not consecutive access _58 = *_57;
../src/master.c:52:5: note: not consecutive access _60 = *_59;
../src/master.c:52:5: note: not consecutive access *_61 = _62;
../src/master.c:52:5: note: not vectorized: no grouped stores in basic block.
../src/master.c:52:28: note: not consecutive access _25 = *_26;
../src/master.c:52:28: note: not consecutive access _23 = *_24;
../src/master.c:52:28: note: not consecutive access *_19 = _18;
../src/master.c:52:28: note: not vectorized: no grouped stores in basic block.
../src/master.c:55:1: note: not vectorized: not enough data-refs in basic block.
../src/master.c:180:5: note: not vectorized: empty loop.
../src/master.c:180:5: note: bad loop form.
../src/master.c:173:5: note: not vectorized: base addr of dr is a constant
../src/master.c:173:5: note: bad data references.
../src/master.c:173:5: note: not vectorized: base addr of dr is a constant
../src/master.c:173:5: note: not vectorized: not enough data-refs in basic block.
../src/master.c:148:11: note: not vectorized: number of iterations cannot be computed.
../src/master.c:148:11: note: bad loop form.
../src/master.c:140:5: note: not vectorized: base addr of dr is a constant
../src/master.c:140:5: note: bad data references.
../src/master.c:130:11: note: not vectorized: number of iterations cannot be computed.
../src/master.c:130:11: note: bad loop form.
../src/master.c:118:7: note: not vectorized: base addr of dr is a constant
../src/master.c:118:7: note: bad data references.
../src/master.c:52:5: note: not vectorized: base addr of dr is a constant
../src/master.c:52:5: note: bad data references.
../src/master.c:97:5: note: not vectorized: base addr of dr is a constant
../src/master.c:97:5: note: bad data references.
../src/master.c:80:11: note: not vectorized: number of iterations cannot be computed.
../src/master.c:80:11: note: bad loop form.
../src/master.c:67:5: note: not vectorized: not enough data-refs in basic block.
../src/master.c:68:5: note: not vectorized: not enough data-refs in basic block.
../src/master.c:69:5: note: not vectorized: not enough data-refs in basic block.
../src/master.c:70:5: note: not vectorized: not enough data-refs in basic block.
../src/master.c:71:8: note: not vectorized: not enough data-refs in basic block.
../src/master.c:71:8: note: not vectorized: not enough data-refs in basic block.
../src/master.c:80:11: note: not vectorized: base addr of dr is a constant
../src/master.c:80:11: note: not vectorized: not enough data-refs in basic block.
../src/master.c:91:20: note: not vectorized: base addr of dr is a constant
../src/master.c:91:20: note: not vectorized: not enough data-refs in basic block.
../src/master.c:97:5: note: not vectorized: base addr of dr is a constant
../src/master.c:97:5: note: not vectorized: not enough data-refs in basic block.
../src/master.c:106:5: note: not vectorized: not enough data-refs in basic block.
../src/master.c:108:13: note: not vectorized: base addr of dr is a constant
../src/master.c:108:13: note: not vectorized: not enough data-refs in basic block.
../src/master.c:52:5: note: not consecutive access *_72 = _73;
../src/master.c:52:5: note: not vectorized: no grouped stores in basic block.
../src/master.c:114:5: note: not vectorized: base addr of dr is a constant
../src/master.c:114:5: note: not vectorized: not enough data-refs in basic block.
../src/master.c:114:5: note: not vectorized: not enough data-refs in basic block.
../src/master.c:118:7: note: not vectorized: base addr of dr is a constant
../src/master.c:118:7: note: not vectorized: not enough data-refs in basic block.
../src/master.c:127:5: note: not vectorized: not enough data-refs in basic block.
../src/master.c:127:5: note: not vectorized: not enough data-refs in basic block.
../src/master.c:130:11: note: not vectorized: base addr of dr is a constant
../src/master.c:130:11: note: not vectorized: not enough data-refs in basic block.
../src/master.c:137:19: note: not vectorized: base addr of dr is a constant
../src/master.c:137:19: note: not vectorized: not enough data-refs in basic block.
../src/master.c:140:5: note: not vectorized: base addr of dr is a constant
../src/master.c:140:5: note: not vectorized: not enough data-refs in basic block.
../src/master.c:144:19: note: not vectorized: base addr of dr is a constant
../src/master.c:144:19: note: not vectorized: not enough data-refs in basic block.
../src/master.c:148:11: note: not vectorized: base addr of dr is a constant
../src/master.c:148:11: note: not vectorized: not enough data-refs in basic block.
../src/master.c:157:8: note: not vectorized: base addr of dr is a constant
../src/master.c:157:8: note: not vectorized: not enough data-refs in basic block.
../src/master.c:161:5: note: not vectorized: not enough data-refs in basic block.
../src/master.c:162:5: note: not vectorized: not enough data-refs in basic block.
../src/master.c:163:5: note: not vectorized: not enough data-refs in basic block.
../src/master.c:164:5: note: not vectorized: not enough data-refs in basic block.
../src/master.c:164:5: note: not vectorized: not enough data-refs in basic block.
../src/master.c:174:12: note: not vectorized: base addr of dr is a constant
../src/master.c:174:12: note: not vectorized: not enough data-refs in basic block.
../src/master.c:175:19: note: not vectorized: not enough data-refs in basic block.
../src/master.c:173:5: note: not vectorized: not enough data-refs in basic block.
../src/master.c:178:5: note: not vectorized: not enough data-refs in basic block.
../src/master.c:178:5: note: not vectorized: not enough data-refs in basic block.
'Finished building: ../src/master.c'
' '
'Building target: master.elf'
'Invoking: ARM v7 gcc linker'
arm-none-eabi-gcc -mcpu=cortex-a9 -mfpu=neon -mfloat-abi=hard -std=c99 -mvectorize-with-neon-quad -ftree-vectorize -Wl,-build-id=none -specs=Xilinx.spec -Wl,-T -Wl,../src/lscript.ld -L../../master_bsp/ps7_cortexa9_0/lib -o "master.elf"  ./src/master.o ./src/platform.o   -Wl,--start-group,-lxil,-lgcc,-lc,--end-group
'Finished building target: master.elf'
' '
'Invoking: ARM v7 Print Size'
arm-none-eabi-size master.elf  |tee "master.elf.size"
   text	   data	    bss	    dec	    hex	filename
  33836	   1544	  27272	  62652	   f4bc	master.elf
'Finished building: master.elf.size'
' '
12:40:51 **** Incremental Build of configuration Debug for project worker ****
make pre-build main-build 
a9-linaro-pre-build-step
' '
make: Nothing to be done for 'main-build'.
12:40:59 **** Incremental Build of configuration Debug for project worker ****
make pre-build main-build 
a9-linaro-pre-build-step
' '
'Building file: ../src/worker.c'
'Invoking: ARM v7 gcc compiler'
arm-none-eabi-gcc -Wall -O3 -g3 -c -fmessage-length=0 -MT"src/worker.o" -mcpu=cortex-a9 -mfpu=neon -mfloat-abi=hard -std=c99 -mvectorize-with-neon-quad -ftree-vectorize -fopt-info-vec-optimized -fopt-info-vec-missed -ffast-math -I../../worker_bsp/ps7_cortexa9_1/include -MMD -MP -MF"src/worker.d" -MT"src/worker.o" -o "src/worker.o" "../src/worker.c"
../src/worker.c:100:5: note: not vectorized: empty loop.
../src/worker.c:100:5: note: bad loop form.
../src/worker.c:84:5: note: not vectorized: base addr of dr is a constant
../src/worker.c:84:5: note: bad data references.
../src/worker.c:72:11: note: not vectorized: number of iterations cannot be computed.
../src/worker.c:72:11: note: bad loop form.
../src/worker.c:65:11: note: not vectorized: number of iterations cannot be computed.
../src/worker.c:65:11: note: bad loop form.
../src/worker.c:52:5: note: not vectorized: not enough data-refs in basic block.
../src/worker.c:53:5: note: not vectorized: not enough data-refs in basic block.
../src/worker.c:61:5: note: not vectorized: base addr of dr is a constant
../src/worker.c:61:5: note: not vectorized: not enough data-refs in basic block.
../src/worker.c:61:5: note: not vectorized: not enough data-refs in basic block.
../src/worker.c:65:11: note: not vectorized: base addr of dr is a constant
../src/worker.c:65:11: note: not vectorized: not enough data-refs in basic block.
../src/worker.c:68:20: note: not vectorized: base addr of dr is a constant
../src/worker.c:68:20: note: not vectorized: not enough data-refs in basic block.
../src/worker.c:72:11: note: not vectorized: base addr of dr is a constant
../src/worker.c:72:11: note: not vectorized: not enough data-refs in basic block.
../src/worker.c:84:5: note: not vectorized: base addr of dr is a constant
../src/worker.c:84:5: note: not vectorized: not enough data-refs in basic block.
../src/worker.c:91:19: note: not vectorized: base addr of dr is a constant
../src/worker.c:91:19: note: not vectorized: not enough data-refs in basic block.
../src/worker.c:91:19: note: not vectorized: not enough data-refs in basic block.
'Finished building: ../src/worker.c'
' '
'Building target: worker.elf'
'Invoking: ARM v7 gcc linker'
arm-none-eabi-gcc -mcpu=cortex-a9 -mfpu=neon -mfloat-abi=hard -std=c99 -mvectorize-with-neon-quad -ftree-vectorize -Wl,-build-id=none -specs=Xilinx.spec -Wl,-T -Wl,../src/lscript.ld -L../../worker_bsp/ps7_cortexa9_1/lib -o "worker.elf"  ./src/platform.o ./src/worker.o   -Wl,--start-group,-lxil,-lgcc,-lc,--end-group
'Finished building target: worker.elf'
' '
'Invoking: ARM v7 Print Size'
arm-none-eabi-size worker.elf  |tee "worker.elf.size"
   text	   data	    bss	    dec	    hex	filename
  32508	   1544	  23256	  57308	   dfdc	worker.elf
'Finished building: worker.elf.size'
' '
12:41:01 **** Incremental Build of configuration Debug for project master ****
make pre-build main-build 
a9-linaro-pre-build-step
' '
make: Nothing to be done for 'main-build'.
12:41:44 **** Incremental Build of configuration Debug for project master ****
make pre-build main-build 
a9-linaro-pre-build-step
' '
make: Nothing to be done for 'main-build'.
12:41:44 **** Incremental Build of configuration Debug for project worker ****
make pre-build main-build 
a9-linaro-pre-build-step
' '
'Building file: ../src/worker.c'
'Invoking: ARM v7 gcc compiler'
arm-none-eabi-gcc -Wall -O3 -g3 -c -fmessage-length=0 -MT"src/worker.o" -mcpu=cortex-a9 -mfpu=neon -mfloat-abi=hard -std=c99 -mvectorize-with-neon-quad -ftree-vectorize -fopt-info-vec-optimized -fopt-info-vec-missed -ffast-math -I../../worker_bsp/ps7_cortexa9_1/include -MMD -MP -MF"src/worker.d" -MT"src/worker.o" -o "src/worker.o" "../src/worker.c"
../src/worker.c:100:5: note: not vectorized: empty loop.
../src/worker.c:100:5: note: bad loop form.
../src/worker.c:84:5: note: not vectorized: base addr of dr is a constant
../src/worker.c:84:5: note: bad data references.
../src/worker.c:72:11: note: not vectorized: number of iterations cannot be computed.
../src/worker.c:72:11: note: bad loop form.
../src/worker.c:65:11: note: not vectorized: number of iterations cannot be computed.
../src/worker.c:65:11: note: bad loop form.
../src/worker.c:52:5: note: not vectorized: not enough data-refs in basic block.
../src/worker.c:53:5: note: not vectorized: not enough data-refs in basic block.
../src/worker.c:61:5: note: not vectorized: base addr of dr is a constant
../src/worker.c:61:5: note: not vectorized: not enough data-refs in basic block.
../src/worker.c:61:5: note: not vectorized: not enough data-refs in basic block.
../src/worker.c:65:11: note: not vectorized: base addr of dr is a constant
../src/worker.c:65:11: note: not vectorized: not enough data-refs in basic block.
../src/worker.c:68:20: note: not vectorized: base addr of dr is a constant
../src/worker.c:68:20: note: not vectorized: not enough data-refs in basic block.
../src/worker.c:72:11: note: not vectorized: base addr of dr is a constant
../src/worker.c:72:11: note: not vectorized: not enough data-refs in basic block.
../src/worker.c:84:5: note: not vectorized: base addr of dr is a constant
../src/worker.c:84:5: note: not vectorized: not enough data-refs in basic block.
../src/worker.c:91:19: note: not vectorized: base addr of dr is a constant
../src/worker.c:91:19: note: not vectorized: not enough data-refs in basic block.
../src/worker.c:91:19: note: not vectorized: not enough data-refs in basic block.
'Finished building: ../src/worker.c'
' '
'Building target: worker.elf'
'Invoking: ARM v7 gcc linker'
arm-none-eabi-gcc -mcpu=cortex-a9 -mfpu=neon -mfloat-abi=hard -std=c99 -mvectorize-with-neon-quad -ftree-vectorize -Wl,-build-id=none -specs=Xilinx.spec -Wl,-T -Wl,../src/lscript.ld -L../../worker_bsp/ps7_cortexa9_1/lib -o "worker.elf"  ./src/platform.o ./src/worker.o   -Wl,--start-group,-lxil,-lgcc,-lc,--end-group
'Finished building target: worker.elf'
' '
'Invoking: ARM v7 Print Size'
arm-none-eabi-size worker.elf  |tee "worker.elf.size"
   text	   data	    bss	    dec	    hex	filename
  32516	   1544	  23256	  57316	   dfe4	worker.elf
'Finished building: worker.elf.size'
' '
12:41:50 **** Incremental Build of configuration Debug for project worker ****
make pre-build main-build 
a9-linaro-pre-build-step
' '
make: Nothing to be done for 'main-build'.
12:41:51 **** Incremental Build of configuration Debug for project master ****
make pre-build main-build 
a9-linaro-pre-build-step
' '
'Building file: ../src/master.c'
'Invoking: ARM v7 gcc compiler'
arm-none-eabi-gcc -Wall -O3 -g3 -c -fmessage-length=0 -MT"src/master.o" -mcpu=cortex-a9 -mfpu=neon -mfloat-abi=hard -std=c99 -mvectorize-with-neon-quad -ftree-vectorize -fopt-info-vec-optimized -fopt-info-vec-missed -ffast-math -I../../master_bsp/ps7_cortexa9_0/include -MMD -MP -MF"src/master.d" -MT"src/master.o" -o "src/master.o" "../src/master.c"
In file included from ../src/master.c:33:
../../master_bsp/ps7_cortexa9_0/include/xtime_l.h:87:9: note: #pragma message: For the sleep routines, Global timer is being used
 #pragma message ("For the sleep routines, Global timer is being used")
         ^~~~~~~
In file included from ../src/master.c:34:
../src/master.c: In function 'main':
../src/shared.h:82:16: warning: passing argument 2 of 'vec_add_serial' discards 'volatile' qualifier from pointer target type [-Wdiscarded-qualifiers]
 #define SHARED ((volatile shared_mem_t *)SHARED_BASE)
../src/master.c:109:30: note: in expansion of macro 'SHARED'
     vec_add_serial(C_serial, SHARED->A, SHARED->B, ARRAY_SIZE);
                              ^~~~~~
../src/master.c:48:42: note: expected 'const u32 * restrict' {aka 'const long unsigned int * restrict'} but argument is of type 'volatile u32 *' {aka 'volatile long unsigned int *'}
                     const u32 * restrict a,
                     ~~~~~~~~~~~~~~~~~~~~~^
In file included from ../src/master.c:34:
../src/shared.h:82:16: warning: passing argument 3 of 'vec_add_serial' discards 'volatile' qualifier from pointer target type [-Wdiscarded-qualifiers]
 #define SHARED ((volatile shared_mem_t *)SHARED_BASE)
../src/master.c:109:41: note: in expansion of macro 'SHARED'
     vec_add_serial(C_serial, SHARED->A, SHARED->B, ARRAY_SIZE);
                                         ^~~~~~
../src/master.c:49:42: note: expected 'const u32 * restrict' {aka 'const long unsigned int * restrict'} but argument is of type 'volatile u32 *' {aka 'volatile long unsigned int *'}
                     const u32 * restrict b,
                     ~~~~~~~~~~~~~~~~~~~~~^
../src/master.c:52:5: note: Unknown misalignment, naturally aligned
../src/master.c:52:5: note: Unknown misalignment, naturally aligned
../src/master.c:52:5: note: Unknown misalignment, naturally aligned
../src/master.c:52:5: note: not ssa-name.
../src/master.c:52:5: note: use not simple.
../src/master.c:52:5: note: not ssa-name.
../src/master.c:52:5: note: use not simple.
../src/master.c:52:5: note: can't use a fully-masked loop because the target doesn't have the appropriate masked load or store.
../src/master.c:52:5: note: not ssa-name.
../src/master.c:52:5: note: use not simple.
../src/master.c:52:5: note: not ssa-name.
../src/master.c:52:5: note: use not simple.
../src/master.c:52:5: note: loop vectorized
../src/master.c:52:5: note: not vectorized: not enough data-refs in basic block.
../src/master.c:52:5: note: not vectorized: not enough data-refs in basic block.
../src/master.c:52:5: note: not vectorized: not enough data-refs in basic block.
../src/master.c:53:14: note: not vectorized: no vectype for stmt: vect__4.15_44 = MEM[(const u32 *)vectp_a.13_42];
 scalar_type: const vector(4) long unsigned int
../src/master.c:53:14: note: not vectorized: no vectype for stmt: vect__6.18_47 = MEM[(const u32 *)vectp_b.16_45];
 scalar_type: const vector(4) long unsigned int
../src/master.c:53:14: note: not vectorized: no vectype for stmt: MEM[(u32 *)vectp_c.20_49] = vect__8.19_48;
 scalar_type: vector(4) long unsigned int
../src/master.c:53:14: note: not vectorized: no grouped stores in basic block.
../src/master.c:53:14: note: not vectorized: not enough data-refs in basic block.
../src/master.c:52:5: note: not consecutive access _4 = *_3;
../src/master.c:52:5: note: not consecutive access _6 = *_5;
../src/master.c:52:5: note: not consecutive access *_7 = _8;
../src/master.c:52:5: note: not vectorized: no grouped stores in basic block.
../src/master.c:52:5: note: not consecutive access _58 = *_57;
../src/master.c:52:5: note: not consecutive access _60 = *_59;
../src/master.c:52:5: note: not consecutive access *_61 = _62;
../src/master.c:52:5: note: not vectorized: no grouped stores in basic block.
../src/master.c:52:28: note: not consecutive access _25 = *_26;
../src/master.c:52:28: note: not consecutive access _23 = *_24;
../src/master.c:52:28: note: not consecutive access *_19 = _18;
../src/master.c:52:28: note: not vectorized: no grouped stores in basic block.
../src/master.c:55:1: note: not vectorized: not enough data-refs in basic block.
../src/master.c:180:5: note: not vectorized: empty loop.
../src/master.c:180:5: note: bad loop form.
../src/master.c:173:5: note: not vectorized: base addr of dr is a constant
../src/master.c:173:5: note: bad data references.
../src/master.c:173:5: note: not vectorized: base addr of dr is a constant
../src/master.c:173:5: note: not vectorized: not enough data-refs in basic block.
../src/master.c:148:11: note: not vectorized: number of iterations cannot be computed.
../src/master.c:148:11: note: bad loop form.
../src/master.c:140:5: note: not vectorized: base addr of dr is a constant
../src/master.c:140:5: note: bad data references.
../src/master.c:130:11: note: not vectorized: number of iterations cannot be computed.
../src/master.c:130:11: note: bad loop form.
../src/master.c:118:7: note: not vectorized: base addr of dr is a constant
../src/master.c:118:7: note: bad data references.
../src/master.c:52:5: note: not vectorized: base addr of dr is a constant
../src/master.c:52:5: note: bad data references.
../src/master.c:97:5: note: not vectorized: base addr of dr is a constant
../src/master.c:97:5: note: bad data references.
../src/master.c:80:11: note: not vectorized: number of iterations cannot be computed.
../src/master.c:80:11: note: bad loop form.
../src/master.c:67:5: note: not vectorized: not enough data-refs in basic block.
../src/master.c:68:5: note: not vectorized: not enough data-refs in basic block.
../src/master.c:69:5: note: not vectorized: not enough data-refs in basic block.
../src/master.c:70:5: note: not vectorized: not enough data-refs in basic block.
../src/master.c:71:8: note: not vectorized: not enough data-refs in basic block.
../src/master.c:71:8: note: not vectorized: not enough data-refs in basic block.
../src/master.c:80:11: note: not vectorized: base addr of dr is a constant
../src/master.c:80:11: note: not vectorized: not enough data-refs in basic block.
../src/master.c:91:20: note: not vectorized: base addr of dr is a constant
../src/master.c:91:20: note: not vectorized: not enough data-refs in basic block.
../src/master.c:97:5: note: not vectorized: base addr of dr is a constant
../src/master.c:97:5: note: not vectorized: not enough data-refs in basic block.
../src/master.c:106:5: note: not vectorized: not enough data-refs in basic block.
../src/master.c:108:13: note: not vectorized: base addr of dr is a constant
../src/master.c:108:13: note: not vectorized: not enough data-refs in basic block.
../src/master.c:52:5: note: not consecutive access *_72 = _73;
../src/master.c:52:5: note: group is too large
../src/master.c:52:5: note: not vectorized: complicated access pattern.
../src/master.c:52:5: note: not consecutive access _71 = *_70;
../src/master.c:52:5: note: not vectorized: no grouped stores in basic block.
../src/master.c:114:5: note: not vectorized: base addr of dr is a constant
../src/master.c:114:5: note: not vectorized: not enough data-refs in basic block.
../src/master.c:114:5: note: not vectorized: not enough data-refs in basic block.
../src/master.c:118:7: note: not vectorized: base addr of dr is a constant
../src/master.c:118:7: note: not vectorized: not enough data-refs in basic block.
../src/master.c:127:5: note: not vectorized: not enough data-refs in basic block.
../src/master.c:127:5: note: not vectorized: not enough data-refs in basic block.
../src/master.c:130:11: note: not vectorized: base addr of dr is a constant
../src/master.c:130:11: note: not vectorized: not enough data-refs in basic block.
../src/master.c:137:19: note: not vectorized: base addr of dr is a constant
../src/master.c:137:19: note: not vectorized: not enough data-refs in basic block.
../src/master.c:140:5: note: not vectorized: base addr of dr is a constant
../src/master.c:140:5: note: not vectorized: not enough data-refs in basic block.
../src/master.c:144:19: note: not vectorized: base addr of dr is a constant
../src/master.c:144:19: note: not vectorized: not enough data-refs in basic block.
../src/master.c:148:11: note: not vectorized: base addr of dr is a constant
../src/master.c:148:11: note: not vectorized: not enough data-refs in basic block.
../src/master.c:157:8: note: not vectorized: base addr of dr is a constant
../src/master.c:157:8: note: not vectorized: not enough data-refs in basic block.
../src/master.c:161:5: note: not vectorized: not enough data-refs in basic block.
../src/master.c:162:5: note: not vectorized: not enough data-refs in basic block.
../src/master.c:163:5: note: not vectorized: not enough data-refs in basic block.
../src/master.c:164:5: note: not vectorized: not enough data-refs in basic block.
../src/master.c:164:5: note: not vectorized: not enough data-refs in basic block.
../src/master.c:174:12: note: not vectorized: base addr of dr is a constant
../src/master.c:174:12: note: not vectorized: not enough data-refs in basic block.
../src/master.c:175:19: note: not vectorized: not enough data-refs in basic block.
../src/master.c:173:5: note: not vectorized: not enough data-refs in basic block.
../src/master.c:178:5: note: not vectorized: not enough data-refs in basic block.
../src/master.c:178:5: note: not vectorized: not enough data-refs in basic block.
'Finished building: ../src/master.c'
' '
'Building target: master.elf'
'Invoking: ARM v7 gcc linker'
arm-none-eabi-gcc -mcpu=cortex-a9 -mfpu=neon -mfloat-abi=hard -std=c99 -mvectorize-with-neon-quad -ftree-vectorize -Wl,-build-id=none -specs=Xilinx.spec -Wl,-T -Wl,../src/lscript.ld -L../../master_bsp/ps7_cortexa9_0/lib -o "master.elf"  ./src/master.o ./src/platform.o   -Wl,--start-group,-lxil,-lgcc,-lc,--end-group
'Finished building target: master.elf'
' '
'Invoking: ARM v7 Print Size'
arm-none-eabi-size master.elf  |tee "master.elf.size"
   text	   data	    bss	    dec	    hex	filename
  33920	   1544	  63272	  98736	  181b0	master.elf
'Finished building: master.elf.size'
' '
12:42:25 **** Incremental Build of configuration Debug for project master ****
make pre-build main-build 
a9-linaro-pre-build-step
' '
'Building file: ../src/master.c'
'Invoking: ARM v7 gcc compiler'
arm-none-eabi-gcc -Wall -O3 -g3 -c -fmessage-length=0 -MT"src/master.o" -mcpu=cortex-a9 -mfpu=neon -mfloat-abi=hard -std=c99 -mvectorize-with-neon-quad -ftree-vectorize -fopt-info-vec-optimized -fopt-info-vec-missed -ffast-math -I../../master_bsp/ps7_cortexa9_0/include -MMD -MP -MF"src/master.d" -MT"src/master.o" -o "src/master.o" "../src/master.c"
In file included from ../src/master.c:33:
../../master_bsp/ps7_cortexa9_0/include/xtime_l.h:87:9: note: #pragma message: For the sleep routines, Global timer is being used
 #pragma message ("For the sleep routines, Global timer is being used")
         ^~~~~~~
In file included from ../src/master.c:34:
../src/master.c: In function 'main':
../src/shared.h:82:16: warning: passing argument 2 of 'vec_add_serial' discards 'volatile' qualifier from pointer target type [-Wdiscarded-qualifiers]
 #define SHARED ((volatile shared_mem_t *)SHARED_BASE)
../src/master.c:109:30: note: in expansion of macro 'SHARED'
     vec_add_serial(C_serial, SHARED->A, SHARED->B, ARRAY_SIZE);
                              ^~~~~~
../src/master.c:48:42: note: expected 'const u32 * restrict' {aka 'const long unsigned int * restrict'} but argument is of type 'volatile u32 *' {aka 'volatile long unsigned int *'}
                     const u32 * restrict a,
                     ~~~~~~~~~~~~~~~~~~~~~^
In file included from ../src/master.c:34:
../src/shared.h:82:16: warning: passing argument 3 of 'vec_add_serial' discards 'volatile' qualifier from pointer target type [-Wdiscarded-qualifiers]
 #define SHARED ((volatile shared_mem_t *)SHARED_BASE)
../src/master.c:109:41: note: in expansion of macro 'SHARED'
     vec_add_serial(C_serial, SHARED->A, SHARED->B, ARRAY_SIZE);
                                         ^~~~~~
../src/master.c:49:42: note: expected 'const u32 * restrict' {aka 'const long unsigned int * restrict'} but argument is of type 'volatile u32 *' {aka 'volatile long unsigned int *'}
                     const u32 * restrict b,
                     ~~~~~~~~~~~~~~~~~~~~~^
../src/master.c:52:5: note: Unknown misalignment, naturally aligned
../src/master.c:52:5: note: Unknown misalignment, naturally aligned
../src/master.c:52:5: note: Unknown misalignment, naturally aligned
../src/master.c:52:5: note: not ssa-name.
../src/master.c:52:5: note: use not simple.
../src/master.c:52:5: note: not ssa-name.
../src/master.c:52:5: note: use not simple.
../src/master.c:52:5: note: can't use a fully-masked loop because the target doesn't have the appropriate masked load or store.
../src/master.c:52:5: note: not ssa-name.
../src/master.c:52:5: note: use not simple.
../src/master.c:52:5: note: not ssa-name.
../src/master.c:52:5: note: use not simple.
../src/master.c:52:5: note: loop vectorized
../src/master.c:52:5: note: not vectorized: not enough data-refs in basic block.
../src/master.c:52:5: note: not vectorized: not enough data-refs in basic block.
../src/master.c:52:5: note: not vectorized: not enough data-refs in basic block.
../src/master.c:53:14: note: not vectorized: no vectype for stmt: vect__4.15_44 = MEM[(const u32 *)vectp_a.13_42];
 scalar_type: const vector(4) long unsigned int
../src/master.c:53:14: note: not vectorized: no vectype for stmt: vect__6.18_47 = MEM[(const u32 *)vectp_b.16_45];
 scalar_type: const vector(4) long unsigned int
../src/master.c:53:14: note: not vectorized: no vectype for stmt: MEM[(u32 *)vectp_c.20_49] = vect__8.19_48;
 scalar_type: vector(4) long unsigned int
../src/master.c:53:14: note: not vectorized: no grouped stores in basic block.
../src/master.c:53:14: note: not vectorized: not enough data-refs in basic block.
../src/master.c:52:5: note: not consecutive access _4 = *_3;
../src/master.c:52:5: note: not consecutive access _6 = *_5;
../src/master.c:52:5: note: not consecutive access *_7 = _8;
../src/master.c:52:5: note: not vectorized: no grouped stores in basic block.
../src/master.c:52:5: note: not consecutive access _58 = *_57;
../src/master.c:52:5: note: not consecutive access _60 = *_59;
../src/master.c:52:5: note: not consecutive access *_61 = _62;
../src/master.c:52:5: note: not vectorized: no grouped stores in basic block.
../src/master.c:52:28: note: not consecutive access _25 = *_26;
../src/master.c:52:28: note: not consecutive access _23 = *_24;
../src/master.c:52:28: note: not consecutive access *_19 = _18;
../src/master.c:52:28: note: not vectorized: no grouped stores in basic block.
../src/master.c:55:1: note: not vectorized: not enough data-refs in basic block.
../src/master.c:180:5: note: not vectorized: empty loop.
../src/master.c:180:5: note: bad loop form.
../src/master.c:173:5: note: not vectorized: base addr of dr is a constant
../src/master.c:173:5: note: bad data references.
../src/master.c:173:5: note: not vectorized: base addr of dr is a constant
../src/master.c:173:5: note: not vectorized: not enough data-refs in basic block.
../src/master.c:148:11: note: not vectorized: number of iterations cannot be computed.
../src/master.c:148:11: note: bad loop form.
../src/master.c:140:5: note: not vectorized: base addr of dr is a constant
../src/master.c:140:5: note: bad data references.
../src/master.c:130:11: note: not vectorized: number of iterations cannot be computed.
../src/master.c:130:11: note: bad loop form.
../src/master.c:118:7: note: not vectorized: base addr of dr is a constant
../src/master.c:118:7: note: bad data references.
../src/master.c:52:5: note: not vectorized: base addr of dr is a constant
../src/master.c:52:5: note: bad data references.
../src/master.c:97:5: note: not vectorized: base addr of dr is a constant
../src/master.c:97:5: note: bad data references.
../src/master.c:80:11: note: not vectorized: number of iterations cannot be computed.
../src/master.c:80:11: note: bad loop form.
../src/master.c:67:5: note: not vectorized: not enough data-refs in basic block.
../src/master.c:68:5: note: not vectorized: not enough data-refs in basic block.
../src/master.c:69:5: note: not vectorized: not enough data-refs in basic block.
../src/master.c:70:5: note: not vectorized: not enough data-refs in basic block.
../src/master.c:71:8: note: not vectorized: not enough data-refs in basic block.
../src/master.c:71:8: note: not vectorized: not enough data-refs in basic block.
../src/master.c:80:11: note: not vectorized: base addr of dr is a constant
../src/master.c:80:11: note: not vectorized: not enough data-refs in basic block.
../src/master.c:106:5: note: not vectorized: base addr of dr is a constant
../src/master.c:106:5: note: not vectorized: not enough data-refs in basic block.
../src/master.c:114:5: note: not vectorized: base addr of dr is a constant
../src/master.c:114:5: note: not vectorized: not enough data-refs in basic block.
../src/master.c:127:5: note: not vectorized: base addr of dr is a constant
../src/master.c:127:5: note: not vectorized: not enough data-refs in basic block.
../src/master.c:127:5: note: not vectorized: not enough data-refs in basic block.
../src/master.c:130:11: note: not vectorized: base addr of dr is a constant
../src/master.c:130:11: note: not vectorized: not enough data-refs in basic block.
../src/master.c:144:19: note: not vectorized: base addr of dr is a constant
../src/master.c:144:19: note: not vectorized: not enough data-refs in basic block.
../src/master.c:148:11: note: not vectorized: base addr of dr is a constant
../src/master.c:148:11: note: not vectorized: not enough data-refs in basic block.
../src/master.c:157:8: note: not vectorized: base addr of dr is a constant
../src/master.c:157:8: note: not vectorized: not enough data-refs in basic block.
../src/master.c:161:5: note: not vectorized: not enough data-refs in basic block.
../src/master.c:162:5: note: not vectorized: not enough data-refs in basic block.
../src/master.c:163:5: note: not vectorized: not enough data-refs in basic block.
../src/master.c:164:5: note: not vectorized: not enough data-refs in basic block.
../src/master.c:174:12: note: not vectorized: base addr of dr is a constant
../src/master.c:174:12: note: not vectorized: not enough data-refs in basic block.
../src/master.c:175:19: note: not vectorized: not enough data-refs in basic block.
../src/master.c:174:12: note: not vectorized: base addr of dr is a constant
../src/master.c:174:12: note: not vectorized: not enough data-refs in basic block.
../src/master.c:175:19: note: not vectorized: not enough data-refs in basic block.
../src/master.c:174:12: note: not vectorized: base addr of dr is a constant
../src/master.c:174:12: note: not vectorized: not enough data-refs in basic block.
../src/master.c:175:19: note: not vectorized: not enough data-refs in basic block.
../src/master.c:174:12: note: not vectorized: base addr of dr is a constant
../src/master.c:174:12: note: not vectorized: not enough data-refs in basic block.
../src/master.c:175:19: note: not vectorized: not enough data-refs in basic block.
../src/master.c:174:12: note: not vectorized: base addr of dr is a constant
../src/master.c:174:12: note: not vectorized: not enough data-refs in basic block.
../src/master.c:175:19: note: not vectorized: not enough data-refs in basic block.
../src/master.c:174:12: note: not vectorized: base addr of dr is a constant
../src/master.c:174:12: note: not vectorized: not enough data-refs in basic block.
../src/master.c:175:19: note: not vectorized: not enough data-refs in basic block.
../src/master.c:174:12: note: not vectorized: base addr of dr is a constant
../src/master.c:174:12: note: not vectorized: not enough data-refs in basic block.
../src/master.c:175:19: note: not vectorized: not enough data-refs in basic block.
../src/master.c:174:12: note: not vectorized: base addr of dr is a constant
../src/master.c:174:12: note: not vectorized: not enough data-refs in basic block.
../src/master.c:175:19: note: not vectorized: not enough data-refs in basic block.
../src/master.c:174:12: note: not vectorized: base addr of dr is a constant
../src/master.c:174:12: note: not vectorized: not enough data-refs in basic block.
../src/master.c:175:19: note: not vectorized: not enough data-refs in basic block.
../src/master.c:174:12: note: not vectorized: base addr of dr is a constant
../src/master.c:174:12: note: not vectorized: not enough data-refs in basic block.
../src/master.c:175:19: note: not vectorized: not enough data-refs in basic block.
../src/master.c:178:5: note: not vectorized: not enough data-refs in basic block.
../src/master.c:178:5: note: not vectorized: not enough data-refs in basic block.
'Finished building: ../src/master.c'
' '
'Building target: master.elf'
'Invoking: ARM v7 gcc linker'
arm-none-eabi-gcc -mcpu=cortex-a9 -mfpu=neon -mfloat-abi=hard -std=c99 -mvectorize-with-neon-quad -ftree-vectorize -Wl,-build-id=none -specs=Xilinx.spec -Wl,-T -Wl,../src/lscript.ld -L../../master_bsp/ps7_cortexa9_0/lib -o "master.elf"  ./src/master.o ./src/platform.o   -Wl,--start-group,-lxil,-lgcc,-lc,--end-group
'Finished building target: master.elf'
' '
'Invoking: ARM v7 Print Size'
arm-none-eabi-size master.elf  |tee "master.elf.size"
   text	   data	    bss	    dec	    hex	filename
  33976	   1544	  23320	  58840	   e5d8	master.elf
'Finished building: master.elf.size'
' '
12:42:28 **** Incremental Build of configuration Debug for project worker ****
make pre-build main-build 
a9-linaro-pre-build-step
' '
make: Nothing to be done for 'main-build'.
12:42:33 **** Incremental Build of configuration Debug for project worker ****
make pre-build main-build 
a9-linaro-pre-build-step
' '
'Building file: ../src/worker.c'
'Invoking: ARM v7 gcc compiler'
arm-none-eabi-gcc -Wall -O3 -g3 -c -fmessage-length=0 -MT"src/worker.o" -mcpu=cortex-a9 -mfpu=neon -mfloat-abi=hard -std=c99 -mvectorize-with-neon-quad -ftree-vectorize -fopt-info-vec-optimized -fopt-info-vec-missed -ffast-math -I../../worker_bsp/ps7_cortexa9_1/include -MMD -MP -MF"src/worker.d" -MT"src/worker.o" -o "src/worker.o" "../src/worker.c"
../src/worker.c:100:5: note: not vectorized: empty loop.
../src/worker.c:100:5: note: bad loop form.
../src/worker.c:84:5: note: not vectorized: base addr of dr is a constant
../src/worker.c:84:5: note: bad data references.
../src/worker.c:72:11: note: not vectorized: number of iterations cannot be computed.
../src/worker.c:72:11: note: bad loop form.
../src/worker.c:65:11: note: not vectorized: number of iterations cannot be computed.
../src/worker.c:65:11: note: bad loop form.
../src/worker.c:52:5: note: not vectorized: not enough data-refs in basic block.
../src/worker.c:53:5: note: not vectorized: not enough data-refs in basic block.
../src/worker.c:61:5: note: not vectorized: base addr of dr is a constant
../src/worker.c:61:5: note: not vectorized: not enough data-refs in basic block.
../src/worker.c:61:5: note: not vectorized: not enough data-refs in basic block.
../src/worker.c:65:11: note: not vectorized: base addr of dr is a constant
../src/worker.c:65:11: note: not vectorized: not enough data-refs in basic block.
../src/worker.c:68:20: note: not vectorized: base addr of dr is a constant
../src/worker.c:68:20: note: not vectorized: not enough data-refs in basic block.
../src/worker.c:72:11: note: not vectorized: base addr of dr is a constant
../src/worker.c:72:11: note: not vectorized: not enough data-refs in basic block.
../src/worker.c:91:19: note: not vectorized: base addr of dr is a constant
../src/worker.c:91:19: note: not vectorized: not enough data-refs in basic block.
../src/worker.c:91:19: note: not vectorized: not enough data-refs in basic block.
'Finished building: ../src/worker.c'
' '
'Building target: worker.elf'
'Invoking: ARM v7 gcc linker'
arm-none-eabi-gcc -mcpu=cortex-a9 -mfpu=neon -mfloat-abi=hard -std=c99 -mvectorize-with-neon-quad -ftree-vectorize -Wl,-build-id=none -specs=Xilinx.spec -Wl,-T -Wl,../src/lscript.ld -L../../worker_bsp/ps7_cortexa9_1/lib -o "worker.elf"  ./src/platform.o ./src/worker.o   -Wl,--start-group,-lxil,-lgcc,-lc,--end-group
'Finished building target: worker.elf'
' '
'Invoking: ARM v7 Print Size'
arm-none-eabi-size worker.elf  |tee "worker.elf.size"
   text	   data	    bss	    dec	    hex	filename
  32532	   1544	  23256	  57332	   dff4	worker.elf
'Finished building: worker.elf.size'
' '
12:42:34 **** Incremental Build of configuration Debug for project master ****
make pre-build main-build 
a9-linaro-pre-build-step
' '
make: Nothing to be done for 'main-build'.
12:54:25 **** Incremental Build of configuration Debug for project master ****
make pre-build main-build 
a9-linaro-pre-build-step
' '
'Building file: ../src/master.c'
'Invoking: ARM v7 gcc compiler'
arm-none-eabi-gcc -Wall -O3 -g3 -c -fmessage-length=0 -MT"src/master.o" -mcpu=cortex-a9 -mfpu=neon -mfloat-abi=hard -std=c99 -mvectorize-with-neon-quad -ftree-vectorize -fopt-info-vec-optimized -fopt-info-vec-missed -ffast-math -I../../master_bsp/ps7_cortexa9_0/include -MMD -MP -MF"src/master.d" -MT"src/master.o" -o "src/master.o" "../src/master.c"
../src/master.c: In function 'main':
../src/master.c:108:24: error: 'GLOBAL_TMR_BASEADDR' undeclared (first use in this function); did you mean 'XPAR_GLOBAL_TMR_BASEADDR'?
     t_start = Xil_In32(GLOBAL_TMR_BASEADDR + GTIMER_COUNTER_LOWER_OFFSET);
                        ^~~~~~~~~~~~~~~~~~~
                        XPAR_GLOBAL_TMR_BASEADDR
../src/master.c:108:24: note: each undeclared identifier is reported only once for each function it appears in
../src/master.c:108:46: error: 'GTIMER_COUNTER_LOWER_OFFSET' undeclared (first use in this function)
     t_start = Xil_In32(GLOBAL_TMR_BASEADDR + GTIMER_COUNTER_LOWER_OFFSET);
                                              ^~~~~~~~~~~~~~~~~~~~~~~~~~~
In file included from ../src/master.c:33:
../src/shared.h:82:16: warning: passing argument 2 of 'vec_add_serial' discards 'volatile' qualifier from pointer target type [-Wdiscarded-qualifiers]
 #define SHARED ((volatile shared_mem_t *)SHARED_BASE)
../src/master.c:109:30: note: in expansion of macro 'SHARED'
     vec_add_serial(C_serial, SHARED->A, SHARED->B, ARRAY_SIZE);
                              ^~~~~~
../src/master.c:47:42: note: expected 'const u32 * restrict' {aka 'const long unsigned int * restrict'} but argument is of type 'volatile u32 *' {aka 'volatile long unsigned int *'}
                     const u32 * restrict a,
                     ~~~~~~~~~~~~~~~~~~~~~^
In file included from ../src/master.c:33:
../src/shared.h:82:16: warning: passing argument 3 of 'vec_add_serial' discards 'volatile' qualifier from pointer target type [-Wdiscarded-qualifiers]
 #define SHARED ((volatile shared_mem_t *)SHARED_BASE)
../src/master.c:109:41: note: in expansion of macro 'SHARED'
     vec_add_serial(C_serial, SHARED->A, SHARED->B, ARRAY_SIZE);
                                         ^~~~~~
../src/master.c:48:42: note: expected 'const u32 * restrict' {aka 'const long unsigned int * restrict'} but argument is of type 'volatile u32 *' {aka 'volatile long unsigned int *'}
                     const u32 * restrict b,
                     ~~~~~~~~~~~~~~~~~~~~~^
make: *** [src/subdir.mk:26: src/master.o] Error 1
12:54:26 **** Incremental Build of configuration Debug for project worker ****
make pre-build main-build 
a9-linaro-pre-build-step
' '
make: Nothing to be done for 'main-build'.
12:54:33 **** Incremental Build of configuration Debug for project worker ****
make pre-build main-build 
a9-linaro-pre-build-step
' '
make: Nothing to be done for 'main-build'.
12:54:34 **** Incremental Build of configuration Debug for project master ****
make pre-build main-build 
a9-linaro-pre-build-step
' '
'Building file: ../src/master.c'
'Invoking: ARM v7 gcc compiler'
arm-none-eabi-gcc -Wall -O3 -g3 -c -fmessage-length=0 -MT"src/master.o" -mcpu=cortex-a9 -mfpu=neon -mfloat-abi=hard -std=c99 -mvectorize-with-neon-quad -ftree-vectorize -fopt-info-vec-optimized -fopt-info-vec-missed -ffast-math -I../../master_bsp/ps7_cortexa9_0/include -MMD -MP -MF"src/master.d" -MT"src/master.o" -o "src/master.o" "../src/master.c"
../src/master.c: In function 'main':
../src/master.c:108:24: error: 'GLOBAL_TMR_BASEADDR' undeclared (first use in this function); did you mean 'XPAR_GLOBAL_TMR_BASEADDR'?
     t_start = Xil_In32(GLOBAL_TMR_BASEADDR + GTIMER_COUNTER_LOWER_OFFSET);
                        ^~~~~~~~~~~~~~~~~~~
                        XPAR_GLOBAL_TMR_BASEADDR
../src/master.c:108:24: note: each undeclared identifier is reported only once for each function it appears in
../src/master.c:108:46: error: 'GTIMER_COUNTER_LOWER_OFFSET' undeclared (first use in this function)
     t_start = Xil_In32(GLOBAL_TMR_BASEADDR + GTIMER_COUNTER_LOWER_OFFSET);
                                              ^~~~~~~~~~~~~~~~~~~~~~~~~~~
In file included from ../src/master.c:33:
../src/shared.h:82:16: warning: passing argument 2 of 'vec_add_serial' discards 'volatile' qualifier from pointer target type [-Wdiscarded-qualifiers]
 #define SHARED ((volatile shared_mem_t *)SHARED_BASE)
../src/master.c:109:30: note: in expansion of macro 'SHARED'
     vec_add_serial(C_serial, SHARED->A, SHARED->B, ARRAY_SIZE);
                              ^~~~~~
../src/master.c:47:42: note: expected 'const u32 * restrict' {aka 'const long unsigned int * restrict'} but argument is of type 'volatile u32 *' {aka 'volatile long unsigned int *'}
                     const u32 * restrict a,
                     ~~~~~~~~~~~~~~~~~~~~~^
In file included from ../src/master.c:33:
../src/shared.h:82:16: warning: passing argument 3 of 'vec_add_serial' discards 'volatile' qualifier from pointer target type [-Wdiscarded-qualifiers]
 #define SHARED ((volatile shared_mem_t *)SHARED_BASE)
../src/master.c:109:41: note: in expansion of macro 'SHARED'
     vec_add_serial(C_serial, SHARED->A, SHARED->B, ARRAY_SIZE);
                                         ^~~~~~
../src/master.c:48:42: note: expected 'const u32 * restrict' {aka 'const long unsigned int * restrict'} but argument is of type 'volatile u32 *' {aka 'volatile long unsigned int *'}
                     const u32 * restrict b,
                     ~~~~~~~~~~~~~~~~~~~~~^
make: *** [src/subdir.mk:26: src/master.o] Error 1
13:09:11 **** Incremental Build of configuration Debug for project master ****
make pre-build main-build 
a9-linaro-pre-build-step
' '
'Building file: ../src/master.c'
'Invoking: ARM v7 gcc compiler'
arm-none-eabi-gcc -Wall -O3 -g3 -c -fmessage-length=0 -MT"src/master.o" -mcpu=cortex-a9 -mfpu=neon -mfloat-abi=hard -std=c99 -mvectorize-with-neon-quad -ftree-vectorize -fopt-info-vec-optimized -fopt-info-vec-missed -ffast-math -I../../master_bsp/ps7_cortexa9_0/include -MMD -MP -MF"src/master.d" -MT"src/master.o" -o "src/master.o" "../src/master.c"
../src/master.c: In function 'read_global_timer':
../src/master.c:44:21: error: 'GLOBAL_TMR_BASEADDR' undeclared (first use in this function); did you mean 'XPAR_GLOBAL_TMR_BASEADDR'?
     return Xil_In32(GLOBAL_TMR_BASEADDR + GTIMER_COUNTER_LOWER_OFFSET);
                     ^~~~~~~~~~~~~~~~~~~
                     XPAR_GLOBAL_TMR_BASEADDR
../src/master.c:44:21: note: each undeclared identifier is reported only once for each function it appears in
../src/master.c:44:43: error: 'GTIMER_COUNTER_LOWER_OFFSET' undeclared (first use in this function)
     return Xil_In32(GLOBAL_TMR_BASEADDR + GTIMER_COUNTER_LOWER_OFFSET);
                                           ^~~~~~~~~~~~~~~~~~~~~~~~~~~
../src/master.c: In function 'main':
../src/master.c:102:22: error: 'FLAG_RESET' undeclared (first use in this function)
     SHARED->start  = FLAG_RESET;
                      ^~~~~~~~~~
In file included from ../src/master.c:37:
../src/shared.h:82:16: warning: passing argument 2 of 'vec_add_serial' discards 'volatile' qualifier from pointer target type [-Wdiscarded-qualifiers]
 #define SHARED ((volatile shared_mem_t *)SHARED_BASE)
../src/master.c:125:30: note: in expansion of macro 'SHARED'
     vec_add_serial(C_serial, SHARED->A, SHARED->B, ARRAY_SIZE);
                              ^~~~~~
../src/master.c:59:42: note: expected 'const u32 * restrict' {aka 'const long unsigned int * restrict'} but argument is of type 'volatile u32 *' {aka 'volatile long unsigned int *'}
                     const u32 * restrict a,
                     ~~~~~~~~~~~~~~~~~~~~~^
In file included from ../src/master.c:37:
../src/shared.h:82:16: warning: passing argument 3 of 'vec_add_serial' discards 'volatile' qualifier from pointer target type [-Wdiscarded-qualifiers]
 #define SHARED ((volatile shared_mem_t *)SHARED_BASE)
../src/master.c:125:41: note: in expansion of macro 'SHARED'
     vec_add_serial(C_serial, SHARED->A, SHARED->B, ARRAY_SIZE);
                                         ^~~~~~
../src/master.c:60:42: note: expected 'const u32 * restrict' {aka 'const long unsigned int * restrict'} but argument is of type 'volatile u32 *' {aka 'volatile long unsigned int *'}
                     const u32 * restrict b,
                     ~~~~~~~~~~~~~~~~~~~~~^
../src/master.c:147:30: error: 'FLAG_SET' undeclared (first use in this function); did you mean 'FALSE'?
     while (SHARED->ready1 != FLAG_SET);
                              ^~~~~~~~
                              FALSE
../src/master.c: In function 'read_global_timer':
../src/master.c:45:1: warning: control reaches end of non-void function [-Wreturn-type]
 }
 ^
make: *** [src/subdir.mk:26: src/master.o] Error 1
13:09:12 **** Incremental Build of configuration Debug for project worker ****
make pre-build main-build 
a9-linaro-pre-build-step
' '
make: Nothing to be done for 'main-build'.
13:09:22 **** Incremental Build of configuration Debug for project worker ****
make pre-build main-build 
a9-linaro-pre-build-step
' '
'Building file: ../src/worker.c'
'Invoking: ARM v7 gcc compiler'
arm-none-eabi-gcc -Wall -O3 -g3 -c -fmessage-length=0 -MT"src/worker.o" -mcpu=cortex-a9 -mfpu=neon -mfloat-abi=hard -std=c99 -mvectorize-with-neon-quad -ftree-vectorize -fopt-info-vec-optimized -fopt-info-vec-missed -ffast-math -I../../worker_bsp/ps7_cortexa9_1/include -MMD -MP -MF"src/worker.d" -MT"src/worker.o" -o "src/worker.o" "../src/worker.c"
../src/worker.c:96:5: note: not vectorized: empty loop.
../src/worker.c:96:5: note: bad loop form.
../src/worker.c:78:5: note: not vectorized: base addr of dr is a constant
../src/worker.c:78:5: note: bad data references.
../src/worker.c:73:11: note: not vectorized: number of iterations cannot be computed.
../src/worker.c:73:11: note: bad loop form.
../src/worker.c:65:11: note: not vectorized: number of iterations cannot be computed.
../src/worker.c:65:11: note: bad loop form.
../src/worker.c:52:5: note: not vectorized: not enough data-refs in basic block.
../src/worker.c:53:5: note: not vectorized: not enough data-refs in basic block.
../src/worker.c:61:20: note: not vectorized: base addr of dr is a constant
../src/worker.c:61:20: note: not vectorized: not enough data-refs in basic block.
../src/worker.c:65:11: note: not vectorized: base addr of dr is a constant
../src/worker.c:65:11: note: not vectorized: not enough data-refs in basic block.
../src/worker.c:70:5: note: not vectorized: base addr of dr is a constant
../src/worker.c:70:5: note: not vectorized: not enough data-refs in basic block.
../src/worker.c:70:5: note: not vectorized: not enough data-refs in basic block.
../src/worker.c:73:11: note: not vectorized: base addr of dr is a constant
../src/worker.c:73:11: note: not vectorized: not enough data-refs in basic block.
../src/worker.c:87:5: note: not vectorized: base addr of dr is a constant
../src/worker.c:87:5: note: not vectorized: not enough data-refs in basic block.
../src/worker.c:87:5: note: not vectorized: not enough data-refs in basic block.
'Finished building: ../src/worker.c'
' '
'Building target: worker.elf'
'Invoking: ARM v7 gcc linker'
arm-none-eabi-gcc -mcpu=cortex-a9 -mfpu=neon -mfloat-abi=hard -std=c99 -mvectorize-with-neon-quad -ftree-vectorize -Wl,-build-id=none -specs=Xilinx.spec -Wl,-T -Wl,../src/lscript.ld -L../../worker_bsp/ps7_cortexa9_1/lib -o "worker.elf"  ./src/platform.o ./src/worker.o   -Wl,--start-group,-lxil,-lgcc,-lc,--end-group
'Finished building target: worker.elf'
' '
'Invoking: ARM v7 Print Size'
arm-none-eabi-size worker.elf  |tee "worker.elf.size"
   text	   data	    bss	    dec	    hex	filename
  32552	   1544	  23256	  57352	   e008	worker.elf
'Finished building: worker.elf.size'
' '
13:09:23 **** Incremental Build of configuration Debug for project master ****
make pre-build main-build 
a9-linaro-pre-build-step
' '
'Building file: ../src/master.c'
'Invoking: ARM v7 gcc compiler'
arm-none-eabi-gcc -Wall -O3 -g3 -c -fmessage-length=0 -MT"src/master.o" -mcpu=cortex-a9 -mfpu=neon -mfloat-abi=hard -std=c99 -mvectorize-with-neon-quad -ftree-vectorize -fopt-info-vec-optimized -fopt-info-vec-missed -ffast-math -I../../master_bsp/ps7_cortexa9_0/include -MMD -MP -MF"src/master.d" -MT"src/master.o" -o "src/master.o" "../src/master.c"
../src/master.c: In function 'read_global_timer':
../src/master.c:44:21: error: 'GLOBAL_TMR_BASEADDR' undeclared (first use in this function); did you mean 'XPAR_GLOBAL_TMR_BASEADDR'?
     return Xil_In32(GLOBAL_TMR_BASEADDR + GTIMER_COUNTER_LOWER_OFFSET);
                     ^~~~~~~~~~~~~~~~~~~
                     XPAR_GLOBAL_TMR_BASEADDR
../src/master.c:44:21: note: each undeclared identifier is reported only once for each function it appears in
../src/master.c:44:43: error: 'GTIMER_COUNTER_LOWER_OFFSET' undeclared (first use in this function)
     return Xil_In32(GLOBAL_TMR_BASEADDR + GTIMER_COUNTER_LOWER_OFFSET);
                                           ^~~~~~~~~~~~~~~~~~~~~~~~~~~
In file included from ../src/master.c:37:
../src/master.c: In function 'main':
../src/shared.h:82:16: warning: passing argument 2 of 'vec_add_serial' discards 'volatile' qualifier from pointer target type [-Wdiscarded-qualifiers]
 #define SHARED ((volatile shared_mem_t *) SHARED_BASE)
../src/master.c:125:30: note: in expansion of macro 'SHARED'
     vec_add_serial(C_serial, SHARED->A, SHARED->B, ARRAY_SIZE);
                              ^~~~~~
../src/master.c:59:42: note: expected 'const u32 * restrict' {aka 'const long unsigned int * restrict'} but argument is of type 'volatile u32 *' {aka 'volatile long unsigned int *'}
                     const u32 * restrict a,
                     ~~~~~~~~~~~~~~~~~~~~~^
In file included from ../src/master.c:37:
../src/shared.h:82:16: warning: passing argument 3 of 'vec_add_serial' discards 'volatile' qualifier from pointer target type [-Wdiscarded-qualifiers]
 #define SHARED ((volatile shared_mem_t *) SHARED_BASE)
../src/master.c:125:41: note: in expansion of macro 'SHARED'
     vec_add_serial(C_serial, SHARED->A, SHARED->B, ARRAY_SIZE);
                                         ^~~~~~
../src/master.c:60:42: note: expected 'const u32 * restrict' {aka 'const long unsigned int * restrict'} but argument is of type 'volatile u32 *' {aka 'volatile long unsigned int *'}
                     const u32 * restrict b,
                     ~~~~~~~~~~~~~~~~~~~~~^
../src/master.c: In function 'read_global_timer':
../src/master.c:45:1: warning: control reaches end of non-void function [-Wreturn-type]
 }
 ^
make: *** [src/subdir.mk:26: src/master.o] Error 1
13:10:53 **** Incremental Build of configuration Debug for project master ****
make pre-build main-build 
a9-linaro-pre-build-step
' '
'Building file: ../src/master.c'
'Invoking: ARM v7 gcc compiler'
arm-none-eabi-gcc -Wall -O3 -g3 -c -fmessage-length=0 -MT"src/master.o" -mcpu=cortex-a9 -mfpu=neon -mfloat-abi=hard -std=c99 -mvectorize-with-neon-quad -ftree-vectorize -fopt-info-vec-optimized -fopt-info-vec-missed -ffast-math -I../../master_bsp/ps7_cortexa9_0/include -MMD -MP -MF"src/master.d" -MT"src/master.o" -o "src/master.o" "../src/master.c"
../src/master.c: In function 'read_global_timer':
../src/master.c:44:21: error: 'GLOBAL_TMR_BASEADDR' undeclared (first use in this function); did you mean 'XPAR_GLOBAL_TMR_BASEADDR'?
     return Xil_In32(GLOBAL_TMR_BASEADDR + GTIMER_COUNTER_LOWER_OFFSET);
                     ^~~~~~~~~~~~~~~~~~~
                     XPAR_GLOBAL_TMR_BASEADDR
../src/master.c:44:21: note: each undeclared identifier is reported only once for each function it appears in
../src/master.c:44:43: error: 'GTIMER_COUNTER_LOWER_OFFSET' undeclared (first use in this function)
     return Xil_In32(GLOBAL_TMR_BASEADDR + GTIMER_COUNTER_LOWER_OFFSET);
                                           ^~~~~~~~~~~~~~~~~~~~~~~~~~~
In file included from ../src/master.c:37:
../src/master.c: In function 'main':
../src/shared.h:82:16: warning: passing argument 2 of 'vec_add_serial' discards 'volatile' qualifier from pointer target type [-Wdiscarded-qualifiers]
 #define SHARED ((volatile shared_mem_t *) SHARED_BASE)
../src/master.c:125:30: note: in expansion of macro 'SHARED'
     vec_add_serial(C_serial, SHARED->A, SHARED->B, ARRAY_SIZE);
                              ^~~~~~
../src/master.c:59:42: note: expected 'const u32 * restrict' {aka 'const long unsigned int * restrict'} but argument is of type 'volatile u32 *' {aka 'volatile long unsigned int *'}
                     const u32 * restrict a,
                     ~~~~~~~~~~~~~~~~~~~~~^
In file included from ../src/master.c:37:
../src/shared.h:82:16: warning: passing argument 3 of 'vec_add_serial' discards 'volatile' qualifier from pointer target type [-Wdiscarded-qualifiers]
 #define SHARED ((volatile shared_mem_t *) SHARED_BASE)
../src/master.c:125:41: note: in expansion of macro 'SHARED'
     vec_add_serial(C_serial, SHARED->A, SHARED->B, ARRAY_SIZE);
                                         ^~~~~~
../src/master.c:60:42: note: expected 'const u32 * restrict' {aka 'const long unsigned int * restrict'} but argument is of type 'volatile u32 *' {aka 'volatile long unsigned int *'}
                     const u32 * restrict b,
                     ~~~~~~~~~~~~~~~~~~~~~^
../src/master.c: In function 'read_global_timer':
../src/master.c:45:1: warning: control reaches end of non-void function [-Wreturn-type]
 }
 ^
make: *** [src/subdir.mk:26: src/master.o] Error 1
13:10:54 **** Incremental Build of configuration Debug for project worker ****
make pre-build main-build 
a9-linaro-pre-build-step
' '
make: Nothing to be done for 'main-build'.
13:11:05 **** Incremental Build of configuration Debug for project worker ****
make pre-build main-build 
a9-linaro-pre-build-step
' '
'Building file: ../src/worker.c'
'Invoking: ARM v7 gcc compiler'
arm-none-eabi-gcc -Wall -O3 -g3 -c -fmessage-length=0 -MT"src/worker.o" -mcpu=cortex-a9 -mfpu=neon -mfloat-abi=hard -std=c99 -mvectorize-with-neon-quad -ftree-vectorize -fopt-info-vec-optimized -fopt-info-vec-missed -ffast-math -I../../worker_bsp/ps7_cortexa9_1/include -MMD -MP -MF"src/worker.d" -MT"src/worker.o" -o "src/worker.o" "../src/worker.c"
../src/worker.c:96:5: note: not vectorized: empty loop.
../src/worker.c:96:5: note: bad loop form.
../src/worker.c:78:5: note: not vectorized: base addr of dr is a constant
../src/worker.c:78:5: note: bad data references.
../src/worker.c:73:11: note: not vectorized: number of iterations cannot be computed.
../src/worker.c:73:11: note: bad loop form.
../src/worker.c:65:11: note: not vectorized: number of iterations cannot be computed.
../src/worker.c:65:11: note: bad loop form.
../src/worker.c:52:5: note: not vectorized: not enough data-refs in basic block.
../src/worker.c:53:5: note: not vectorized: not enough data-refs in basic block.
../src/worker.c:61:20: note: not vectorized: base addr of dr is a constant
../src/worker.c:61:20: note: not vectorized: not enough data-refs in basic block.
../src/worker.c:65:11: note: not vectorized: base addr of dr is a constant
../src/worker.c:65:11: note: not vectorized: not enough data-refs in basic block.
../src/worker.c:70:5: note: not vectorized: base addr of dr is a constant
../src/worker.c:70:5: note: not vectorized: not enough data-refs in basic block.
../src/worker.c:70:5: note: not vectorized: not enough data-refs in basic block.
../src/worker.c:73:11: note: not vectorized: base addr of dr is a constant
../src/worker.c:73:11: note: not vectorized: not enough data-refs in basic block.
../src/worker.c:78:5: note: not vectorized: base addr of dr is a constant
../src/worker.c:78:5: note: not vectorized: not enough data-refs in basic block.
../src/worker.c:87:5: note: not vectorized: base addr of dr is a constant
../src/worker.c:87:5: note: not vectorized: not enough data-refs in basic block.
../src/worker.c:87:5: note: not vectorized: not enough data-refs in basic block.
'Finished building: ../src/worker.c'
' '
'Building target: worker.elf'
'Invoking: ARM v7 gcc linker'
arm-none-eabi-gcc -mcpu=cortex-a9 -mfpu=neon -mfloat-abi=hard -std=c99 -mvectorize-with-neon-quad -ftree-vectorize -Wl,-build-id=none -specs=Xilinx.spec -Wl,-T -Wl,../src/lscript.ld -L../../worker_bsp/ps7_cortexa9_1/lib -o "worker.elf"  ./src/platform.o ./src/worker.o   -Wl,--start-group,-lxil,-lgcc,-lc,--end-group
'Finished building target: worker.elf'
' '
'Invoking: ARM v7 Print Size'
arm-none-eabi-size worker.elf  |tee "worker.elf.size"
   text	   data	    bss	    dec	    hex	filename
  32524	   1544	  23256	  57324	   dfec	worker.elf
'Finished building: worker.elf.size'
' '
13:11:07 **** Incremental Build of configuration Debug for project master ****
make pre-build main-build 
a9-linaro-pre-build-step
' '
'Building file: ../src/master.c'
'Invoking: ARM v7 gcc compiler'
arm-none-eabi-gcc -Wall -O3 -g3 -c -fmessage-length=0 -MT"src/master.o" -mcpu=cortex-a9 -mfpu=neon -mfloat-abi=hard -std=c99 -mvectorize-with-neon-quad -ftree-vectorize -fopt-info-vec-optimized -fopt-info-vec-missed -ffast-math -I../../master_bsp/ps7_cortexa9_0/include -MMD -MP -MF"src/master.d" -MT"src/master.o" -o "src/master.o" "../src/master.c"
../src/master.c: In function 'read_global_timer':
../src/master.c:44:21: error: 'GLOBAL_TMR_BASEADDR' undeclared (first use in this function); did you mean 'XPAR_GLOBAL_TMR_BASEADDR'?
     return Xil_In32(GLOBAL_TMR_BASEADDR + GTIMER_COUNTER_LOWER_OFFSET);
                     ^~~~~~~~~~~~~~~~~~~
                     XPAR_GLOBAL_TMR_BASEADDR
../src/master.c:44:21: note: each undeclared identifier is reported only once for each function it appears in
../src/master.c:44:43: error: 'GTIMER_COUNTER_LOWER_OFFSET' undeclared (first use in this function)
     return Xil_In32(GLOBAL_TMR_BASEADDR + GTIMER_COUNTER_LOWER_OFFSET);
                                           ^~~~~~~~~~~~~~~~~~~~~~~~~~~
In file included from ../src/master.c:37:
../src/master.c: In function 'main':
../src/shared.h:82:16: warning: passing argument 2 of 'vec_add_serial' discards 'volatile' qualifier from pointer target type [-Wdiscarded-qualifiers]
 #define SHARED ((volatile shared_mem_t *) SHARED_BASE)
../src/master.c:125:30: note: in expansion of macro 'SHARED'
     vec_add_serial(C_serial, SHARED->A, SHARED->B, ARRAY_SIZE);
                              ^~~~~~
../src/master.c:59:42: note: expected 'const u32 * restrict' {aka 'const long unsigned int * restrict'} but argument is of type 'volatile u32 *' {aka 'volatile long unsigned int *'}
                     const u32 * restrict a,
                     ~~~~~~~~~~~~~~~~~~~~~^
In file included from ../src/master.c:37:
../src/shared.h:82:16: warning: passing argument 3 of 'vec_add_serial' discards 'volatile' qualifier from pointer target type [-Wdiscarded-qualifiers]
 #define SHARED ((volatile shared_mem_t *) SHARED_BASE)
../src/master.c:125:41: note: in expansion of macro 'SHARED'
     vec_add_serial(C_serial, SHARED->A, SHARED->B, ARRAY_SIZE);
                                         ^~~~~~
../src/master.c:60:42: note: expected 'const u32 * restrict' {aka 'const long unsigned int * restrict'} but argument is of type 'volatile u32 *' {aka 'volatile long unsigned int *'}
                     const u32 * restrict b,
                     ~~~~~~~~~~~~~~~~~~~~~^
../src/master.c: In function 'read_global_timer':
../src/master.c:45:1: warning: control reaches end of non-void function [-Wreturn-type]
 }
 ^
make: *** [src/subdir.mk:26: src/master.o] Error 1
13:11:43 **** Incremental Build of configuration Debug for project master ****
make pre-build main-build 
a9-linaro-pre-build-step
' '
'Building file: ../src/master.c'
'Invoking: ARM v7 gcc compiler'
arm-none-eabi-gcc -Wall -O3 -g3 -c -fmessage-length=0 -MT"src/master.o" -mcpu=cortex-a9 -mfpu=neon -mfloat-abi=hard -std=c99 -mvectorize-with-neon-quad -ftree-vectorize -fopt-info-vec-optimized -fopt-info-vec-missed -ffast-math -I../../master_bsp/ps7_cortexa9_0/include -MMD -MP -MF"src/master.d" -MT"src/master.o" -o "src/master.o" "../src/master.c"
../src/master.c: In function 'read_global_timer':
../src/master.c:44:21: error: 'GLOBAL_TMR_BASEADDR' undeclared (first use in this function); did you mean 'XPAR_GLOBAL_TMR_BASEADDR'?
     return Xil_In32(GLOBAL_TMR_BASEADDR + GTIMER_COUNTER_LOWER_OFFSET);
                     ^~~~~~~~~~~~~~~~~~~
                     XPAR_GLOBAL_TMR_BASEADDR
../src/master.c:44:21: note: each undeclared identifier is reported only once for each function it appears in
../src/master.c:44:43: error: 'GTIMER_COUNTER_LOWER_OFFSET' undeclared (first use in this function)
     return Xil_In32(GLOBAL_TMR_BASEADDR + GTIMER_COUNTER_LOWER_OFFSET);
                                           ^~~~~~~~~~~~~~~~~~~~~~~~~~~
In file included from ../src/master.c:37:
../src/master.c: In function 'main':
../src/shared.h:82:16: warning: passing argument 2 of 'vec_add_serial' discards 'volatile' qualifier from pointer target type [-Wdiscarded-qualifiers]
 #define SHARED ((volatile shared_mem_t *) SHARED_BASE)
../src/master.c:125:30: note: in expansion of macro 'SHARED'
     vec_add_serial(C_serial, SHARED->A, SHARED->B, ARRAY_SIZE);
                              ^~~~~~
../src/master.c:59:42: note: expected 'const u32 * restrict' {aka 'const long unsigned int * restrict'} but argument is of type 'volatile u32 *' {aka 'volatile long unsigned int *'}
                     const u32 * restrict a,
                     ~~~~~~~~~~~~~~~~~~~~~^
In file included from ../src/master.c:37:
../src/shared.h:82:16: warning: passing argument 3 of 'vec_add_serial' discards 'volatile' qualifier from pointer target type [-Wdiscarded-qualifiers]
 #define SHARED ((volatile shared_mem_t *) SHARED_BASE)
../src/master.c:125:41: note: in expansion of macro 'SHARED'
     vec_add_serial(C_serial, SHARED->A, SHARED->B, ARRAY_SIZE);
                                         ^~~~~~
../src/master.c:60:42: note: expected 'const u32 * restrict' {aka 'const long unsigned int * restrict'} but argument is of type 'volatile u32 *' {aka 'volatile long unsigned int *'}
                     const u32 * restrict b,
                     ~~~~~~~~~~~~~~~~~~~~~^
../src/master.c: In function 'read_global_timer':
../src/master.c:45:1: warning: control reaches end of non-void function [-Wreturn-type]
 }
 ^
make: *** [src/subdir.mk:26: src/master.o] Error 1
13:11:44 **** Incremental Build of configuration Debug for project worker ****
make pre-build main-build 
a9-linaro-pre-build-step
' '
make: Nothing to be done for 'main-build'.
13:11:54 **** Incremental Build of configuration Debug for project worker ****
make pre-build main-build 
a9-linaro-pre-build-step
' '
make: Nothing to be done for 'main-build'.
13:11:54 **** Incremental Build of configuration Debug for project master ****
make pre-build main-build 
a9-linaro-pre-build-step
' '
'Building file: ../src/master.c'
'Invoking: ARM v7 gcc compiler'
arm-none-eabi-gcc -Wall -O3 -g3 -c -fmessage-length=0 -MT"src/master.o" -mcpu=cortex-a9 -mfpu=neon -mfloat-abi=hard -std=c99 -mvectorize-with-neon-quad -ftree-vectorize -fopt-info-vec-optimized -fopt-info-vec-missed -ffast-math -I../../master_bsp/ps7_cortexa9_0/include -MMD -MP -MF"src/master.d" -MT"src/master.o" -o "src/master.o" "../src/master.c"
../src/master.c: In function 'read_global_timer':
../src/master.c:44:21: error: 'GLOBAL_TMR_BASEADDR' undeclared (first use in this function); did you mean 'XPAR_GLOBAL_TMR_BASEADDR'?
     return Xil_In32(GLOBAL_TMR_BASEADDR + GTIMER_COUNTER_LOWER_OFFSET);
                     ^~~~~~~~~~~~~~~~~~~
                     XPAR_GLOBAL_TMR_BASEADDR
../src/master.c:44:21: note: each undeclared identifier is reported only once for each function it appears in
../src/master.c:44:43: error: 'GTIMER_COUNTER_LOWER_OFFSET' undeclared (first use in this function)
     return Xil_In32(GLOBAL_TMR_BASEADDR + GTIMER_COUNTER_LOWER_OFFSET);
                                           ^~~~~~~~~~~~~~~~~~~~~~~~~~~
In file included from ../src/master.c:37:
../src/master.c: In function 'main':
../src/shared.h:82:16: warning: passing argument 2 of 'vec_add_serial' discards 'volatile' qualifier from pointer target type [-Wdiscarded-qualifiers]
 #define SHARED ((volatile shared_mem_t *) SHARED_BASE)
../src/master.c:125:30: note: in expansion of macro 'SHARED'
     vec_add_serial(C_serial, SHARED->A, SHARED->B, ARRAY_SIZE);
                              ^~~~~~
../src/master.c:59:42: note: expected 'const u32 * restrict' {aka 'const long unsigned int * restrict'} but argument is of type 'volatile u32 *' {aka 'volatile long unsigned int *'}
                     const u32 * restrict a,
                     ~~~~~~~~~~~~~~~~~~~~~^
In file included from ../src/master.c:37:
../src/shared.h:82:16: warning: passing argument 3 of 'vec_add_serial' discards 'volatile' qualifier from pointer target type [-Wdiscarded-qualifiers]
 #define SHARED ((volatile shared_mem_t *) SHARED_BASE)
../src/master.c:125:41: note: in expansion of macro 'SHARED'
     vec_add_serial(C_serial, SHARED->A, SHARED->B, ARRAY_SIZE);
                                         ^~~~~~
../src/master.c:60:42: note: expected 'const u32 * restrict' {aka 'const long unsigned int * restrict'} but argument is of type 'volatile u32 *' {aka 'volatile long unsigned int *'}
                     const u32 * restrict b,
                     ~~~~~~~~~~~~~~~~~~~~~^
../src/master.c: In function 'read_global_timer':
../src/master.c:45:1: warning: control reaches end of non-void function [-Wreturn-type]
 }
 ^
make: *** [src/subdir.mk:26: src/master.o] Error 1
13:12:48 **** Incremental Build of configuration Debug for project worker ****
make pre-build main-build 
a9-linaro-pre-build-step
' '
make: Nothing to be done for 'main-build'.
13:12:48 **** Incremental Build of configuration Debug for project master ****
make pre-build main-build 
a9-linaro-pre-build-step
' '
'Building file: ../src/master.c'
'Invoking: ARM v7 gcc compiler'
arm-none-eabi-gcc -Wall -O3 -g3 -c -fmessage-length=0 -MT"src/master.o" -mcpu=cortex-a9 -mfpu=neon -mfloat-abi=hard -std=c99 -mvectorize-with-neon-quad -ftree-vectorize -fopt-info-vec-optimized -fopt-info-vec-missed -ffast-math -I../../master_bsp/ps7_cortexa9_0/include -MMD -MP -MF"src/master.d" -MT"src/master.o" -o "src/master.o" "../src/master.c"
../src/master.c: In function 'read_global_timer':
../src/master.c:44:21: error: 'GLOBAL_TMR_BASEADDR' undeclared (first use in this function); did you mean 'XPAR_GLOBAL_TMR_BASEADDR'?
     return Xil_In32(GLOBAL_TMR_BASEADDR + GTIMER_COUNTER_LOWER_OFFSET);
                     ^~~~~~~~~~~~~~~~~~~
                     XPAR_GLOBAL_TMR_BASEADDR
../src/master.c:44:21: note: each undeclared identifier is reported only once for each function it appears in
../src/master.c:44:43: error: 'GTIMER_COUNTER_LOWER_OFFSET' undeclared (first use in this function)
     return Xil_In32(GLOBAL_TMR_BASEADDR + GTIMER_COUNTER_LOWER_OFFSET);
                                           ^~~~~~~~~~~~~~~~~~~~~~~~~~~
In file included from ../src/master.c:37:
../src/master.c: In function 'main':
../src/shared.h:82:16: warning: passing argument 2 of 'vec_add_serial' discards 'volatile' qualifier from pointer target type [-Wdiscarded-qualifiers]
 #define SHARED ((volatile shared_mem_t *) SHARED_BASE)
../src/master.c:125:30: note: in expansion of macro 'SHARED'
     vec_add_serial(C_serial, SHARED->A, SHARED->B, ARRAY_SIZE);
                              ^~~~~~
../src/master.c:59:42: note: expected 'const u32 * restrict' {aka 'const long unsigned int * restrict'} but argument is of type 'volatile u32 *' {aka 'volatile long unsigned int *'}
                     const u32 * restrict a,
                     ~~~~~~~~~~~~~~~~~~~~~^
In file included from ../src/master.c:37:
../src/shared.h:82:16: warning: passing argument 3 of 'vec_add_serial' discards 'volatile' qualifier from pointer target type [-Wdiscarded-qualifiers]
 #define SHARED ((volatile shared_mem_t *) SHARED_BASE)
../src/master.c:125:41: note: in expansion of macro 'SHARED'
     vec_add_serial(C_serial, SHARED->A, SHARED->B, ARRAY_SIZE);
                                         ^~~~~~
../src/master.c:60:42: note: expected 'const u32 * restrict' {aka 'const long unsigned int * restrict'} but argument is of type 'volatile u32 *' {aka 'volatile long unsigned int *'}
                     const u32 * restrict b,
                     ~~~~~~~~~~~~~~~~~~~~~^
../src/master.c: In function 'read_global_timer':
../src/master.c:45:1: warning: control reaches end of non-void function [-Wreturn-type]
 }
 ^
make: *** [src/subdir.mk:26: src/master.o] Error 1
13:14:06 **** Incremental Build of configuration Debug for project master ****
make pre-build main-build 
a9-linaro-pre-build-step
' '
'Building file: ../src/master.c'
'Invoking: ARM v7 gcc compiler'
arm-none-eabi-gcc -Wall -O3 -g3 -c -fmessage-length=0 -MT"src/master.o" -mcpu=cortex-a9 -mfpu=neon -mfloat-abi=hard -std=c99 -mvectorize-with-neon-quad -ftree-vectorize -fopt-info-vec-optimized -fopt-info-vec-missed -ffast-math -I../../master_bsp/ps7_cortexa9_0/include -MMD -MP -MF"src/master.d" -MT"src/master.o" -o "src/master.o" "../src/master.c"
In file included from ../src/master.c:39:
../../master_bsp/ps7_cortexa9_0/include/xtime_l.h:87:9: note: #pragma message: For the sleep routines, Global timer is being used
 #pragma message ("For the sleep routines, Global timer is being used")
         ^~~~~~~
In file included from ../src/master.c:37:
../src/master.c: In function 'main':
../src/shared.h:82:16: warning: passing argument 2 of 'vec_add_serial' discards 'volatile' qualifier from pointer target type [-Wdiscarded-qualifiers]
 #define SHARED ((volatile shared_mem_t *) SHARED_BASE)
../src/master.c:126:30: note: in expansion of macro 'SHARED'
     vec_add_serial(C_serial, SHARED->A, SHARED->B, ARRAY_SIZE);
                              ^~~~~~
../src/master.c:60:42: note: expected 'const u32 * restrict' {aka 'const long unsigned int * restrict'} but argument is of type 'volatile u32 *' {aka 'volatile long unsigned int *'}
                     const u32 * restrict a,
                     ~~~~~~~~~~~~~~~~~~~~~^
In file included from ../src/master.c:37:
../src/shared.h:82:16: warning: passing argument 3 of 'vec_add_serial' discards 'volatile' qualifier from pointer target type [-Wdiscarded-qualifiers]
 #define SHARED ((volatile shared_mem_t *) SHARED_BASE)
../src/master.c:126:41: note: in expansion of macro 'SHARED'
     vec_add_serial(C_serial, SHARED->A, SHARED->B, ARRAY_SIZE);
                                         ^~~~~~
../src/master.c:61:42: note: expected 'const u32 * restrict' {aka 'const long unsigned int * restrict'} but argument is of type 'volatile u32 *' {aka 'volatile long unsigned int *'}
                     const u32 * restrict b,
                     ~~~~~~~~~~~~~~~~~~~~~^
../src/master.c:64:5: note: Unknown misalignment, naturally aligned
../src/master.c:64:5: note: Unknown misalignment, naturally aligned
../src/master.c:64:5: note: Unknown misalignment, naturally aligned
../src/master.c:64:5: note: not ssa-name.
../src/master.c:64:5: note: use not simple.
../src/master.c:64:5: note: not ssa-name.
../src/master.c:64:5: note: use not simple.
../src/master.c:64:5: note: can't use a fully-masked loop because the target doesn't have the appropriate masked load or store.
../src/master.c:64:5: note: not ssa-name.
../src/master.c:64:5: note: use not simple.
../src/master.c:64:5: note: not ssa-name.
../src/master.c:64:5: note: use not simple.
../src/master.c:64:5: note: loop vectorized
../src/master.c:64:5: note: not vectorized: not enough data-refs in basic block.
../src/master.c:64:5: note: not vectorized: not enough data-refs in basic block.
../src/master.c:64:5: note: not vectorized: not enough data-refs in basic block.
../src/master.c:65:14: note: not vectorized: no vectype for stmt: vect__4.15_44 = MEM[(const u32 *)vectp_a.13_42];
 scalar_type: const vector(4) long unsigned int
../src/master.c:65:14: note: not vectorized: no vectype for stmt: vect__6.18_47 = MEM[(const u32 *)vectp_b.16_45];
 scalar_type: const vector(4) long unsigned int
../src/master.c:65:14: note: not vectorized: no vectype for stmt: MEM[(u32 *)vectp_c.20_49] = vect__8.19_48;
 scalar_type: vector(4) long unsigned int
../src/master.c:65:14: note: not vectorized: no grouped stores in basic block.
../src/master.c:65:14: note: not vectorized: not enough data-refs in basic block.
../src/master.c:64:5: note: not consecutive access _4 = *_3;
../src/master.c:64:5: note: not consecutive access _6 = *_5;
../src/master.c:64:5: note: not consecutive access *_7 = _8;
../src/master.c:64:5: note: not vectorized: no grouped stores in basic block.
../src/master.c:64:5: note: not consecutive access _58 = *_57;
../src/master.c:64:5: note: not consecutive access _60 = *_59;
../src/master.c:64:5: note: not consecutive access *_61 = _62;
../src/master.c:64:5: note: not vectorized: no grouped stores in basic block.
../src/master.c:64:28: note: not consecutive access _25 = *_26;
../src/master.c:64:28: note: not consecutive access _23 = *_24;
../src/master.c:64:28: note: not consecutive access *_19 = _18;
../src/master.c:64:28: note: not vectorized: no grouped stores in basic block.
../src/master.c:67:1: note: not vectorized: not enough data-refs in basic block.
../src/master.c:197:5: note: not vectorized: empty loop.
../src/master.c:197:5: note: bad loop form.
../src/master.c:190:5: note: not vectorized: base addr of dr is a constant
../src/master.c:190:5: note: bad data references.
../src/master.c:190:5: note: not vectorized: base addr of dr is a constant
../src/master.c:190:5: note: not vectorized: not enough data-refs in basic block.
../src/master.c:166:11: note: not vectorized: number of iterations cannot be computed.
../src/master.c:166:11: note: bad loop form.
../src/master.c:158:5: note: not vectorized: base addr of dr is a constant
../src/master.c:158:5: note: bad data references.
../src/master.c:148:11: note: not vectorized: number of iterations cannot be computed.
../src/master.c:148:11: note: bad loop form.
../src/master.c:136:7: note: not vectorized: base addr of dr is a constant
../src/master.c:136:7: note: bad data references.
../src/master.c:64:5: note: not vectorized: base addr of dr is a constant
../src/master.c:64:5: note: bad data references.
../src/master.c:113:5: note: not vectorized: base addr of dr is a constant
../src/master.c:113:5: note: bad data references.
../src/master.c:94:11: note: not vectorized: number of iterations cannot be computed.
../src/master.c:94:11: note: bad loop form.
../src/master.c:79:5: note: not vectorized: not enough data-refs in basic block.
../src/master.c:80:5: note: not vectorized: not enough data-refs in basic block.
../src/master.c:83:5: note: not vectorized: not enough data-refs in basic block.
../src/master.c:84:5: note: not vectorized: not enough data-refs in basic block.
../src/master.c:85:8: note: not vectorized: not enough data-refs in basic block.
../src/master.c:85:8: note: not vectorized: not enough data-refs in basic block.
../src/master.c:94:11: note: not vectorized: base addr of dr is a constant
../src/master.c:94:11: note: not vectorized: not enough data-refs in basic block.
../src/master.c:106:20: note: not vectorized: base addr of dr is a constant
../src/master.c:106:20: note: not vectorized: not enough data-refs in basic block.
../src/master.c:113:5: note: not vectorized: base addr of dr is a constant
../src/master.c:113:5: note: not vectorized: not enough data-refs in basic block.
../src/master.c:122:5: note: not vectorized: not enough data-refs in basic block.
../src/master.c:125:13: note: not vectorized: base addr of dr is a constant
../src/master.c:125:13: note: not vectorized: not enough data-refs in basic block.
../src/master.c:64:5: note: not consecutive access *_72 = _73;
../src/master.c:64:5: note: not vectorized: no grouped stores in basic block.
../src/master.c:132:5: note: not vectorized: base addr of dr is a constant
../src/master.c:132:5: note: not vectorized: not enough data-refs in basic block.
../src/master.c:132:5: note: not vectorized: not enough data-refs in basic block.
../src/master.c:136:7: note: not vectorized: base addr of dr is a constant
../src/master.c:136:7: note: not vectorized: not enough data-refs in basic block.
../src/master.c:145:5: note: not vectorized: not enough data-refs in basic block.
../src/master.c:145:5: note: not vectorized: not enough data-refs in basic block.
../src/master.c:148:11: note: not vectorized: base addr of dr is a constant
../src/master.c:148:11: note: not vectorized: not enough data-refs in basic block.
../src/master.c:155:19: note: not vectorized: base addr of dr is a constant
../src/master.c:155:19: note: not vectorized: not enough data-refs in basic block.
../src/master.c:158:5: note: not vectorized: base addr of dr is a constant
../src/master.c:158:5: note: not vectorized: not enough data-refs in basic block.
../src/master.c:162:19: note: not vectorized: base addr of dr is a constant
../src/master.c:162:19: note: not vectorized: not enough data-refs in basic block.
../src/master.c:166:11: note: not vectorized: base addr of dr is a constant
../src/master.c:166:11: note: not vectorized: not enough data-refs in basic block.
../src/master.c:174:8: note: not vectorized: base addr of dr is a constant
../src/master.c:174:8: note: not vectorized: not enough data-refs in basic block.
../src/master.c:178:5: note: not vectorized: not enough data-refs in basic block.
../src/master.c:179:5: note: not vectorized: not enough data-refs in basic block.
../src/master.c:180:5: note: not vectorized: not enough data-refs in basic block.
../src/master.c:181:5: note: not vectorized: not enough data-refs in basic block.
../src/master.c:181:5: note: not vectorized: not enough data-refs in basic block.
../src/master.c:191:12: note: not vectorized: base addr of dr is a constant
../src/master.c:191:12: note: not vectorized: not enough data-refs in basic block.
../src/master.c:192:19: note: not vectorized: not enough data-refs in basic block.
../src/master.c:190:5: note: not vectorized: not enough data-refs in basic block.
../src/master.c:195:5: note: not vectorized: not enough data-refs in basic block.
../src/master.c:195:5: note: not vectorized: not enough data-refs in basic block.
'Finished building: ../src/master.c'
' '
'Building target: master.elf'
'Invoking: ARM v7 gcc linker'
arm-none-eabi-gcc -mcpu=cortex-a9 -mfpu=neon -mfloat-abi=hard -std=c99 -mvectorize-with-neon-quad -ftree-vectorize -Wl,-build-id=none -specs=Xilinx.spec -Wl,-T -Wl,../src/lscript.ld -L../../master_bsp/ps7_cortexa9_0/lib -o "master.elf"  ./src/master.o ./src/platform.o   -Wl,--start-group,-lxil,-lgcc,-lc,--end-group
'Finished building target: master.elf'
' '
'Invoking: ARM v7 Print Size'
arm-none-eabi-size master.elf  |tee "master.elf.size"
   text	   data	    bss	    dec	    hex	filename
  33720	   1544	  23672	  58936	   e638	master.elf
'Finished building: master.elf.size'
' '
13:14:07 **** Incremental Build of configuration Debug for project worker ****
make pre-build main-build 
a9-linaro-pre-build-step
' '
make: Nothing to be done for 'main-build'.
13:14:28 **** Incremental Build of configuration Debug for project worker ****
make pre-build main-build 
a9-linaro-pre-build-step
' '
make: Nothing to be done for 'main-build'.
13:14:29 **** Incremental Build of configuration Debug for project master ****
make pre-build main-build 
a9-linaro-pre-build-step
' '
make: Nothing to be done for 'main-build'.
13:16:49 **** Incremental Build of configuration Debug for project master ****
make pre-build main-build 
a9-linaro-pre-build-step
' '
make: Nothing to be done for 'main-build'.
13:16:50 **** Incremental Build of configuration Debug for project worker ****
make pre-build main-build 
a9-linaro-pre-build-step
' '
'Building file: ../src/worker.c'
'Invoking: ARM v7 gcc compiler'
arm-none-eabi-gcc -Wall -O3 -g3 -c -fmessage-length=0 -MT"src/worker.o" -mcpu=cortex-a9 -mfpu=neon -mfloat-abi=hard -std=c99 -mvectorize-with-neon-quad -ftree-vectorize -fopt-info-vec-optimized -fopt-info-vec-missed -ffast-math -I../../worker_bsp/ps7_cortexa9_1/include -MMD -MP -MF"src/worker.d" -MT"src/worker.o" -o "src/worker.o" "../src/worker.c"
../src/worker.c:94:5: note: not vectorized: empty loop.
../src/worker.c:94:5: note: bad loop form.
../src/worker.c:78:5: note: not vectorized: base addr of dr is a constant
../src/worker.c:78:5: note: bad data references.
../src/worker.c:73:11: note: not vectorized: number of iterations cannot be computed.
../src/worker.c:73:11: note: bad loop form.
../src/worker.c:65:11: note: not vectorized: number of iterations cannot be computed.
../src/worker.c:65:11: note: bad loop form.
../src/worker.c:52:5: note: not vectorized: not enough data-refs in basic block.
../src/worker.c:53:5: note: not vectorized: not enough data-refs in basic block.
../src/worker.c:61:20: note: not vectorized: base addr of dr is a constant
../src/worker.c:61:20: note: not vectorized: not enough data-refs in basic block.
../src/worker.c:65:11: note: not vectorized: base addr of dr is a constant
../src/worker.c:65:11: note: not vectorized: not enough data-refs in basic block.
../src/worker.c:70:5: note: not vectorized: base addr of dr is a constant
../src/worker.c:70:5: note: not vectorized: not enough data-refs in basic block.
../src/worker.c:70:5: note: not vectorized: not enough data-refs in basic block.
../src/worker.c:73:11: note: not vectorized: base addr of dr is a constant
../src/worker.c:73:11: note: not vectorized: not enough data-refs in basic block.
../src/worker.c:78:5: note: not vectorized: base addr of dr is a constant
../src/worker.c:78:5: note: not vectorized: not enough data-refs in basic block.
../src/worker.c:84:19: note: not vectorized: base addr of dr is a constant
../src/worker.c:84:19: note: not vectorized: not enough data-refs in basic block.
../src/worker.c:84:19: note: not vectorized: not enough data-refs in basic block.
'Finished building: ../src/worker.c'
' '
'Building target: worker.elf'
'Invoking: ARM v7 gcc linker'
arm-none-eabi-gcc -mcpu=cortex-a9 -mfpu=neon -mfloat-abi=hard -std=c99 -mvectorize-with-neon-quad -ftree-vectorize -Wl,-build-id=none -specs=Xilinx.spec -Wl,-T -Wl,../src/lscript.ld -L../../worker_bsp/ps7_cortexa9_1/lib -o "worker.elf"  ./src/platform.o ./src/worker.o   -Wl,--start-group,-lxil,-lgcc,-lc,--end-group
'Finished building target: worker.elf'
' '
'Invoking: ARM v7 Print Size'
arm-none-eabi-size worker.elf  |tee "worker.elf.size"
   text	   data	    bss	    dec	    hex	filename
  32496	   1544	  23256	  57296	   dfd0	worker.elf
'Finished building: worker.elf.size'
' '
13:16:57 **** Incremental Build of configuration Debug for project worker ****
make pre-build main-build 
a9-linaro-pre-build-step
' '
make: Nothing to be done for 'main-build'.
13:16:58 **** Incremental Build of configuration Debug for project master ****
make pre-build main-build 
a9-linaro-pre-build-step
' '
make: Nothing to be done for 'main-build'.
13:19:38 **** Incremental Build of configuration Debug for project master ****
make pre-build main-build 
a9-linaro-pre-build-step
' '
'Building file: ../src/master.c'
'Invoking: ARM v7 gcc compiler'
arm-none-eabi-gcc -Wall -O3 -g3 -c -fmessage-length=0 -MT"src/master.o" -mcpu=cortex-a9 -mfpu=neon -mfloat-abi=hard -std=c99 -mvectorize-with-neon-quad -ftree-vectorize -fopt-info-vec-optimized -fopt-info-vec-missed -ffast-math -I../../master_bsp/ps7_cortexa9_0/include -MMD -MP -MF"src/master.d" -MT"src/master.o" -o "src/master.o" "../src/master.c"
In file included from ../src/master.c:39:
../../master_bsp/ps7_cortexa9_0/include/xtime_l.h:87:9: note: #pragma message: For the sleep routines, Global timer is being used
 #pragma message ("For the sleep routines, Global timer is being used")
         ^~~~~~~
In file included from ../src/master.c:37:
../src/master.c: In function 'main':
../src/shared.h:82:16: warning: passing argument 2 of 'vec_add_serial' discards 'volatile' qualifier from pointer target type [-Wdiscarded-qualifiers]
 #define SHARED ((volatile shared_mem_t *) SHARED_BASE)
../src/master.c:126:30: note: in expansion of macro 'SHARED'
     vec_add_serial(C_serial, SHARED->A, SHARED->B, ARRAY_SIZE);
                              ^~~~~~
../src/master.c:60:42: note: expected 'const u32 * restrict' {aka 'const long unsigned int * restrict'} but argument is of type 'volatile u32 *' {aka 'volatile long unsigned int *'}
                     const u32 * restrict a,
                     ~~~~~~~~~~~~~~~~~~~~~^
In file included from ../src/master.c:37:
../src/shared.h:82:16: warning: passing argument 3 of 'vec_add_serial' discards 'volatile' qualifier from pointer target type [-Wdiscarded-qualifiers]
 #define SHARED ((volatile shared_mem_t *) SHARED_BASE)
../src/master.c:126:41: note: in expansion of macro 'SHARED'
     vec_add_serial(C_serial, SHARED->A, SHARED->B, ARRAY_SIZE);
                                         ^~~~~~
../src/master.c:61:42: note: expected 'const u32 * restrict' {aka 'const long unsigned int * restrict'} but argument is of type 'volatile u32 *' {aka 'volatile long unsigned int *'}
                     const u32 * restrict b,
                     ~~~~~~~~~~~~~~~~~~~~~^
../src/master.c:64:5: note: Unknown misalignment, naturally aligned
../src/master.c:64:5: note: Unknown misalignment, naturally aligned
../src/master.c:64:5: note: Unknown misalignment, naturally aligned
../src/master.c:64:5: note: not ssa-name.
../src/master.c:64:5: note: use not simple.
../src/master.c:64:5: note: not ssa-name.
../src/master.c:64:5: note: use not simple.
../src/master.c:64:5: note: can't use a fully-masked loop because the target doesn't have the appropriate masked load or store.
../src/master.c:64:5: note: not ssa-name.
../src/master.c:64:5: note: use not simple.
../src/master.c:64:5: note: not ssa-name.
../src/master.c:64:5: note: use not simple.
../src/master.c:64:5: note: loop vectorized
../src/master.c:64:5: note: not vectorized: not enough data-refs in basic block.
../src/master.c:64:5: note: not vectorized: not enough data-refs in basic block.
../src/master.c:64:5: note: not vectorized: not enough data-refs in basic block.
../src/master.c:65:14: note: not vectorized: no vectype for stmt: vect__4.15_44 = MEM[(const u32 *)vectp_a.13_42];
 scalar_type: const vector(4) long unsigned int
../src/master.c:65:14: note: not vectorized: no vectype for stmt: vect__6.18_47 = MEM[(const u32 *)vectp_b.16_45];
 scalar_type: const vector(4) long unsigned int
../src/master.c:65:14: note: not vectorized: no vectype for stmt: MEM[(u32 *)vectp_c.20_49] = vect__8.19_48;
 scalar_type: vector(4) long unsigned int
../src/master.c:65:14: note: not vectorized: no grouped stores in basic block.
../src/master.c:65:14: note: not vectorized: not enough data-refs in basic block.
../src/master.c:64:5: note: not consecutive access _4 = *_3;
../src/master.c:64:5: note: not consecutive access _6 = *_5;
../src/master.c:64:5: note: not consecutive access *_7 = _8;
../src/master.c:64:5: note: not vectorized: no grouped stores in basic block.
../src/master.c:64:5: note: not consecutive access _58 = *_57;
../src/master.c:64:5: note: not consecutive access _60 = *_59;
../src/master.c:64:5: note: not consecutive access *_61 = _62;
../src/master.c:64:5: note: not vectorized: no grouped stores in basic block.
../src/master.c:64:28: note: not consecutive access _25 = *_26;
../src/master.c:64:28: note: not consecutive access _23 = *_24;
../src/master.c:64:28: note: not consecutive access *_19 = _18;
../src/master.c:64:28: note: not vectorized: no grouped stores in basic block.
../src/master.c:67:1: note: not vectorized: not enough data-refs in basic block.
../src/master.c:197:5: note: not vectorized: empty loop.
../src/master.c:197:5: note: bad loop form.
../src/master.c:190:5: note: not vectorized: base addr of dr is a constant
../src/master.c:190:5: note: bad data references.
../src/master.c:190:5: note: not vectorized: base addr of dr is a constant
../src/master.c:190:5: note: not vectorized: not enough data-refs in basic block.
../src/master.c:166:11: note: not vectorized: number of iterations cannot be computed.
../src/master.c:166:11: note: bad loop form.
../src/master.c:158:5: note: not vectorized: base addr of dr is a constant
../src/master.c:158:5: note: bad data references.
../src/master.c:148:11: note: not vectorized: number of iterations cannot be computed.
../src/master.c:148:11: note: bad loop form.
../src/master.c:136:7: note: not vectorized: base addr of dr is a constant
../src/master.c:136:7: note: bad data references.
../src/master.c:64:5: note: not vectorized: base addr of dr is a constant
../src/master.c:64:5: note: bad data references.
../src/master.c:113:5: note: not vectorized: base addr of dr is a constant
../src/master.c:113:5: note: bad data references.
../src/master.c:94:11: note: not vectorized: number of iterations cannot be computed.
../src/master.c:94:11: note: bad loop form.
../src/master.c:79:5: note: not vectorized: not enough data-refs in basic block.
../src/master.c:80:5: note: not vectorized: not enough data-refs in basic block.
../src/master.c:83:5: note: not vectorized: not enough data-refs in basic block.
../src/master.c:84:5: note: not vectorized: not enough data-refs in basic block.
../src/master.c:85:8: note: not vectorized: not enough data-refs in basic block.
../src/master.c:85:8: note: not vectorized: not enough data-refs in basic block.
../src/master.c:94:11: note: not vectorized: base addr of dr is a constant
../src/master.c:94:11: note: not vectorized: not enough data-refs in basic block.
../src/master.c:106:20: note: not vectorized: base addr of dr is a constant
../src/master.c:106:20: note: not vectorized: not enough data-refs in basic block.
../src/master.c:113:5: note: not vectorized: base addr of dr is a constant
../src/master.c:113:5: note: not vectorized: not enough data-refs in basic block.
../src/master.c:122:5: note: not vectorized: not enough data-refs in basic block.
../src/master.c:125:13: note: not vectorized: base addr of dr is a constant
../src/master.c:125:13: note: not vectorized: not enough data-refs in basic block.
../src/master.c:64:5: note: not consecutive access *_72 = _73;
../src/master.c:64:5: note: not vectorized: no grouped stores in basic block.
../src/master.c:132:5: note: not vectorized: base addr of dr is a constant
../src/master.c:132:5: note: not vectorized: not enough data-refs in basic block.
../src/master.c:132:5: note: not vectorized: not enough data-refs in basic block.
../src/master.c:136:7: note: not vectorized: base addr of dr is a constant
../src/master.c:136:7: note: not vectorized: not enough data-refs in basic block.
../src/master.c:145:5: note: not vectorized: not enough data-refs in basic block.
../src/master.c:145:5: note: not vectorized: not enough data-refs in basic block.
../src/master.c:148:11: note: not vectorized: base addr of dr is a constant
../src/master.c:148:11: note: not vectorized: not enough data-refs in basic block.
../src/master.c:155:19: note: not vectorized: base addr of dr is a constant
../src/master.c:155:19: note: not vectorized: not enough data-refs in basic block.
../src/master.c:158:5: note: not vectorized: base addr of dr is a constant
../src/master.c:158:5: note: not vectorized: not enough data-refs in basic block.
../src/master.c:162:19: note: not vectorized: base addr of dr is a constant
../src/master.c:162:19: note: not vectorized: not enough data-refs in basic block.
../src/master.c:166:11: note: not vectorized: base addr of dr is a constant
../src/master.c:166:11: note: not vectorized: not enough data-refs in basic block.
../src/master.c:174:8: note: not vectorized: base addr of dr is a constant
../src/master.c:174:8: note: not vectorized: not enough data-refs in basic block.
../src/master.c:178:5: note: not vectorized: not enough data-refs in basic block.
../src/master.c:179:5: note: not vectorized: not enough data-refs in basic block.
../src/master.c:180:5: note: not vectorized: not enough data-refs in basic block.
../src/master.c:181:5: note: not vectorized: not enough data-refs in basic block.
../src/master.c:181:5: note: not vectorized: not enough data-refs in basic block.
../src/master.c:191:12: note: not vectorized: base addr of dr is a constant
../src/master.c:191:12: note: not vectorized: not enough data-refs in basic block.
../src/master.c:192:19: note: not vectorized: not enough data-refs in basic block.
../src/master.c:190:5: note: not vectorized: not enough data-refs in basic block.
../src/master.c:195:5: note: not vectorized: not enough data-refs in basic block.
../src/master.c:195:5: note: not vectorized: not enough data-refs in basic block.
'Finished building: ../src/master.c'
' '
'Building target: master.elf'
'Invoking: ARM v7 gcc linker'
arm-none-eabi-gcc -mcpu=cortex-a9 -mfpu=neon -mfloat-abi=hard -std=c99 -mvectorize-with-neon-quad -ftree-vectorize -Wl,-build-id=none -specs=Xilinx.spec -Wl,-T -Wl,../src/lscript.ld -L../../master_bsp/ps7_cortexa9_0/lib -o "master.elf"  ./src/master.o ./src/platform.o   -Wl,--start-group,-lxil,-lgcc,-lc,--end-group
'Finished building target: master.elf'
' '
'Invoking: ARM v7 Print Size'
arm-none-eabi-size master.elf  |tee "master.elf.size"
   text	   data	    bss	    dec	    hex	filename
  33720	   1544	  23672	  58936	   e638	master.elf
'Finished building: master.elf.size'
' '
13:19:41 **** Incremental Build of configuration Debug for project worker ****
make pre-build main-build 
a9-linaro-pre-build-step
' '
make: Nothing to be done for 'main-build'.
13:19:49 **** Incremental Build of configuration Debug for project worker ****
make pre-build main-build 
a9-linaro-pre-build-step
' '
make: Nothing to be done for 'main-build'.
13:19:50 **** Incremental Build of configuration Debug for project master ****
make pre-build main-build 
a9-linaro-pre-build-step
' '
make: Nothing to be done for 'main-build'.
13:21:00 **** Incremental Build of configuration Debug for project master ****
make pre-build main-build 
a9-linaro-pre-build-step
' '
'Building file: ../src/master.c'
'Invoking: ARM v7 gcc compiler'
arm-none-eabi-gcc -Wall -O3 -g3 -c -fmessage-length=0 -MT"src/master.o" -mcpu=cortex-a9 -mfpu=neon -mfloat-abi=hard -std=c99 -mvectorize-with-neon-quad -ftree-vectorize -fopt-info-vec-optimized -fopt-info-vec-missed -ffast-math -I../../master_bsp/ps7_cortexa9_0/include -MMD -MP -MF"src/master.d" -MT"src/master.o" -o "src/master.o" "../src/master.c"
In file included from ../src/master.c:39:
../../master_bsp/ps7_cortexa9_0/include/xtime_l.h:87:9: note: #pragma message: For the sleep routines, Global timer is being used
 #pragma message ("For the sleep routines, Global timer is being used")
         ^~~~~~~
In file included from ../src/master.c:37:
../src/master.c: In function 'main':
../src/shared.h:82:16: warning: passing argument 2 of 'vec_add_serial' discards 'volatile' qualifier from pointer target type [-Wdiscarded-qualifiers]
 #define SHARED ((volatile shared_mem_t *) SHARED_BASE)
../src/master.c:126:30: note: in expansion of macro 'SHARED'
     vec_add_serial(C_serial, SHARED->A, SHARED->B, ARRAY_SIZE);
                              ^~~~~~
../src/master.c:60:42: note: expected 'const u32 * restrict' {aka 'const long unsigned int * restrict'} but argument is of type 'volatile u32 *' {aka 'volatile long unsigned int *'}
                     const u32 * restrict a,
                     ~~~~~~~~~~~~~~~~~~~~~^
In file included from ../src/master.c:37:
../src/shared.h:82:16: warning: passing argument 3 of 'vec_add_serial' discards 'volatile' qualifier from pointer target type [-Wdiscarded-qualifiers]
 #define SHARED ((volatile shared_mem_t *) SHARED_BASE)
../src/master.c:126:41: note: in expansion of macro 'SHARED'
     vec_add_serial(C_serial, SHARED->A, SHARED->B, ARRAY_SIZE);
                                         ^~~~~~
../src/master.c:61:42: note: expected 'const u32 * restrict' {aka 'const long unsigned int * restrict'} but argument is of type 'volatile u32 *' {aka 'volatile long unsigned int *'}
                     const u32 * restrict b,
                     ~~~~~~~~~~~~~~~~~~~~~^
../src/master.c:64:5: note: Unknown misalignment, naturally aligned
../src/master.c:64:5: note: Unknown misalignment, naturally aligned
../src/master.c:64:5: note: Unknown misalignment, naturally aligned
../src/master.c:64:5: note: not ssa-name.
../src/master.c:64:5: note: use not simple.
../src/master.c:64:5: note: not ssa-name.
../src/master.c:64:5: note: use not simple.
../src/master.c:64:5: note: can't use a fully-masked loop because the target doesn't have the appropriate masked load or store.
../src/master.c:64:5: note: not ssa-name.
../src/master.c:64:5: note: use not simple.
../src/master.c:64:5: note: not ssa-name.
../src/master.c:64:5: note: use not simple.
../src/master.c:64:5: note: loop vectorized
../src/master.c:64:5: note: not vectorized: not enough data-refs in basic block.
../src/master.c:64:5: note: not vectorized: not enough data-refs in basic block.
../src/master.c:64:5: note: not vectorized: not enough data-refs in basic block.
../src/master.c:65:14: note: not vectorized: no vectype for stmt: vect__4.15_44 = MEM[(const u32 *)vectp_a.13_42];
 scalar_type: const vector(4) long unsigned int
../src/master.c:65:14: note: not vectorized: no vectype for stmt: vect__6.18_47 = MEM[(const u32 *)vectp_b.16_45];
 scalar_type: const vector(4) long unsigned int
../src/master.c:65:14: note: not vectorized: no vectype for stmt: MEM[(u32 *)vectp_c.20_49] = vect__8.19_48;
 scalar_type: vector(4) long unsigned int
../src/master.c:65:14: note: not vectorized: no grouped stores in basic block.
../src/master.c:65:14: note: not vectorized: not enough data-refs in basic block.
../src/master.c:64:5: note: not consecutive access _4 = *_3;
../src/master.c:64:5: note: not consecutive access _6 = *_5;
../src/master.c:64:5: note: not consecutive access *_7 = _8;
../src/master.c:64:5: note: not vectorized: no grouped stores in basic block.
../src/master.c:64:5: note: not consecutive access _58 = *_57;
../src/master.c:64:5: note: not consecutive access _60 = *_59;
../src/master.c:64:5: note: not consecutive access *_61 = _62;
../src/master.c:64:5: note: not vectorized: no grouped stores in basic block.
../src/master.c:64:28: note: not consecutive access _25 = *_26;
../src/master.c:64:28: note: not consecutive access _23 = *_24;
../src/master.c:64:28: note: not consecutive access *_19 = _18;
../src/master.c:64:28: note: not vectorized: no grouped stores in basic block.
../src/master.c:67:1: note: not vectorized: not enough data-refs in basic block.
../src/master.c:197:5: note: not vectorized: empty loop.
../src/master.c:197:5: note: bad loop form.
../src/master.c:190:5: note: not vectorized: base addr of dr is a constant
../src/master.c:190:5: note: bad data references.
../src/master.c:190:5: note: not vectorized: base addr of dr is a constant
../src/master.c:190:5: note: not vectorized: not enough data-refs in basic block.
../src/master.c:166:11: note: not vectorized: number of iterations cannot be computed.
../src/master.c:166:11: note: bad loop form.
../src/master.c:158:5: note: not vectorized: base addr of dr is a constant
../src/master.c:158:5: note: bad data references.
../src/master.c:148:11: note: not vectorized: number of iterations cannot be computed.
../src/master.c:148:11: note: bad loop form.
../src/master.c:136:7: note: not vectorized: base addr of dr is a constant
../src/master.c:136:7: note: bad data references.
../src/master.c:64:5: note: not vectorized: base addr of dr is a constant
../src/master.c:64:5: note: bad data references.
../src/master.c:113:5: note: not vectorized: base addr of dr is a constant
../src/master.c:113:5: note: bad data references.
../src/master.c:94:11: note: not vectorized: number of iterations cannot be computed.
../src/master.c:94:11: note: bad loop form.
../src/master.c:79:5: note: not vectorized: not enough data-refs in basic block.
../src/master.c:80:5: note: not vectorized: not enough data-refs in basic block.
../src/master.c:83:5: note: not vectorized: not enough data-refs in basic block.
../src/master.c:84:5: note: not vectorized: not enough data-refs in basic block.
../src/master.c:85:8: note: not vectorized: not enough data-refs in basic block.
../src/master.c:85:8: note: not vectorized: not enough data-refs in basic block.
../src/master.c:94:11: note: not vectorized: base addr of dr is a constant
../src/master.c:94:11: note: not vectorized: not enough data-refs in basic block.
../src/master.c:106:20: note: not vectorized: base addr of dr is a constant
../src/master.c:106:20: note: not vectorized: not enough data-refs in basic block.
../src/master.c:113:5: note: not vectorized: base addr of dr is a constant
../src/master.c:113:5: note: not vectorized: not enough data-refs in basic block.
../src/master.c:122:5: note: not vectorized: not enough data-refs in basic block.
../src/master.c:125:13: note: not vectorized: base addr of dr is a constant
../src/master.c:125:13: note: not vectorized: not enough data-refs in basic block.
../src/master.c:64:5: note: not consecutive access *_72 = _73;
../src/master.c:64:5: note: not vectorized: no grouped stores in basic block.
../src/master.c:132:5: note: not vectorized: base addr of dr is a constant
../src/master.c:132:5: note: not vectorized: not enough data-refs in basic block.
../src/master.c:132:5: note: not vectorized: not enough data-refs in basic block.
../src/master.c:136:7: note: not vectorized: base addr of dr is a constant
../src/master.c:136:7: note: not vectorized: not enough data-refs in basic block.
../src/master.c:145:5: note: not vectorized: not enough data-refs in basic block.
../src/master.c:145:5: note: not vectorized: not enough data-refs in basic block.
../src/master.c:148:11: note: not vectorized: base addr of dr is a constant
../src/master.c:148:11: note: not vectorized: not enough data-refs in basic block.
../src/master.c:155:19: note: not vectorized: base addr of dr is a constant
../src/master.c:155:19: note: not vectorized: not enough data-refs in basic block.
../src/master.c:158:5: note: not vectorized: base addr of dr is a constant
../src/master.c:158:5: note: not vectorized: not enough data-refs in basic block.
../src/master.c:162:19: note: not vectorized: base addr of dr is a constant
../src/master.c:162:19: note: not vectorized: not enough data-refs in basic block.
../src/master.c:166:11: note: not vectorized: base addr of dr is a constant
../src/master.c:166:11: note: not vectorized: not enough data-refs in basic block.
../src/master.c:174:8: note: not vectorized: base addr of dr is a constant
../src/master.c:174:8: note: not vectorized: not enough data-refs in basic block.
../src/master.c:178:5: note: not vectorized: not enough data-refs in basic block.
../src/master.c:179:5: note: not vectorized: not enough data-refs in basic block.
../src/master.c:180:5: note: not vectorized: not enough data-refs in basic block.
../src/master.c:181:5: note: not vectorized: not enough data-refs in basic block.
../src/master.c:181:5: note: not vectorized: not enough data-refs in basic block.
../src/master.c:191:12: note: not vectorized: base addr of dr is a constant
../src/master.c:191:12: note: not vectorized: not enough data-refs in basic block.
../src/master.c:192:19: note: not vectorized: not enough data-refs in basic block.
../src/master.c:190:5: note: not vectorized: not enough data-refs in basic block.
../src/master.c:195:5: note: not vectorized: not enough data-refs in basic block.
../src/master.c:195:5: note: not vectorized: not enough data-refs in basic block.
'Finished building: ../src/master.c'
' '
'Building target: master.elf'
'Invoking: ARM v7 gcc linker'
arm-none-eabi-gcc -mcpu=cortex-a9 -mfpu=neon -mfloat-abi=hard -std=c99 -mvectorize-with-neon-quad -ftree-vectorize -Wl,-build-id=none -specs=Xilinx.spec -Wl,-T -Wl,../src/lscript.ld -L../../master_bsp/ps7_cortexa9_0/lib -o "master.elf"  ./src/master.o ./src/platform.o   -Wl,--start-group,-lxil,-lgcc,-lc,--end-group
'Finished building target: master.elf'
' '
'Invoking: ARM v7 Print Size'
arm-none-eabi-size master.elf  |tee "master.elf.size"
   text	   data	    bss	    dec	    hex	filename
  33720	   1544	  23672	  58936	   e638	master.elf
'Finished building: master.elf.size'
' '
13:21:01 **** Incremental Build of configuration Debug for project worker ****
make pre-build main-build 
a9-linaro-pre-build-step
' '
make: Nothing to be done for 'main-build'.
13:21:42 **** Incremental Build of configuration Debug for project master ****
make pre-build main-build 
a9-linaro-pre-build-step
' '
make: Nothing to be done for 'main-build'.
13:21:43 **** Incremental Build of configuration Debug for project worker ****
make pre-build main-build 
a9-linaro-pre-build-step
' '
'Building file: ../src/worker.c'
'Invoking: ARM v7 gcc compiler'
arm-none-eabi-gcc -Wall -O3 -g3 -c -fmessage-length=0 -MT"src/worker.o" -mcpu=cortex-a9 -mfpu=neon -mfloat-abi=hard -std=c99 -mvectorize-with-neon-quad -ftree-vectorize -fopt-info-vec-optimized -fopt-info-vec-missed -ffast-math -I../../worker_bsp/ps7_cortexa9_1/include -MMD -MP -MF"src/worker.d" -MT"src/worker.o" -o "src/worker.o" "../src/worker.c"
../src/worker.c:94:5: note: not vectorized: empty loop.
../src/worker.c:94:5: note: bad loop form.
../src/worker.c:78:5: note: not vectorized: base addr of dr is a constant
../src/worker.c:78:5: note: bad data references.
../src/worker.c:73:11: note: not vectorized: number of iterations cannot be computed.
../src/worker.c:73:11: note: bad loop form.
../src/worker.c:65:11: note: not vectorized: number of iterations cannot be computed.
../src/worker.c:65:11: note: bad loop form.
../src/worker.c:52:5: note: not vectorized: not enough data-refs in basic block.
../src/worker.c:53:5: note: not vectorized: not enough data-refs in basic block.
../src/worker.c:61:20: note: not vectorized: base addr of dr is a constant
../src/worker.c:61:20: note: not vectorized: not enough data-refs in basic block.
../src/worker.c:65:11: note: not vectorized: base addr of dr is a constant
../src/worker.c:65:11: note: not vectorized: not enough data-refs in basic block.
../src/worker.c:70:5: note: not vectorized: base addr of dr is a constant
../src/worker.c:70:5: note: not vectorized: not enough data-refs in basic block.
../src/worker.c:70:5: note: not vectorized: not enough data-refs in basic block.
../src/worker.c:73:11: note: not vectorized: base addr of dr is a constant
../src/worker.c:73:11: note: not vectorized: not enough data-refs in basic block.
../src/worker.c:84:19: note: not vectorized: base addr of dr is a constant
../src/worker.c:84:19: note: not vectorized: not enough data-refs in basic block.
../src/worker.c:84:19: note: not vectorized: not enough data-refs in basic block.
'Finished building: ../src/worker.c'
' '
'Building target: worker.elf'
'Invoking: ARM v7 gcc linker'
arm-none-eabi-gcc -mcpu=cortex-a9 -mfpu=neon -mfloat-abi=hard -std=c99 -mvectorize-with-neon-quad -ftree-vectorize -Wl,-build-id=none -specs=Xilinx.spec -Wl,-T -Wl,../src/lscript.ld -L../../worker_bsp/ps7_cortexa9_1/lib -o "worker.elf"  ./src/platform.o ./src/worker.o   -Wl,--start-group,-lxil,-lgcc,-lc,--end-group
'Finished building target: worker.elf'
' '
'Invoking: ARM v7 Print Size'
arm-none-eabi-size worker.elf  |tee "worker.elf.size"
   text	   data	    bss	    dec	    hex	filename
  32524	   1544	  23256	  57324	   dfec	worker.elf
'Finished building: worker.elf.size'
' '
13:21:49 **** Incremental Build of configuration Debug for project worker ****
make pre-build main-build 
a9-linaro-pre-build-step
' '
make: Nothing to be done for 'main-build'.
13:21:50 **** Incremental Build of configuration Debug for project master ****
make pre-build main-build 
a9-linaro-pre-build-step
' '
'Building file: ../src/master.c'
'Invoking: ARM v7 gcc compiler'
arm-none-eabi-gcc -Wall -O3 -g3 -c -fmessage-length=0 -MT"src/master.o" -mcpu=cortex-a9 -mfpu=neon -mfloat-abi=hard -std=c99 -mvectorize-with-neon-quad -ftree-vectorize -fopt-info-vec-optimized -fopt-info-vec-missed -ffast-math -I../../master_bsp/ps7_cortexa9_0/include -MMD -MP -MF"src/master.d" -MT"src/master.o" -o "src/master.o" "../src/master.c"
In file included from ../src/master.c:39:
../../master_bsp/ps7_cortexa9_0/include/xtime_l.h:87:9: note: #pragma message: For the sleep routines, Global timer is being used
 #pragma message ("For the sleep routines, Global timer is being used")
         ^~~~~~~
In file included from ../src/master.c:37:
../src/master.c: In function 'main':
../src/shared.h:82:16: warning: passing argument 2 of 'vec_add_serial' discards 'volatile' qualifier from pointer target type [-Wdiscarded-qualifiers]
 #define SHARED ((volatile shared_mem_t *) SHARED_BASE)
../src/master.c:126:30: note: in expansion of macro 'SHARED'
     vec_add_serial(C_serial, SHARED->A, SHARED->B, ARRAY_SIZE);
                              ^~~~~~
../src/master.c:60:42: note: expected 'const u32 * restrict' {aka 'const long unsigned int * restrict'} but argument is of type 'volatile u32 *' {aka 'volatile long unsigned int *'}
                     const u32 * restrict a,
                     ~~~~~~~~~~~~~~~~~~~~~^
In file included from ../src/master.c:37:
../src/shared.h:82:16: warning: passing argument 3 of 'vec_add_serial' discards 'volatile' qualifier from pointer target type [-Wdiscarded-qualifiers]
 #define SHARED ((volatile shared_mem_t *) SHARED_BASE)
../src/master.c:126:41: note: in expansion of macro 'SHARED'
     vec_add_serial(C_serial, SHARED->A, SHARED->B, ARRAY_SIZE);
                                         ^~~~~~
../src/master.c:61:42: note: expected 'const u32 * restrict' {aka 'const long unsigned int * restrict'} but argument is of type 'volatile u32 *' {aka 'volatile long unsigned int *'}
                     const u32 * restrict b,
                     ~~~~~~~~~~~~~~~~~~~~~^
../src/master.c:64:5: note: Unknown misalignment, naturally aligned
../src/master.c:64:5: note: Unknown misalignment, naturally aligned
../src/master.c:64:5: note: Unknown misalignment, naturally aligned
../src/master.c:64:5: note: not ssa-name.
../src/master.c:64:5: note: use not simple.
../src/master.c:64:5: note: not ssa-name.
../src/master.c:64:5: note: use not simple.
../src/master.c:64:5: note: can't use a fully-masked loop because the target doesn't have the appropriate masked load or store.
../src/master.c:64:5: note: not ssa-name.
../src/master.c:64:5: note: use not simple.
../src/master.c:64:5: note: not ssa-name.
../src/master.c:64:5: note: use not simple.
../src/master.c:64:5: note: loop vectorized
../src/master.c:64:5: note: not vectorized: not enough data-refs in basic block.
../src/master.c:64:5: note: not vectorized: not enough data-refs in basic block.
../src/master.c:64:5: note: not vectorized: not enough data-refs in basic block.
../src/master.c:65:14: note: not vectorized: no vectype for stmt: vect__4.15_44 = MEM[(const u32 *)vectp_a.13_42];
 scalar_type: const vector(4) long unsigned int
../src/master.c:65:14: note: not vectorized: no vectype for stmt: vect__6.18_47 = MEM[(const u32 *)vectp_b.16_45];
 scalar_type: const vector(4) long unsigned int
../src/master.c:65:14: note: not vectorized: no vectype for stmt: MEM[(u32 *)vectp_c.20_49] = vect__8.19_48;
 scalar_type: vector(4) long unsigned int
../src/master.c:65:14: note: not vectorized: no grouped stores in basic block.
../src/master.c:65:14: note: not vectorized: not enough data-refs in basic block.
../src/master.c:64:5: note: not consecutive access _4 = *_3;
../src/master.c:64:5: note: not consecutive access _6 = *_5;
../src/master.c:64:5: note: not consecutive access *_7 = _8;
../src/master.c:64:5: note: not vectorized: no grouped stores in basic block.
../src/master.c:64:5: note: not consecutive access _58 = *_57;
../src/master.c:64:5: note: not consecutive access _60 = *_59;
../src/master.c:64:5: note: not consecutive access *_61 = _62;
../src/master.c:64:5: note: not vectorized: no grouped stores in basic block.
../src/master.c:64:28: note: not consecutive access _25 = *_26;
../src/master.c:64:28: note: not consecutive access _23 = *_24;
../src/master.c:64:28: note: not consecutive access *_19 = _18;
../src/master.c:64:28: note: not vectorized: no grouped stores in basic block.
../src/master.c:67:1: note: not vectorized: not enough data-refs in basic block.
../src/master.c:197:5: note: not vectorized: empty loop.
../src/master.c:197:5: note: bad loop form.
../src/master.c:190:5: note: not vectorized: base addr of dr is a constant
../src/master.c:190:5: note: bad data references.
../src/master.c:190:5: note: not vectorized: base addr of dr is a constant
../src/master.c:190:5: note: not vectorized: not enough data-refs in basic block.
../src/master.c:166:11: note: not vectorized: number of iterations cannot be computed.
../src/master.c:166:11: note: bad loop form.
../src/master.c:158:5: note: not vectorized: base addr of dr is a constant
../src/master.c:158:5: note: bad data references.
../src/master.c:148:11: note: not vectorized: number of iterations cannot be computed.
../src/master.c:148:11: note: bad loop form.
../src/master.c:136:7: note: not vectorized: base addr of dr is a constant
../src/master.c:136:7: note: bad data references.
../src/master.c:64:5: note: not vectorized: base addr of dr is a constant
../src/master.c:64:5: note: bad data references.
../src/master.c:113:5: note: not vectorized: base addr of dr is a constant
../src/master.c:113:5: note: bad data references.
../src/master.c:94:11: note: not vectorized: number of iterations cannot be computed.
../src/master.c:94:11: note: bad loop form.
../src/master.c:79:5: note: not vectorized: not enough data-refs in basic block.
../src/master.c:80:5: note: not vectorized: not enough data-refs in basic block.
../src/master.c:83:5: note: not vectorized: not enough data-refs in basic block.
../src/master.c:84:5: note: not vectorized: not enough data-refs in basic block.
../src/master.c:85:8: note: not vectorized: not enough data-refs in basic block.
../src/master.c:85:8: note: not vectorized: not enough data-refs in basic block.
../src/master.c:94:11: note: not vectorized: base addr of dr is a constant
../src/master.c:94:11: note: not vectorized: not enough data-refs in basic block.
../src/master.c:122:5: note: not vectorized: base addr of dr is a constant
../src/master.c:122:5: note: not vectorized: not enough data-refs in basic block.
../src/master.c:132:5: note: not vectorized: base addr of dr is a constant
../src/master.c:132:5: note: not vectorized: not enough data-refs in basic block.
../src/master.c:145:5: note: not vectorized: base addr of dr is a constant
../src/master.c:145:5: note: not vectorized: not enough data-refs in basic block.
../src/master.c:145:5: note: not vectorized: not enough data-refs in basic block.
../src/master.c:148:11: note: not vectorized: base addr of dr is a constant
../src/master.c:148:11: note: not vectorized: not enough data-refs in basic block.
../src/master.c:162:19: note: not vectorized: base addr of dr is a constant
../src/master.c:162:19: note: not vectorized: not enough data-refs in basic block.
../src/master.c:166:11: note: not vectorized: base addr of dr is a constant
../src/master.c:166:11: note: not vectorized: not enough data-refs in basic block.
../src/master.c:174:8: note: not vectorized: base addr of dr is a constant
../src/master.c:174:8: note: not vectorized: not enough data-refs in basic block.
../src/master.c:178:5: note: not vectorized: not enough data-refs in basic block.
../src/master.c:179:5: note: not vectorized: not enough data-refs in basic block.
../src/master.c:180:5: note: not vectorized: not enough data-refs in basic block.
../src/master.c:181:5: note: not vectorized: not enough data-refs in basic block.
../src/master.c:191:12: note: not vectorized: base addr of dr is a constant
../src/master.c:191:12: note: not vectorized: not enough data-refs in basic block.
../src/master.c:192:19: note: not vectorized: not enough data-refs in basic block.
../src/master.c:191:12: note: not vectorized: base addr of dr is a constant
../src/master.c:191:12: note: not vectorized: not enough data-refs in basic block.
../src/master.c:192:19: note: not vectorized: not enough data-refs in basic block.
../src/master.c:191:12: note: not vectorized: base addr of dr is a constant
../src/master.c:191:12: note: not vectorized: not enough data-refs in basic block.
../src/master.c:192:19: note: not vectorized: not enough data-refs in basic block.
../src/master.c:191:12: note: not vectorized: base addr of dr is a constant
../src/master.c:191:12: note: not vectorized: not enough data-refs in basic block.
../src/master.c:192:19: note: not vectorized: not enough data-refs in basic block.
../src/master.c:191:12: note: not vectorized: base addr of dr is a constant
../src/master.c:191:12: note: not vectorized: not enough data-refs in basic block.
../src/master.c:192:19: note: not vectorized: not enough data-refs in basic block.
../src/master.c:191:12: note: not vectorized: base addr of dr is a constant
../src/master.c:191:12: note: not vectorized: not enough data-refs in basic block.
../src/master.c:192:19: note: not vectorized: not enough data-refs in basic block.
../src/master.c:191:12: note: not vectorized: base addr of dr is a constant
../src/master.c:191:12: note: not vectorized: not enough data-refs in basic block.
../src/master.c:192:19: note: not vectorized: not enough data-refs in basic block.
../src/master.c:191:12: note: not vectorized: base addr of dr is a constant
../src/master.c:191:12: note: not vectorized: not enough data-refs in basic block.
../src/master.c:192:19: note: not vectorized: not enough data-refs in basic block.
../src/master.c:191:12: note: not vectorized: base addr of dr is a constant
../src/master.c:191:12: note: not vectorized: not enough data-refs in basic block.
../src/master.c:192:19: note: not vectorized: not enough data-refs in basic block.
../src/master.c:191:12: note: not vectorized: base addr of dr is a constant
../src/master.c:191:12: note: not vectorized: not enough data-refs in basic block.
../src/master.c:192:19: note: not vectorized: not enough data-refs in basic block.
../src/master.c:195:5: note: not vectorized: not enough data-refs in basic block.
../src/master.c:195:5: note: not vectorized: not enough data-refs in basic block.
'Finished building: ../src/master.c'
' '
'Building target: master.elf'
'Invoking: ARM v7 gcc linker'
arm-none-eabi-gcc -mcpu=cortex-a9 -mfpu=neon -mfloat-abi=hard -std=c99 -mvectorize-with-neon-quad -ftree-vectorize -Wl,-build-id=none -specs=Xilinx.spec -Wl,-T -Wl,../src/lscript.ld -L../../master_bsp/ps7_cortexa9_0/lib -o "master.elf"  ./src/master.o ./src/platform.o   -Wl,--start-group,-lxil,-lgcc,-lc,--end-group
'Finished building target: master.elf'
' '
'Invoking: ARM v7 Print Size'
arm-none-eabi-size master.elf  |tee "master.elf.size"
   text	   data	    bss	    dec	    hex	filename
  33972	   1544	  23320	  58836	   e5d4	master.elf
'Finished building: master.elf.size'
' '
13:22:26 **** Incremental Build of configuration Debug for project master ****
make pre-build main-build 
a9-linaro-pre-build-step
' '
'Building file: ../src/master.c'
'Invoking: ARM v7 gcc compiler'
arm-none-eabi-gcc -Wall -O3 -g3 -c -fmessage-length=0 -MT"src/master.o" -mcpu=cortex-a9 -mfpu=neon -mfloat-abi=hard -std=c99 -mvectorize-with-neon-quad -ftree-vectorize -fopt-info-vec-optimized -fopt-info-vec-missed -ffast-math -I../../master_bsp/ps7_cortexa9_0/include -MMD -MP -MF"src/master.d" -MT"src/master.o" -o "src/master.o" "../src/master.c"
In file included from ../src/master.c:39:
../../master_bsp/ps7_cortexa9_0/include/xtime_l.h:87:9: note: #pragma message: For the sleep routines, Global timer is being used
 #pragma message ("For the sleep routines, Global timer is being used")
         ^~~~~~~
In file included from ../src/master.c:37:
../src/master.c: In function 'main':
../src/shared.h:82:16: warning: passing argument 2 of 'vec_add_serial' discards 'volatile' qualifier from pointer target type [-Wdiscarded-qualifiers]
 #define SHARED ((volatile shared_mem_t *) SHARED_BASE)
../src/master.c:126:30: note: in expansion of macro 'SHARED'
     vec_add_serial(C_serial, SHARED->A, SHARED->B, ARRAY_SIZE);
                              ^~~~~~
../src/master.c:60:42: note: expected 'const u32 * restrict' {aka 'const long unsigned int * restrict'} but argument is of type 'volatile u32 *' {aka 'volatile long unsigned int *'}
                     const u32 * restrict a,
                     ~~~~~~~~~~~~~~~~~~~~~^
In file included from ../src/master.c:37:
../src/shared.h:82:16: warning: passing argument 3 of 'vec_add_serial' discards 'volatile' qualifier from pointer target type [-Wdiscarded-qualifiers]
 #define SHARED ((volatile shared_mem_t *) SHARED_BASE)
../src/master.c:126:41: note: in expansion of macro 'SHARED'
     vec_add_serial(C_serial, SHARED->A, SHARED->B, ARRAY_SIZE);
                                         ^~~~~~
../src/master.c:61:42: note: expected 'const u32 * restrict' {aka 'const long unsigned int * restrict'} but argument is of type 'volatile u32 *' {aka 'volatile long unsigned int *'}
                     const u32 * restrict b,
                     ~~~~~~~~~~~~~~~~~~~~~^
../src/master.c:64:5: note: Unknown misalignment, naturally aligned
../src/master.c:64:5: note: Unknown misalignment, naturally aligned
../src/master.c:64:5: note: Unknown misalignment, naturally aligned
../src/master.c:64:5: note: not ssa-name.
../src/master.c:64:5: note: use not simple.
../src/master.c:64:5: note: not ssa-name.
../src/master.c:64:5: note: use not simple.
../src/master.c:64:5: note: can't use a fully-masked loop because the target doesn't have the appropriate masked load or store.
../src/master.c:64:5: note: not ssa-name.
../src/master.c:64:5: note: use not simple.
../src/master.c:64:5: note: not ssa-name.
../src/master.c:64:5: note: use not simple.
../src/master.c:64:5: note: loop vectorized
../src/master.c:64:5: note: not vectorized: not enough data-refs in basic block.
../src/master.c:64:5: note: not vectorized: not enough data-refs in basic block.
../src/master.c:64:5: note: not vectorized: not enough data-refs in basic block.
../src/master.c:65:14: note: not vectorized: no vectype for stmt: vect__4.15_44 = MEM[(const u32 *)vectp_a.13_42];
 scalar_type: const vector(4) long unsigned int
../src/master.c:65:14: note: not vectorized: no vectype for stmt: vect__6.18_47 = MEM[(const u32 *)vectp_b.16_45];
 scalar_type: const vector(4) long unsigned int
../src/master.c:65:14: note: not vectorized: no vectype for stmt: MEM[(u32 *)vectp_c.20_49] = vect__8.19_48;
 scalar_type: vector(4) long unsigned int
../src/master.c:65:14: note: not vectorized: no grouped stores in basic block.
../src/master.c:65:14: note: not vectorized: not enough data-refs in basic block.
../src/master.c:64:5: note: not consecutive access _4 = *_3;
../src/master.c:64:5: note: not consecutive access _6 = *_5;
../src/master.c:64:5: note: not consecutive access *_7 = _8;
../src/master.c:64:5: note: not vectorized: no grouped stores in basic block.
../src/master.c:64:5: note: not consecutive access _58 = *_57;
../src/master.c:64:5: note: not consecutive access _60 = *_59;
../src/master.c:64:5: note: not consecutive access *_61 = _62;
../src/master.c:64:5: note: not vectorized: no grouped stores in basic block.
../src/master.c:64:28: note: not consecutive access _25 = *_26;
../src/master.c:64:28: note: not consecutive access _23 = *_24;
../src/master.c:64:28: note: not consecutive access *_19 = _18;
../src/master.c:64:28: note: not vectorized: no grouped stores in basic block.
../src/master.c:67:1: note: not vectorized: not enough data-refs in basic block.
../src/master.c:197:5: note: not vectorized: empty loop.
../src/master.c:197:5: note: bad loop form.
../src/master.c:190:5: note: not vectorized: base addr of dr is a constant
../src/master.c:190:5: note: bad data references.
../src/master.c:190:5: note: not vectorized: base addr of dr is a constant
../src/master.c:190:5: note: not vectorized: not enough data-refs in basic block.
../src/master.c:166:11: note: not vectorized: number of iterations cannot be computed.
../src/master.c:166:11: note: bad loop form.
../src/master.c:158:5: note: not vectorized: base addr of dr is a constant
../src/master.c:158:5: note: bad data references.
../src/master.c:148:11: note: not vectorized: number of iterations cannot be computed.
../src/master.c:148:11: note: bad loop form.
../src/master.c:136:7: note: not vectorized: base addr of dr is a constant
../src/master.c:136:7: note: bad data references.
../src/master.c:64:5: note: not vectorized: base addr of dr is a constant
../src/master.c:64:5: note: bad data references.
../src/master.c:113:5: note: not vectorized: base addr of dr is a constant
../src/master.c:113:5: note: bad data references.
../src/master.c:94:11: note: not vectorized: number of iterations cannot be computed.
../src/master.c:94:11: note: bad loop form.
../src/master.c:79:5: note: not vectorized: not enough data-refs in basic block.
../src/master.c:80:5: note: not vectorized: not enough data-refs in basic block.
../src/master.c:83:5: note: not vectorized: not enough data-refs in basic block.
../src/master.c:84:5: note: not vectorized: not enough data-refs in basic block.
../src/master.c:85:8: note: not vectorized: not enough data-refs in basic block.
../src/master.c:85:8: note: not vectorized: not enough data-refs in basic block.
../src/master.c:94:11: note: not vectorized: base addr of dr is a constant
../src/master.c:94:11: note: not vectorized: not enough data-refs in basic block.
../src/master.c:106:20: note: not vectorized: base addr of dr is a constant
../src/master.c:106:20: note: not vectorized: not enough data-refs in basic block.
../src/master.c:113:5: note: not vectorized: base addr of dr is a constant
../src/master.c:113:5: note: not vectorized: not enough data-refs in basic block.
../src/master.c:122:5: note: not vectorized: not enough data-refs in basic block.
../src/master.c:125:13: note: not vectorized: base addr of dr is a constant
../src/master.c:125:13: note: not vectorized: not enough data-refs in basic block.
../src/master.c:64:5: note: not consecutive access *_72 = _73;
../src/master.c:64:5: note: not vectorized: no grouped stores in basic block.
../src/master.c:132:5: note: not vectorized: base addr of dr is a constant
../src/master.c:132:5: note: not vectorized: not enough data-refs in basic block.
../src/master.c:132:5: note: not vectorized: not enough data-refs in basic block.
../src/master.c:136:7: note: not vectorized: base addr of dr is a constant
../src/master.c:136:7: note: not vectorized: not enough data-refs in basic block.
../src/master.c:145:5: note: not vectorized: not enough data-refs in basic block.
../src/master.c:145:5: note: not vectorized: not enough data-refs in basic block.
../src/master.c:148:11: note: not vectorized: base addr of dr is a constant
../src/master.c:148:11: note: not vectorized: not enough data-refs in basic block.
../src/master.c:155:19: note: not vectorized: base addr of dr is a constant
../src/master.c:155:19: note: not vectorized: not enough data-refs in basic block.
../src/master.c:158:5: note: not vectorized: base addr of dr is a constant
../src/master.c:158:5: note: not vectorized: not enough data-refs in basic block.
../src/master.c:162:19: note: not vectorized: base addr of dr is a constant
../src/master.c:162:19: note: not vectorized: not enough data-refs in basic block.
../src/master.c:166:11: note: not vectorized: base addr of dr is a constant
../src/master.c:166:11: note: not vectorized: not enough data-refs in basic block.
../src/master.c:174:8: note: not vectorized: base addr of dr is a constant
../src/master.c:174:8: note: not vectorized: not enough data-refs in basic block.
../src/master.c:178:5: note: not vectorized: not enough data-refs in basic block.
../src/master.c:179:5: note: not vectorized: not enough data-refs in basic block.
../src/master.c:180:5: note: not vectorized: not enough data-refs in basic block.
../src/master.c:181:5: note: not vectorized: not enough data-refs in basic block.
../src/master.c:181:5: note: not vectorized: not enough data-refs in basic block.
../src/master.c:191:12: note: not vectorized: base addr of dr is a constant
../src/master.c:191:12: note: not vectorized: not enough data-refs in basic block.
../src/master.c:192:19: note: not vectorized: not enough data-refs in basic block.
../src/master.c:190:5: note: not vectorized: not enough data-refs in basic block.
../src/master.c:195:5: note: not vectorized: not enough data-refs in basic block.
../src/master.c:195:5: note: not vectorized: not enough data-refs in basic block.
'Finished building: ../src/master.c'
' '
'Building target: master.elf'
'Invoking: ARM v7 gcc linker'
arm-none-eabi-gcc -mcpu=cortex-a9 -mfpu=neon -mfloat-abi=hard -std=c99 -mvectorize-with-neon-quad -ftree-vectorize -Wl,-build-id=none -specs=Xilinx.spec -Wl,-T -Wl,../src/lscript.ld -L../../master_bsp/ps7_cortexa9_0/lib -o "master.elf"  ./src/master.o ./src/platform.o   -Wl,--start-group,-lxil,-lgcc,-lc,--end-group
'Finished building target: master.elf'
' '
'Invoking: ARM v7 Print Size'
arm-none-eabi-size master.elf  |tee "master.elf.size"
   text	   data	    bss	    dec	    hex	filename
  33720	   1544	  23672	  58936	   e638	master.elf
'Finished building: master.elf.size'
' '
13:22:28 **** Incremental Build of configuration Debug for project worker ****
make pre-build main-build 
a9-linaro-pre-build-step
' '
make: Nothing to be done for 'main-build'.
13:22:34 **** Incremental Build of configuration Debug for project worker ****
make pre-build main-build 
a9-linaro-pre-build-step
' '
'Building file: ../src/worker.c'
'Invoking: ARM v7 gcc compiler'
arm-none-eabi-gcc -Wall -O3 -g3 -c -fmessage-length=0 -MT"src/worker.o" -mcpu=cortex-a9 -mfpu=neon -mfloat-abi=hard -std=c99 -mvectorize-with-neon-quad -ftree-vectorize -fopt-info-vec-optimized -fopt-info-vec-missed -ffast-math -I../../worker_bsp/ps7_cortexa9_1/include -MMD -MP -MF"src/worker.d" -MT"src/worker.o" -o "src/worker.o" "../src/worker.c"
../src/worker.c:94:5: note: not vectorized: empty loop.
../src/worker.c:94:5: note: bad loop form.
../src/worker.c:78:5: note: not vectorized: base addr of dr is a constant
../src/worker.c:78:5: note: bad data references.
../src/worker.c:73:11: note: not vectorized: number of iterations cannot be computed.
../src/worker.c:73:11: note: bad loop form.
../src/worker.c:65:11: note: not vectorized: number of iterations cannot be computed.
../src/worker.c:65:11: note: bad loop form.
../src/worker.c:52:5: note: not vectorized: not enough data-refs in basic block.
../src/worker.c:53:5: note: not vectorized: not enough data-refs in basic block.
../src/worker.c:61:20: note: not vectorized: base addr of dr is a constant
../src/worker.c:61:20: note: not vectorized: not enough data-refs in basic block.
../src/worker.c:65:11: note: not vectorized: base addr of dr is a constant
../src/worker.c:65:11: note: not vectorized: not enough data-refs in basic block.
../src/worker.c:70:5: note: not vectorized: base addr of dr is a constant
../src/worker.c:70:5: note: not vectorized: not enough data-refs in basic block.
../src/worker.c:70:5: note: not vectorized: not enough data-refs in basic block.
../src/worker.c:73:11: note: not vectorized: base addr of dr is a constant
../src/worker.c:73:11: note: not vectorized: not enough data-refs in basic block.
../src/worker.c:78:5: note: not vectorized: base addr of dr is a constant
../src/worker.c:78:5: note: not vectorized: not enough data-refs in basic block.
../src/worker.c:84:19: note: not vectorized: base addr of dr is a constant
../src/worker.c:84:19: note: not vectorized: not enough data-refs in basic block.
../src/worker.c:84:19: note: not vectorized: not enough data-refs in basic block.
'Finished building: ../src/worker.c'
' '
'Building target: worker.elf'
'Invoking: ARM v7 gcc linker'
arm-none-eabi-gcc -mcpu=cortex-a9 -mfpu=neon -mfloat-abi=hard -std=c99 -mvectorize-with-neon-quad -ftree-vectorize -Wl,-build-id=none -specs=Xilinx.spec -Wl,-T -Wl,../src/lscript.ld -L../../worker_bsp/ps7_cortexa9_1/lib -o "worker.elf"  ./src/platform.o ./src/worker.o   -Wl,--start-group,-lxil,-lgcc,-lc,--end-group
'Finished building target: worker.elf'
' '
'Invoking: ARM v7 Print Size'
arm-none-eabi-size worker.elf  |tee "worker.elf.size"
   text	   data	    bss	    dec	    hex	filename
  32496	   1544	  23256	  57296	   dfd0	worker.elf
'Finished building: worker.elf.size'
' '
13:22:35 **** Incremental Build of configuration Debug for project master ****
make pre-build main-build 
a9-linaro-pre-build-step
' '
make: Nothing to be done for 'main-build'.
13:23:18 **** Incremental Build of configuration Debug for project master ****
make pre-build main-build 
a9-linaro-pre-build-step
' '
'Building file: ../src/master.c'
'Invoking: ARM v7 gcc compiler'
arm-none-eabi-gcc -Wall -O3 -g3 -c -fmessage-length=0 -MT"src/master.o" -mcpu=cortex-a9 -mfpu=neon -mfloat-abi=hard -std=c99 -mvectorize-with-neon-quad -ftree-vectorize -fopt-info-vec-optimized -fopt-info-vec-missed -ffast-math -I../../master_bsp/ps7_cortexa9_0/include -MMD -MP -MF"src/master.d" -MT"src/master.o" -o "src/master.o" "../src/master.c"
In file included from ../src/master.c:39:
../../master_bsp/ps7_cortexa9_0/include/xtime_l.h:87:9: note: #pragma message: For the sleep routines, Global timer is being used
 #pragma message ("For the sleep routines, Global timer is being used")
         ^~~~~~~
In file included from ../src/master.c:37:
../src/master.c: In function 'main':
../src/shared.h:82:16: warning: passing argument 2 of 'vec_add_serial' discards 'volatile' qualifier from pointer target type [-Wdiscarded-qualifiers]
 #define SHARED ((volatile shared_mem_t *) SHARED_BASE)
../src/master.c:126:30: note: in expansion of macro 'SHARED'
     vec_add_serial(C_serial, SHARED->A, SHARED->B, ARRAY_SIZE);
                              ^~~~~~
../src/master.c:60:42: note: expected 'const u32 * restrict' {aka 'const long unsigned int * restrict'} but argument is of type 'volatile u32 *' {aka 'volatile long unsigned int *'}
                     const u32 * restrict a,
                     ~~~~~~~~~~~~~~~~~~~~~^
In file included from ../src/master.c:37:
../src/shared.h:82:16: warning: passing argument 3 of 'vec_add_serial' discards 'volatile' qualifier from pointer target type [-Wdiscarded-qualifiers]
 #define SHARED ((volatile shared_mem_t *) SHARED_BASE)
../src/master.c:126:41: note: in expansion of macro 'SHARED'
     vec_add_serial(C_serial, SHARED->A, SHARED->B, ARRAY_SIZE);
                                         ^~~~~~
../src/master.c:61:42: note: expected 'const u32 * restrict' {aka 'const long unsigned int * restrict'} but argument is of type 'volatile u32 *' {aka 'volatile long unsigned int *'}
                     const u32 * restrict b,
                     ~~~~~~~~~~~~~~~~~~~~~^
../src/master.c:64:5: note: Unknown misalignment, naturally aligned
../src/master.c:64:5: note: Unknown misalignment, naturally aligned
../src/master.c:64:5: note: Unknown misalignment, naturally aligned
../src/master.c:64:5: note: not ssa-name.
../src/master.c:64:5: note: use not simple.
../src/master.c:64:5: note: not ssa-name.
../src/master.c:64:5: note: use not simple.
../src/master.c:64:5: note: can't use a fully-masked loop because the target doesn't have the appropriate masked load or store.
../src/master.c:64:5: note: not ssa-name.
../src/master.c:64:5: note: use not simple.
../src/master.c:64:5: note: not ssa-name.
../src/master.c:64:5: note: use not simple.
../src/master.c:64:5: note: loop vectorized
../src/master.c:64:5: note: not vectorized: not enough data-refs in basic block.
../src/master.c:64:5: note: not vectorized: not enough data-refs in basic block.
../src/master.c:64:5: note: not vectorized: not enough data-refs in basic block.
../src/master.c:65:14: note: not vectorized: no vectype for stmt: vect__4.15_44 = MEM[(const u32 *)vectp_a.13_42];
 scalar_type: const vector(4) long unsigned int
../src/master.c:65:14: note: not vectorized: no vectype for stmt: vect__6.18_47 = MEM[(const u32 *)vectp_b.16_45];
 scalar_type: const vector(4) long unsigned int
../src/master.c:65:14: note: not vectorized: no vectype for stmt: MEM[(u32 *)vectp_c.20_49] = vect__8.19_48;
 scalar_type: vector(4) long unsigned int
../src/master.c:65:14: note: not vectorized: no grouped stores in basic block.
../src/master.c:65:14: note: not vectorized: not enough data-refs in basic block.
../src/master.c:64:5: note: not consecutive access _4 = *_3;
../src/master.c:64:5: note: not consecutive access _6 = *_5;
../src/master.c:64:5: note: not consecutive access *_7 = _8;
../src/master.c:64:5: note: not vectorized: no grouped stores in basic block.
../src/master.c:64:5: note: not consecutive access _58 = *_57;
../src/master.c:64:5: note: not consecutive access _60 = *_59;
../src/master.c:64:5: note: not consecutive access *_61 = _62;
../src/master.c:64:5: note: not vectorized: no grouped stores in basic block.
../src/master.c:64:28: note: not consecutive access _25 = *_26;
../src/master.c:64:28: note: not consecutive access _23 = *_24;
../src/master.c:64:28: note: not consecutive access *_19 = _18;
../src/master.c:64:28: note: not vectorized: no grouped stores in basic block.
../src/master.c:67:1: note: not vectorized: not enough data-refs in basic block.
../src/master.c:197:5: note: not vectorized: empty loop.
../src/master.c:197:5: note: bad loop form.
../src/master.c:190:5: note: not vectorized: base addr of dr is a constant
../src/master.c:190:5: note: bad data references.
../src/master.c:190:5: note: not vectorized: base addr of dr is a constant
../src/master.c:190:5: note: not vectorized: not enough data-refs in basic block.
../src/master.c:166:11: note: not vectorized: number of iterations cannot be computed.
../src/master.c:166:11: note: bad loop form.
../src/master.c:158:5: note: not vectorized: base addr of dr is a constant
../src/master.c:158:5: note: bad data references.
../src/master.c:148:11: note: not vectorized: number of iterations cannot be computed.
../src/master.c:148:11: note: bad loop form.
../src/master.c:136:7: note: not vectorized: base addr of dr is a constant
../src/master.c:136:7: note: bad data references.
../src/master.c:64:5: note: not vectorized: base addr of dr is a constant
../src/master.c:64:5: note: bad data references.
../src/master.c:113:5: note: not vectorized: base addr of dr is a constant
../src/master.c:113:5: note: bad data references.
../src/master.c:94:11: note: not vectorized: number of iterations cannot be computed.
../src/master.c:94:11: note: bad loop form.
../src/master.c:79:5: note: not vectorized: not enough data-refs in basic block.
../src/master.c:80:5: note: not vectorized: not enough data-refs in basic block.
../src/master.c:83:5: note: not vectorized: not enough data-refs in basic block.
../src/master.c:84:5: note: not vectorized: not enough data-refs in basic block.
../src/master.c:85:8: note: not vectorized: not enough data-refs in basic block.
../src/master.c:85:8: note: not vectorized: not enough data-refs in basic block.
../src/master.c:94:11: note: not vectorized: base addr of dr is a constant
../src/master.c:94:11: note: not vectorized: not enough data-refs in basic block.
../src/master.c:106:20: note: not vectorized: base addr of dr is a constant
../src/master.c:106:20: note: not vectorized: not enough data-refs in basic block.
../src/master.c:113:5: note: not vectorized: base addr of dr is a constant
../src/master.c:113:5: note: not vectorized: not enough data-refs in basic block.
../src/master.c:122:5: note: not vectorized: not enough data-refs in basic block.
../src/master.c:125:13: note: not vectorized: base addr of dr is a constant
../src/master.c:125:13: note: not vectorized: not enough data-refs in basic block.
../src/master.c:64:5: note: not consecutive access *_72 = _73;
../src/master.c:64:5: note: not vectorized: no grouped stores in basic block.
../src/master.c:132:5: note: not vectorized: base addr of dr is a constant
../src/master.c:132:5: note: not vectorized: not enough data-refs in basic block.
../src/master.c:132:5: note: not vectorized: not enough data-refs in basic block.
../src/master.c:136:7: note: not vectorized: base addr of dr is a constant
../src/master.c:136:7: note: not vectorized: not enough data-refs in basic block.
../src/master.c:145:5: note: not vectorized: not enough data-refs in basic block.
../src/master.c:145:5: note: not vectorized: not enough data-refs in basic block.
../src/master.c:148:11: note: not vectorized: base addr of dr is a constant
../src/master.c:148:11: note: not vectorized: not enough data-refs in basic block.
../src/master.c:155:19: note: not vectorized: base addr of dr is a constant
../src/master.c:155:19: note: not vectorized: not enough data-refs in basic block.
../src/master.c:158:5: note: not vectorized: base addr of dr is a constant
../src/master.c:158:5: note: not vectorized: not enough data-refs in basic block.
../src/master.c:162:19: note: not vectorized: base addr of dr is a constant
../src/master.c:162:19: note: not vectorized: not enough data-refs in basic block.
../src/master.c:166:11: note: not vectorized: base addr of dr is a constant
../src/master.c:166:11: note: not vectorized: not enough data-refs in basic block.
../src/master.c:174:8: note: not vectorized: base addr of dr is a constant
../src/master.c:174:8: note: not vectorized: not enough data-refs in basic block.
../src/master.c:178:5: note: not vectorized: not enough data-refs in basic block.
../src/master.c:179:5: note: not vectorized: not enough data-refs in basic block.
../src/master.c:180:5: note: not vectorized: not enough data-refs in basic block.
../src/master.c:181:5: note: not vectorized: not enough data-refs in basic block.
../src/master.c:181:5: note: not vectorized: not enough data-refs in basic block.
../src/master.c:191:12: note: not vectorized: base addr of dr is a constant
../src/master.c:191:12: note: not vectorized: not enough data-refs in basic block.
../src/master.c:192:19: note: not vectorized: not enough data-refs in basic block.
../src/master.c:190:5: note: not vectorized: not enough data-refs in basic block.
../src/master.c:195:5: note: not vectorized: not enough data-refs in basic block.
../src/master.c:195:5: note: not vectorized: not enough data-refs in basic block.
'Finished building: ../src/master.c'
' '
'Building target: master.elf'
'Invoking: ARM v7 gcc linker'
arm-none-eabi-gcc -mcpu=cortex-a9 -mfpu=neon -mfloat-abi=hard -std=c99 -mvectorize-with-neon-quad -ftree-vectorize -Wl,-build-id=none -specs=Xilinx.spec -Wl,-T -Wl,../src/lscript.ld -L../../master_bsp/ps7_cortexa9_0/lib -o "master.elf"  ./src/master.o ./src/platform.o   -Wl,--start-group,-lxil,-lgcc,-lc,--end-group
'Finished building target: master.elf'
' '
'Invoking: ARM v7 Print Size'
arm-none-eabi-size master.elf  |tee "master.elf.size"
   text	   data	    bss	    dec	    hex	filename
  33832	   1544	  27272	  62648	   f4b8	master.elf
'Finished building: master.elf.size'
' '
13:23:20 **** Incremental Build of configuration Debug for project worker ****
make pre-build main-build 
a9-linaro-pre-build-step
' '
make: Nothing to be done for 'main-build'.
13:23:25 **** Incremental Build of configuration Debug for project worker ****
make pre-build main-build 
a9-linaro-pre-build-step
' '
'Building file: ../src/worker.c'
'Invoking: ARM v7 gcc compiler'
arm-none-eabi-gcc -Wall -O3 -g3 -c -fmessage-length=0 -MT"src/worker.o" -mcpu=cortex-a9 -mfpu=neon -mfloat-abi=hard -std=c99 -mvectorize-with-neon-quad -ftree-vectorize -fopt-info-vec-optimized -fopt-info-vec-missed -ffast-math -I../../worker_bsp/ps7_cortexa9_1/include -MMD -MP -MF"src/worker.d" -MT"src/worker.o" -o "src/worker.o" "../src/worker.c"
../src/worker.c:94:5: note: not vectorized: empty loop.
../src/worker.c:94:5: note: bad loop form.
../src/worker.c:78:5: note: not vectorized: base addr of dr is a constant
../src/worker.c:78:5: note: bad data references.
../src/worker.c:73:11: note: not vectorized: number of iterations cannot be computed.
../src/worker.c:73:11: note: bad loop form.
../src/worker.c:65:11: note: not vectorized: number of iterations cannot be computed.
../src/worker.c:65:11: note: bad loop form.
../src/worker.c:52:5: note: not vectorized: not enough data-refs in basic block.
../src/worker.c:53:5: note: not vectorized: not enough data-refs in basic block.
../src/worker.c:61:20: note: not vectorized: base addr of dr is a constant
../src/worker.c:61:20: note: not vectorized: not enough data-refs in basic block.
../src/worker.c:65:11: note: not vectorized: base addr of dr is a constant
../src/worker.c:65:11: note: not vectorized: not enough data-refs in basic block.
../src/worker.c:70:5: note: not vectorized: base addr of dr is a constant
../src/worker.c:70:5: note: not vectorized: not enough data-refs in basic block.
../src/worker.c:70:5: note: not vectorized: not enough data-refs in basic block.
../src/worker.c:73:11: note: not vectorized: base addr of dr is a constant
../src/worker.c:73:11: note: not vectorized: not enough data-refs in basic block.
../src/worker.c:78:5: note: not vectorized: base addr of dr is a constant
../src/worker.c:78:5: note: not vectorized: not enough data-refs in basic block.
../src/worker.c:84:19: note: not vectorized: base addr of dr is a constant
../src/worker.c:84:19: note: not vectorized: not enough data-refs in basic block.
../src/worker.c:84:19: note: not vectorized: not enough data-refs in basic block.
'Finished building: ../src/worker.c'
' '
'Building target: worker.elf'
'Invoking: ARM v7 gcc linker'
arm-none-eabi-gcc -mcpu=cortex-a9 -mfpu=neon -mfloat-abi=hard -std=c99 -mvectorize-with-neon-quad -ftree-vectorize -Wl,-build-id=none -specs=Xilinx.spec -Wl,-T -Wl,../src/lscript.ld -L../../worker_bsp/ps7_cortexa9_1/lib -o "worker.elf"  ./src/platform.o ./src/worker.o   -Wl,--start-group,-lxil,-lgcc,-lc,--end-group
'Finished building target: worker.elf'
' '
'Invoking: ARM v7 Print Size'
arm-none-eabi-size worker.elf  |tee "worker.elf.size"
   text	   data	    bss	    dec	    hex	filename
  32500	   1544	  23256	  57300	   dfd4	worker.elf
'Finished building: worker.elf.size'
' '
13:23:26 **** Incremental Build of configuration Debug for project master ****
make pre-build main-build 
a9-linaro-pre-build-step
' '
make: Nothing to be done for 'main-build'.
13:23:58 **** Incremental Build of configuration Debug for project master ****
make pre-build main-build 
a9-linaro-pre-build-step
' '
'Building file: ../src/master.c'
'Invoking: ARM v7 gcc compiler'
arm-none-eabi-gcc -Wall -O3 -g3 -c -fmessage-length=0 -MT"src/master.o" -mcpu=cortex-a9 -mfpu=neon -mfloat-abi=hard -std=c99 -mvectorize-with-neon-quad -ftree-vectorize -fopt-info-vec-optimized -fopt-info-vec-missed -ffast-math -I../../master_bsp/ps7_cortexa9_0/include -MMD -MP -MF"src/master.d" -MT"src/master.o" -o "src/master.o" "../src/master.c"
In file included from ../src/master.c:39:
../../master_bsp/ps7_cortexa9_0/include/xtime_l.h:87:9: note: #pragma message: For the sleep routines, Global timer is being used
 #pragma message ("For the sleep routines, Global timer is being used")
         ^~~~~~~
In file included from ../src/master.c:37:
../src/master.c: In function 'main':
../src/shared.h:82:16: warning: passing argument 2 of 'vec_add_serial' discards 'volatile' qualifier from pointer target type [-Wdiscarded-qualifiers]
 #define SHARED ((volatile shared_mem_t *) SHARED_BASE)
../src/master.c:126:30: note: in expansion of macro 'SHARED'
     vec_add_serial(C_serial, SHARED->A, SHARED->B, ARRAY_SIZE);
                              ^~~~~~
../src/master.c:60:42: note: expected 'const u32 * restrict' {aka 'const long unsigned int * restrict'} but argument is of type 'volatile u32 *' {aka 'volatile long unsigned int *'}
                     const u32 * restrict a,
                     ~~~~~~~~~~~~~~~~~~~~~^
In file included from ../src/master.c:37:
../src/shared.h:82:16: warning: passing argument 3 of 'vec_add_serial' discards 'volatile' qualifier from pointer target type [-Wdiscarded-qualifiers]
 #define SHARED ((volatile shared_mem_t *) SHARED_BASE)
../src/master.c:126:41: note: in expansion of macro 'SHARED'
     vec_add_serial(C_serial, SHARED->A, SHARED->B, ARRAY_SIZE);
                                         ^~~~~~
../src/master.c:61:42: note: expected 'const u32 * restrict' {aka 'const long unsigned int * restrict'} but argument is of type 'volatile u32 *' {aka 'volatile long unsigned int *'}
                     const u32 * restrict b,
                     ~~~~~~~~~~~~~~~~~~~~~^
../src/master.c:64:5: note: Unknown misalignment, naturally aligned
../src/master.c:64:5: note: Unknown misalignment, naturally aligned
../src/master.c:64:5: note: Unknown misalignment, naturally aligned
../src/master.c:64:5: note: not ssa-name.
../src/master.c:64:5: note: use not simple.
../src/master.c:64:5: note: not ssa-name.
../src/master.c:64:5: note: use not simple.
../src/master.c:64:5: note: can't use a fully-masked loop because the target doesn't have the appropriate masked load or store.
../src/master.c:64:5: note: not ssa-name.
../src/master.c:64:5: note: use not simple.
../src/master.c:64:5: note: not ssa-name.
../src/master.c:64:5: note: use not simple.
../src/master.c:64:5: note: loop vectorized
../src/master.c:64:5: note: not vectorized: not enough data-refs in basic block.
../src/master.c:64:5: note: not vectorized: not enough data-refs in basic block.
../src/master.c:64:5: note: not vectorized: not enough data-refs in basic block.
../src/master.c:65:14: note: not vectorized: no vectype for stmt: vect__4.15_44 = MEM[(const u32 *)vectp_a.13_42];
 scalar_type: const vector(4) long unsigned int
../src/master.c:65:14: note: not vectorized: no vectype for stmt: vect__6.18_47 = MEM[(const u32 *)vectp_b.16_45];
 scalar_type: const vector(4) long unsigned int
../src/master.c:65:14: note: not vectorized: no vectype for stmt: MEM[(u32 *)vectp_c.20_49] = vect__8.19_48;
 scalar_type: vector(4) long unsigned int
../src/master.c:65:14: note: not vectorized: no grouped stores in basic block.
../src/master.c:65:14: note: not vectorized: not enough data-refs in basic block.
../src/master.c:64:5: note: not consecutive access _4 = *_3;
../src/master.c:64:5: note: not consecutive access _6 = *_5;
../src/master.c:64:5: note: not consecutive access *_7 = _8;
../src/master.c:64:5: note: not vectorized: no grouped stores in basic block.
../src/master.c:64:5: note: not consecutive access _58 = *_57;
../src/master.c:64:5: note: not consecutive access _60 = *_59;
../src/master.c:64:5: note: not consecutive access *_61 = _62;
../src/master.c:64:5: note: not vectorized: no grouped stores in basic block.
../src/master.c:64:28: note: not consecutive access _25 = *_26;
../src/master.c:64:28: note: not consecutive access _23 = *_24;
../src/master.c:64:28: note: not consecutive access *_19 = _18;
../src/master.c:64:28: note: not vectorized: no grouped stores in basic block.
../src/master.c:67:1: note: not vectorized: not enough data-refs in basic block.
../src/master.c:197:5: note: not vectorized: empty loop.
../src/master.c:197:5: note: bad loop form.
../src/master.c:190:5: note: not vectorized: base addr of dr is a constant
../src/master.c:190:5: note: bad data references.
../src/master.c:190:5: note: not vectorized: base addr of dr is a constant
../src/master.c:190:5: note: not vectorized: not enough data-refs in basic block.
../src/master.c:166:11: note: not vectorized: number of iterations cannot be computed.
../src/master.c:166:11: note: bad loop form.
../src/master.c:158:5: note: not vectorized: base addr of dr is a constant
../src/master.c:158:5: note: bad data references.
../src/master.c:148:11: note: not vectorized: number of iterations cannot be computed.
../src/master.c:148:11: note: bad loop form.
../src/master.c:136:7: note: not vectorized: base addr of dr is a constant
../src/master.c:136:7: note: bad data references.
../src/master.c:64:5: note: not vectorized: base addr of dr is a constant
../src/master.c:64:5: note: bad data references.
../src/master.c:113:5: note: not vectorized: base addr of dr is a constant
../src/master.c:113:5: note: bad data references.
../src/master.c:94:11: note: not vectorized: number of iterations cannot be computed.
../src/master.c:94:11: note: bad loop form.
../src/master.c:79:5: note: not vectorized: not enough data-refs in basic block.
../src/master.c:80:5: note: not vectorized: not enough data-refs in basic block.
../src/master.c:83:5: note: not vectorized: not enough data-refs in basic block.
../src/master.c:84:5: note: not vectorized: not enough data-refs in basic block.
../src/master.c:85:8: note: not vectorized: not enough data-refs in basic block.
../src/master.c:85:8: note: not vectorized: not enough data-refs in basic block.
../src/master.c:94:11: note: not vectorized: base addr of dr is a constant
../src/master.c:94:11: note: not vectorized: not enough data-refs in basic block.
../src/master.c:106:20: note: not vectorized: base addr of dr is a constant
../src/master.c:106:20: note: not vectorized: not enough data-refs in basic block.
../src/master.c:113:5: note: not vectorized: base addr of dr is a constant
../src/master.c:113:5: note: not vectorized: not enough data-refs in basic block.
../src/master.c:122:5: note: not vectorized: not enough data-refs in basic block.
../src/master.c:125:13: note: not vectorized: base addr of dr is a constant
../src/master.c:125:13: note: not vectorized: not enough data-refs in basic block.
../src/master.c:64:5: note: not consecutive access *_72 = _73;
../src/master.c:64:5: note: group is too large
../src/master.c:64:5: note: not vectorized: complicated access pattern.
../src/master.c:64:5: note: not consecutive access _71 = *_70;
../src/master.c:64:5: note: not vectorized: no grouped stores in basic block.
../src/master.c:132:5: note: not vectorized: base addr of dr is a constant
../src/master.c:132:5: note: not vectorized: not enough data-refs in basic block.
../src/master.c:132:5: note: not vectorized: not enough data-refs in basic block.
../src/master.c:136:7: note: not vectorized: base addr of dr is a constant
../src/master.c:136:7: note: not vectorized: not enough data-refs in basic block.
../src/master.c:145:5: note: not vectorized: not enough data-refs in basic block.
../src/master.c:145:5: note: not vectorized: not enough data-refs in basic block.
../src/master.c:148:11: note: not vectorized: base addr of dr is a constant
../src/master.c:148:11: note: not vectorized: not enough data-refs in basic block.
../src/master.c:155:19: note: not vectorized: base addr of dr is a constant
../src/master.c:155:19: note: not vectorized: not enough data-refs in basic block.
../src/master.c:158:5: note: not vectorized: base addr of dr is a constant
../src/master.c:158:5: note: not vectorized: not enough data-refs in basic block.
../src/master.c:162:19: note: not vectorized: base addr of dr is a constant
../src/master.c:162:19: note: not vectorized: not enough data-refs in basic block.
../src/master.c:166:11: note: not vectorized: base addr of dr is a constant
../src/master.c:166:11: note: not vectorized: not enough data-refs in basic block.
../src/master.c:174:8: note: not vectorized: base addr of dr is a constant
../src/master.c:174:8: note: not vectorized: not enough data-refs in basic block.
../src/master.c:178:5: note: not vectorized: not enough data-refs in basic block.
../src/master.c:179:5: note: not vectorized: not enough data-refs in basic block.
../src/master.c:180:5: note: not vectorized: not enough data-refs in basic block.
../src/master.c:181:5: note: not vectorized: not enough data-refs in basic block.
../src/master.c:181:5: note: not vectorized: not enough data-refs in basic block.
../src/master.c:191:12: note: not vectorized: base addr of dr is a constant
../src/master.c:191:12: note: not vectorized: not enough data-refs in basic block.
../src/master.c:192:19: note: not vectorized: not enough data-refs in basic block.
../src/master.c:190:5: note: not vectorized: not enough data-refs in basic block.
../src/master.c:195:5: note: not vectorized: not enough data-refs in basic block.
../src/master.c:195:5: note: not vectorized: not enough data-refs in basic block.
'Finished building: ../src/master.c'
' '
'Building target: master.elf'
'Invoking: ARM v7 gcc linker'
arm-none-eabi-gcc -mcpu=cortex-a9 -mfpu=neon -mfloat-abi=hard -std=c99 -mvectorize-with-neon-quad -ftree-vectorize -Wl,-build-id=none -specs=Xilinx.spec -Wl,-T -Wl,../src/lscript.ld -L../../master_bsp/ps7_cortexa9_0/lib -o "master.elf"  ./src/master.o ./src/platform.o   -Wl,--start-group,-lxil,-lgcc,-lc,--end-group
'Finished building target: master.elf'
' '
'Invoking: ARM v7 Print Size'
arm-none-eabi-size master.elf  |tee "master.elf.size"
   text	   data	    bss	    dec	    hex	filename
  33916	   1544	  63272	  98732	  181ac	master.elf
'Finished building: master.elf.size'
' '
13:24:01 **** Incremental Build of configuration Debug for project worker ****
make pre-build main-build 
a9-linaro-pre-build-step
' '
make: Nothing to be done for 'main-build'.
13:24:05 **** Incremental Build of configuration Debug for project worker ****
make pre-build main-build 
a9-linaro-pre-build-step
' '
'Building file: ../src/worker.c'
'Invoking: ARM v7 gcc compiler'
arm-none-eabi-gcc -Wall -O3 -g3 -c -fmessage-length=0 -MT"src/worker.o" -mcpu=cortex-a9 -mfpu=neon -mfloat-abi=hard -std=c99 -mvectorize-with-neon-quad -ftree-vectorize -fopt-info-vec-optimized -fopt-info-vec-missed -ffast-math -I../../worker_bsp/ps7_cortexa9_1/include -MMD -MP -MF"src/worker.d" -MT"src/worker.o" -o "src/worker.o" "../src/worker.c"
../src/worker.c:94:5: note: not vectorized: empty loop.
../src/worker.c:94:5: note: bad loop form.
../src/worker.c:78:5: note: not vectorized: base addr of dr is a constant
../src/worker.c:78:5: note: bad data references.
../src/worker.c:73:11: note: not vectorized: number of iterations cannot be computed.
../src/worker.c:73:11: note: bad loop form.
../src/worker.c:65:11: note: not vectorized: number of iterations cannot be computed.
../src/worker.c:65:11: note: bad loop form.
../src/worker.c:52:5: note: not vectorized: not enough data-refs in basic block.
../src/worker.c:53:5: note: not vectorized: not enough data-refs in basic block.
../src/worker.c:61:20: note: not vectorized: base addr of dr is a constant
../src/worker.c:61:20: note: not vectorized: not enough data-refs in basic block.
../src/worker.c:65:11: note: not vectorized: base addr of dr is a constant
../src/worker.c:65:11: note: not vectorized: not enough data-refs in basic block.
../src/worker.c:70:5: note: not vectorized: base addr of dr is a constant
../src/worker.c:70:5: note: not vectorized: not enough data-refs in basic block.
../src/worker.c:70:5: note: not vectorized: not enough data-refs in basic block.
../src/worker.c:73:11: note: not vectorized: base addr of dr is a constant
../src/worker.c:73:11: note: not vectorized: not enough data-refs in basic block.
../src/worker.c:78:5: note: not vectorized: base addr of dr is a constant
../src/worker.c:78:5: note: not vectorized: not enough data-refs in basic block.
../src/worker.c:84:19: note: not vectorized: base addr of dr is a constant
../src/worker.c:84:19: note: not vectorized: not enough data-refs in basic block.
../src/worker.c:84:19: note: not vectorized: not enough data-refs in basic block.
'Finished building: ../src/worker.c'
' '
'Building target: worker.elf'
'Invoking: ARM v7 gcc linker'
arm-none-eabi-gcc -mcpu=cortex-a9 -mfpu=neon -mfloat-abi=hard -std=c99 -mvectorize-with-neon-quad -ftree-vectorize -Wl,-build-id=none -specs=Xilinx.spec -Wl,-T -Wl,../src/lscript.ld -L../../worker_bsp/ps7_cortexa9_1/lib -o "worker.elf"  ./src/platform.o ./src/worker.o   -Wl,--start-group,-lxil,-lgcc,-lc,--end-group
'Finished building target: worker.elf'
' '
'Invoking: ARM v7 Print Size'
arm-none-eabi-size worker.elf  |tee "worker.elf.size"
   text	   data	    bss	    dec	    hex	filename
  32508	   1544	  23256	  57308	   dfdc	worker.elf
'Finished building: worker.elf.size'
' '
13:24:06 **** Incremental Build of configuration Debug for project master ****
make pre-build main-build 
a9-linaro-pre-build-step
' '
make: Nothing to be done for 'main-build'.
13:27:54 **** Incremental Build of configuration Debug for project master ****
make pre-build main-build 
a9-linaro-pre-build-step
' '
make: Nothing to be done for 'main-build'.
13:27:54 **** Incremental Build of configuration Debug for project worker ****
make pre-build main-build 
a9-linaro-pre-build-step
' '
make: Nothing to be done for 'main-build'.
13:28:09 **** Incremental Build of configuration Debug for project worker ****
make pre-build main-build 
a9-linaro-pre-build-step
' '
make: Nothing to be done for 'main-build'.
13:28:10 **** Incremental Build of configuration Debug for project master ****
make pre-build main-build 
a9-linaro-pre-build-step
' '
make: Nothing to be done for 'main-build'.
13:39:49 **** Incremental Build of configuration Debug for project master ****
make pre-build main-build 
a9-linaro-pre-build-step
' '
'Building file: ../src/master.c'
'Invoking: ARM v7 gcc compiler'
arm-none-eabi-gcc -Wall -O3 -g3 -c -fmessage-length=0 -MT"src/master.o" -mcpu=cortex-a9 -mfpu=neon -mfloat-abi=hard -std=c99 -mvectorize-with-neon-quad -ftree-vectorize -fopt-info-vec-optimized -fopt-info-vec-missed -ffast-math -I../../master_bsp/ps7_cortexa9_0/include -MMD -MP -MF"src/master.d" -MT"src/master.o" -o "src/master.o" "../src/master.c"
In file included from ../src/master.c:39:
../../master_bsp/ps7_cortexa9_0/include/xtime_l.h:87:9: note: #pragma message: For the sleep routines, Global timer is being used
 #pragma message ("For the sleep routines, Global timer is being used")
         ^~~~~~~
../src/master.c:65:5: note: Unknown misalignment, naturally aligned
../src/master.c:65:5: note: Unknown misalignment, naturally aligned
../src/master.c:65:5: note: Unknown misalignment, naturally aligned
../src/master.c:65:5: note: not ssa-name.
../src/master.c:65:5: note: use not simple.
../src/master.c:65:5: note: not ssa-name.
../src/master.c:65:5: note: use not simple.
../src/master.c:65:5: note: can't use a fully-masked loop because the target doesn't have the appropriate masked load or store.
../src/master.c:65:5: note: not ssa-name.
../src/master.c:65:5: note: use not simple.
../src/master.c:65:5: note: not ssa-name.
../src/master.c:65:5: note: use not simple.
../src/master.c:65:5: note: loop vectorized
../src/master.c:65:5: note: not vectorized: not enough data-refs in basic block.
../src/master.c:65:5: note: not vectorized: not enough data-refs in basic block.
../src/master.c:65:5: note: not vectorized: not enough data-refs in basic block.
../src/master.c:66:14: note: not vectorized: no vectype for stmt: vect__4.15_44 = MEM[(const u32 *)vectp_a.13_42];
 scalar_type: const vector(4) long unsigned int
../src/master.c:66:14: note: not vectorized: no vectype for stmt: vect__6.18_47 = MEM[(const u32 *)vectp_b.16_45];
 scalar_type: const vector(4) long unsigned int
../src/master.c:66:14: note: not vectorized: no vectype for stmt: MEM[(u32 *)vectp_c.20_49] = vect__8.19_48;
 scalar_type: vector(4) long unsigned int
../src/master.c:66:14: note: not vectorized: no grouped stores in basic block.
../src/master.c:66:14: note: not vectorized: not enough data-refs in basic block.
../src/master.c:65:5: note: not consecutive access _4 = *_3;
../src/master.c:65:5: note: not consecutive access _6 = *_5;
../src/master.c:65:5: note: not consecutive access *_7 = _8;
../src/master.c:65:5: note: not vectorized: no grouped stores in basic block.
../src/master.c:65:5: note: not consecutive access _58 = *_57;
../src/master.c:65:5: note: not consecutive access _60 = *_59;
../src/master.c:65:5: note: not consecutive access *_61 = _62;
../src/master.c:65:5: note: not vectorized: no grouped stores in basic block.
../src/master.c:65:28: note: not consecutive access _25 = *_26;
../src/master.c:65:28: note: not consecutive access _23 = *_24;
../src/master.c:65:28: note: not consecutive access *_19 = _18;
../src/master.c:65:28: note: not vectorized: no grouped stores in basic block.
../src/master.c:68:1: note: not vectorized: not enough data-refs in basic block.
../src/master.c:204:5: note: not vectorized: empty loop.
../src/master.c:204:5: note: bad loop form.
../src/master.c:197:5: note: not vectorized: base addr of dr is a constant
../src/master.c:197:5: note: bad data references.
../src/master.c:197:5: note: not vectorized: base addr of dr is a constant
../src/master.c:197:5: note: not vectorized: not enough data-refs in basic block.
../src/master.c:173:11: note: not vectorized: number of iterations cannot be computed.
../src/master.c:173:11: note: bad loop form.
../src/master.c:165:5: note: not vectorized: base addr of dr is a constant
../src/master.c:165:5: note: bad data references.
../src/master.c:152:11: note: not vectorized: number of iterations cannot be computed.
../src/master.c:152:11: note: bad loop form.
../src/master.c:140:7: note: not vectorized: base addr of dr is a constant
../src/master.c:140:7: note: bad data references.
../src/master.c:65:5: note: not vectorized: base addr of dr is a constant
../src/master.c:65:5: note: bad data references.
../src/master.c:113:5: note: not vectorized: base addr of dr is a constant
../src/master.c:113:5: note: bad data references.
../src/master.c:95:11: note: not vectorized: number of iterations cannot be computed.
../src/master.c:95:11: note: bad loop form.
../src/master.c:80:5: note: not vectorized: not enough data-refs in basic block.
../src/master.c:81:5: note: not vectorized: not enough data-refs in basic block.
../src/master.c:84:5: note: not vectorized: not enough data-refs in basic block.
../src/master.c:85:5: note: not vectorized: not enough data-refs in basic block.
../src/master.c:86:8: note: not vectorized: not enough data-refs in basic block.
../src/master.c:86:8: note: not vectorized: not enough data-refs in basic block.
../src/master.c:95:11: note: not vectorized: base addr of dr is a constant
../src/master.c:95:11: note: not vectorized: not enough data-refs in basic block.
../src/master.c:107:20: note: not vectorized: base addr of dr is a constant
../src/master.c:107:20: note: not vectorized: not enough data-refs in basic block.
../src/master.c:113:5: note: not vectorized: base addr of dr is a constant
../src/master.c:113:5: note: not vectorized: not enough data-refs in basic block.
../src/master.c:122:5: note: not vectorized: not enough data-refs in basic block.
../src/master.c:125:13: note: not vectorized: base addr of dr is a constant
../src/master.c:125:13: note: not vectorized: not enough data-refs in basic block.
../src/master.c:65:5: note: not consecutive access *_73 = _74;
../src/master.c:65:5: note: group is too large
../src/master.c:65:5: note: not vectorized: complicated access pattern.
../src/master.c:65:5: note: not consecutive access _72 = *_71;
../src/master.c:65:5: note: not vectorized: no grouped stores in basic block.
../src/master.c:136:5: note: not vectorized: base addr of dr is a constant
../src/master.c:136:5: note: not vectorized: not enough data-refs in basic block.
../src/master.c:136:5: note: not vectorized: not enough data-refs in basic block.
../src/master.c:140:7: note: not vectorized: base addr of dr is a constant
../src/master.c:140:7: note: not vectorized: not enough data-refs in basic block.
../src/master.c:149:5: note: not vectorized: not enough data-refs in basic block.
../src/master.c:149:5: note: not vectorized: not enough data-refs in basic block.
../src/master.c:152:11: note: not vectorized: base addr of dr is a constant
../src/master.c:152:11: note: not vectorized: not enough data-refs in basic block.
../src/master.c:154:5: note: not vectorized: not enough data-refs in basic block.
../src/master.c:162:19: note: not vectorized: base addr of dr is a constant
../src/master.c:162:19: note: not vectorized: not enough data-refs in basic block.
../src/master.c:165:5: note: not vectorized: base addr of dr is a constant
../src/master.c:165:5: note: not vectorized: not enough data-refs in basic block.
../src/master.c:169:19: note: not vectorized: base addr of dr is a constant
../src/master.c:169:19: note: not vectorized: not enough data-refs in basic block.
../src/master.c:173:11: note: not vectorized: base addr of dr is a constant
../src/master.c:173:11: note: not vectorized: not enough data-refs in basic block.
../src/master.c:181:8: note: not vectorized: base addr of dr is a constant
../src/master.c:181:8: note: not vectorized: not enough data-refs in basic block.
../src/master.c:185:5: note: not vectorized: not enough data-refs in basic block.
../src/master.c:186:5: note: not vectorized: not enough data-refs in basic block.
../src/master.c:187:5: note: not vectorized: not enough data-refs in basic block.
../src/master.c:188:5: note: not vectorized: not enough data-refs in basic block.
../src/master.c:188:5: note: not vectorized: not enough data-refs in basic block.
../src/master.c:198:12: note: not vectorized: base addr of dr is a constant
../src/master.c:198:12: note: not vectorized: not enough data-refs in basic block.
../src/master.c:199:19: note: not vectorized: not enough data-refs in basic block.
../src/master.c:197:5: note: not vectorized: not enough data-refs in basic block.
../src/master.c:202:5: note: not vectorized: not enough data-refs in basic block.
../src/master.c:202:5: note: not vectorized: not enough data-refs in basic block.
'Finished building: ../src/master.c'
' '
'Building target: master.elf'
'Invoking: ARM v7 gcc linker'
arm-none-eabi-gcc -mcpu=cortex-a9 -mfpu=neon -mfloat-abi=hard -std=c99 -mvectorize-with-neon-quad -ftree-vectorize -Wl,-build-id=none -specs=Xilinx.spec -Wl,-T -Wl,../src/lscript.ld -L../../master_bsp/ps7_cortexa9_0/lib -o "master.elf"  ./src/master.o ./src/platform.o   -Wl,--start-group,-lxil,-lgcc,-lc,--end-group
'Finished building target: master.elf'
' '
'Invoking: ARM v7 Print Size'
arm-none-eabi-size master.elf  |tee "master.elf.size"
   text	   data	    bss	    dec	    hex	filename
  33980	   1544	  63272	  98796	  181ec	master.elf
'Finished building: master.elf.size'
' '
13:39:51 **** Incremental Build of configuration Debug for project worker ****
make pre-build main-build 
a9-linaro-pre-build-step
' '
make: Nothing to be done for 'main-build'.
13:40:01 **** Incremental Build of configuration Debug for project worker ****
make pre-build main-build 
a9-linaro-pre-build-step
' '
'Building file: ../src/timer_ps.c'
'Invoking: ARM v7 gcc compiler'
arm-none-eabi-gcc -Wall -O3 -g3 -c -fmessage-length=0 -MT"src/timer_ps.o" -mcpu=cortex-a9 -mfpu=neon -mfloat-abi=hard -std=c99 -mvectorize-with-neon-quad -ftree-vectorize -fopt-info-vec-optimized -fopt-info-vec-missed -ffast-math -I../../worker_bsp/ps7_cortexa9_1/include -MMD -MP -MF"src/timer_ps.d" -MT"src/timer_ps.o" -o "src/timer_ps.o" "../src/timer_ps.c"
../src/timer_ps.c:67:17: note: not vectorized: not enough data-refs in basic block.
../src/timer_ps.c:74:11: note: not vectorized: not enough data-refs in basic block.
../src/timer_ps.c:74:11: note: not vectorized: not enough data-refs in basic block.
../src/timer_ps.c:113:8: note: not vectorized: number of iterations cannot be computed.
../src/timer_ps.c:113:8: note: bad loop form.
../src/timer_ps.c:109:2: note: not vectorized: not enough data-refs in basic block.
../src/timer_ps.c:112:2: note: not vectorized: volatile type _15 ={v} *Addr.0_14;
../src/timer_ps.c:112:2: note: not vectorized: not enough data-refs in basic block.
../../worker_bsp/ps7_cortexa9_1/include/xil_io.h:149:10: note: not vectorized: not enough data-refs in basic block.
../src/timer_ps.c:113:8: note: not vectorized: volatile type _17 ={v} *Addr.0_16;
../src/timer_ps.c:113:8: note: not vectorized: not enough data-refs in basic block.
../src/timer_ps.c:116:2: note: not vectorized: not enough data-refs in basic block.
'Finished building: ../src/timer_ps.c'
' '
'Building target: worker.elf'
'Invoking: ARM v7 gcc linker'
arm-none-eabi-gcc -mcpu=cortex-a9 -mfpu=neon -mfloat-abi=hard -std=c99 -mvectorize-with-neon-quad -ftree-vectorize -Wl,-build-id=none -specs=Xilinx.spec -Wl,-T -Wl,../src/lscript.ld -L../../worker_bsp/ps7_cortexa9_1/lib -o "worker.elf"  ./src/platform.o ./src/timer_ps.o ./src/worker.o   -Wl,--start-group,-lxil,-lgcc,-lc,--end-group
'Finished building target: worker.elf'
' '
'Invoking: ARM v7 Print Size'
arm-none-eabi-size worker.elf  |tee "worker.elf.size"
   text	   data	    bss	    dec	    hex	filename
  33544	   1552	  23288	  58384	   e410	worker.elf
'Finished building: worker.elf.size'
' '
13:40:02 **** Incremental Build of configuration Debug for project master ****
make pre-build main-build 
a9-linaro-pre-build-step
' '
'Building file: ../src/timer_ps.c'
'Invoking: ARM v7 gcc compiler'
arm-none-eabi-gcc -Wall -O3 -g3 -c -fmessage-length=0 -MT"src/timer_ps.o" -mcpu=cortex-a9 -mfpu=neon -mfloat-abi=hard -std=c99 -mvectorize-with-neon-quad -ftree-vectorize -fopt-info-vec-optimized -fopt-info-vec-missed -ffast-math -I../../master_bsp/ps7_cortexa9_0/include -MMD -MP -MF"src/timer_ps.d" -MT"src/timer_ps.o" -o "src/timer_ps.o" "../src/timer_ps.c"
../src/timer_ps.c:67:17: note: not vectorized: not enough data-refs in basic block.
../src/timer_ps.c:74:11: note: not vectorized: not enough data-refs in basic block.
../src/timer_ps.c:74:11: note: not vectorized: not enough data-refs in basic block.
../src/timer_ps.c:113:8: note: not vectorized: number of iterations cannot be computed.
../src/timer_ps.c:113:8: note: bad loop form.
../src/timer_ps.c:109:2: note: not vectorized: not enough data-refs in basic block.
../src/timer_ps.c:112:2: note: not vectorized: volatile type _15 ={v} *Addr.0_14;
../src/timer_ps.c:112:2: note: not vectorized: not enough data-refs in basic block.
../../master_bsp/ps7_cortexa9_0/include/xil_io.h:149:10: note: not vectorized: not enough data-refs in basic block.
../src/timer_ps.c:113:8: note: not vectorized: volatile type _17 ={v} *Addr.0_16;
../src/timer_ps.c:113:8: note: not vectorized: not enough data-refs in basic block.
../src/timer_ps.c:116:2: note: not vectorized: not enough data-refs in basic block.
'Finished building: ../src/timer_ps.c'
' '
'Building target: master.elf'
'Invoking: ARM v7 gcc linker'
arm-none-eabi-gcc -mcpu=cortex-a9 -mfpu=neon -mfloat-abi=hard -std=c99 -mvectorize-with-neon-quad -ftree-vectorize -Wl,-build-id=none -specs=Xilinx.spec -Wl,-T -Wl,../src/lscript.ld -L../../master_bsp/ps7_cortexa9_0/lib -o "master.elf"  ./src/master.o ./src/platform.o ./src/timer_ps.o   -Wl,--start-group,-lxil,-lgcc,-lc,--end-group
'Finished building target: master.elf'
' '
'Invoking: ARM v7 Print Size'
arm-none-eabi-size master.elf  |tee "master.elf.size"
   text	   data	    bss	    dec	    hex	filename
  34952	   1552	  63304	  99808	  185e0	master.elf
'Finished building: master.elf.size'
' '
13:40:59 **** Incremental Build of configuration Debug for project master ****
make pre-build main-build 
a9-linaro-pre-build-step
' '
make: Nothing to be done for 'main-build'.
13:41:00 **** Incremental Build of configuration Debug for project worker ****
make pre-build main-build 
a9-linaro-pre-build-step
' '
'Building file: ../src/worker.c'
'Invoking: ARM v7 gcc compiler'
arm-none-eabi-gcc -Wall -O3 -g3 -c -fmessage-length=0 -MT"src/worker.o" -mcpu=cortex-a9 -mfpu=neon -mfloat-abi=hard -std=c99 -mvectorize-with-neon-quad -ftree-vectorize -fopt-info-vec-optimized -fopt-info-vec-missed -ffast-math -I../../worker_bsp/ps7_cortexa9_1/include -MMD -MP -MF"src/worker.d" -MT"src/worker.o" -o "src/worker.o" "../src/worker.c"
../src/worker.c:94:5: note: not vectorized: empty loop.
../src/worker.c:94:5: note: bad loop form.
../src/worker.c:78:5: note: not vectorized: base addr of dr is a constant
../src/worker.c:78:5: note: bad data references.
../src/worker.c:73:11: note: not vectorized: number of iterations cannot be computed.
../src/worker.c:73:11: note: bad loop form.
../src/worker.c:65:11: note: not vectorized: number of iterations cannot be computed.
../src/worker.c:65:11: note: bad loop form.
../src/worker.c:52:5: note: not vectorized: not enough data-refs in basic block.
../src/worker.c:53:5: note: not vectorized: not enough data-refs in basic block.
../src/worker.c:61:20: note: not vectorized: base addr of dr is a constant
../src/worker.c:61:20: note: not vectorized: not enough data-refs in basic block.
../src/worker.c:65:11: note: not vectorized: base addr of dr is a constant
../src/worker.c:65:11: note: not vectorized: not enough data-refs in basic block.
../src/worker.c:70:5: note: not vectorized: base addr of dr is a constant
../src/worker.c:70:5: note: not vectorized: not enough data-refs in basic block.
../src/worker.c:70:5: note: not vectorized: not enough data-refs in basic block.
../src/worker.c:73:11: note: not vectorized: base addr of dr is a constant
../src/worker.c:73:11: note: not vectorized: not enough data-refs in basic block.
../src/worker.c:78:5: note: not vectorized: base addr of dr is a constant
../src/worker.c:78:5: note: not vectorized: not enough data-refs in basic block.
../src/worker.c:84:19: note: not vectorized: base addr of dr is a constant
../src/worker.c:84:19: note: not vectorized: not enough data-refs in basic block.
../src/worker.c:84:19: note: not vectorized: not enough data-refs in basic block.
'Finished building: ../src/worker.c'
' '
'Building target: worker.elf'
'Invoking: ARM v7 gcc linker'
arm-none-eabi-gcc -mcpu=cortex-a9 -mfpu=neon -mfloat-abi=hard -std=c99 -mvectorize-with-neon-quad -ftree-vectorize -Wl,-build-id=none -specs=Xilinx.spec -Wl,-T -Wl,../src/lscript.ld -L../../worker_bsp/ps7_cortexa9_1/lib -o "worker.elf"  ./src/platform.o ./src/timer_ps.o ./src/worker.o   -Wl,--start-group,-lxil,-lgcc,-lc,--end-group
'Finished building target: worker.elf'
' '
'Invoking: ARM v7 Print Size'
arm-none-eabi-size worker.elf  |tee "worker.elf.size"
   text	   data	    bss	    dec	    hex	filename
  33536	   1552	  23288	  58376	   e408	worker.elf
'Finished building: worker.elf.size'
' '
13:42:16 **** Incremental Build of configuration Debug for project master ****
make pre-build main-build 
a9-linaro-pre-build-step
' '
'Building file: ../src/master.c'
'Invoking: ARM v7 gcc compiler'
arm-none-eabi-gcc -Wall -O3 -g3 -c -fmessage-length=0 -MT"src/master.o" -mcpu=cortex-a9 -mfpu=neon -mfloat-abi=hard -std=c99 -mvectorize-with-neon-quad -ftree-vectorize -fopt-info-vec-optimized -fopt-info-vec-missed -ffast-math -I../../master_bsp/ps7_cortexa9_0/include -MMD -MP -MF"src/master.d" -MT"src/master.o" -o "src/master.o" "../src/master.c"
In file included from ../src/master.c:39:
../../master_bsp/ps7_cortexa9_0/include/xtime_l.h:87:9: note: #pragma message: For the sleep routines, Global timer is being used
 #pragma message ("For the sleep routines, Global timer is being used")
         ^~~~~~~
../src/master.c:65:5: note: Unknown misalignment, naturally aligned
../src/master.c:65:5: note: Unknown misalignment, naturally aligned
../src/master.c:65:5: note: Unknown misalignment, naturally aligned
../src/master.c:65:5: note: not ssa-name.
../src/master.c:65:5: note: use not simple.
../src/master.c:65:5: note: not ssa-name.
../src/master.c:65:5: note: use not simple.
../src/master.c:65:5: note: can't use a fully-masked loop because the target doesn't have the appropriate masked load or store.
../src/master.c:65:5: note: not ssa-name.
../src/master.c:65:5: note: use not simple.
../src/master.c:65:5: note: not ssa-name.
../src/master.c:65:5: note: use not simple.
../src/master.c:65:5: note: loop vectorized
../src/master.c:65:5: note: not vectorized: not enough data-refs in basic block.
../src/master.c:65:5: note: not vectorized: not enough data-refs in basic block.
../src/master.c:65:5: note: not vectorized: not enough data-refs in basic block.
../src/master.c:66:14: note: not vectorized: no vectype for stmt: vect__4.15_44 = MEM[(const u32 *)vectp_a.13_42];
 scalar_type: const vector(4) long unsigned int
../src/master.c:66:14: note: not vectorized: no vectype for stmt: vect__6.18_47 = MEM[(const u32 *)vectp_b.16_45];
 scalar_type: const vector(4) long unsigned int
../src/master.c:66:14: note: not vectorized: no vectype for stmt: MEM[(u32 *)vectp_c.20_49] = vect__8.19_48;
 scalar_type: vector(4) long unsigned int
../src/master.c:66:14: note: not vectorized: no grouped stores in basic block.
../src/master.c:66:14: note: not vectorized: not enough data-refs in basic block.
../src/master.c:65:5: note: not consecutive access _4 = *_3;
../src/master.c:65:5: note: not consecutive access _6 = *_5;
../src/master.c:65:5: note: not consecutive access *_7 = _8;
../src/master.c:65:5: note: not vectorized: no grouped stores in basic block.
../src/master.c:65:5: note: not consecutive access _58 = *_57;
../src/master.c:65:5: note: not consecutive access _60 = *_59;
../src/master.c:65:5: note: not consecutive access *_61 = _62;
../src/master.c:65:5: note: not vectorized: no grouped stores in basic block.
../src/master.c:65:28: note: not consecutive access _25 = *_26;
../src/master.c:65:28: note: not consecutive access _23 = *_24;
../src/master.c:65:28: note: not consecutive access *_19 = _18;
../src/master.c:65:28: note: not vectorized: no grouped stores in basic block.
../src/master.c:68:1: note: not vectorized: not enough data-refs in basic block.
../src/master.c:204:5: note: not vectorized: empty loop.
../src/master.c:204:5: note: bad loop form.
../src/master.c:197:5: note: not vectorized: base addr of dr is a constant
../src/master.c:197:5: note: bad data references.
../src/master.c:197:5: note: not vectorized: base addr of dr is a constant
../src/master.c:197:5: note: not vectorized: not enough data-refs in basic block.
../src/master.c:173:11: note: not vectorized: number of iterations cannot be computed.
../src/master.c:173:11: note: bad loop form.
../src/master.c:165:5: note: not vectorized: base addr of dr is a constant
../src/master.c:165:5: note: bad data references.
../src/master.c:152:11: note: not vectorized: number of iterations cannot be computed.
../src/master.c:152:11: note: bad loop form.
../src/master.c:140:7: note: not vectorized: base addr of dr is a constant
../src/master.c:140:7: note: bad data references.
../src/master.c:65:5: note: not vectorized: base addr of dr is a constant
../src/master.c:65:5: note: bad data references.
../src/master.c:113:5: note: not vectorized: base addr of dr is a constant
../src/master.c:113:5: note: bad data references.
../src/master.c:95:11: note: not vectorized: number of iterations cannot be computed.
../src/master.c:95:11: note: bad loop form.
../src/master.c:80:5: note: not vectorized: not enough data-refs in basic block.
../src/master.c:81:5: note: not vectorized: not enough data-refs in basic block.
../src/master.c:84:5: note: not vectorized: not enough data-refs in basic block.
../src/master.c:85:5: note: not vectorized: not enough data-refs in basic block.
../src/master.c:86:8: note: not vectorized: not enough data-refs in basic block.
../src/master.c:86:8: note: not vectorized: not enough data-refs in basic block.
../src/master.c:95:11: note: not vectorized: base addr of dr is a constant
../src/master.c:95:11: note: not vectorized: not enough data-refs in basic block.
../src/master.c:107:20: note: not vectorized: base addr of dr is a constant
../src/master.c:107:20: note: not vectorized: not enough data-refs in basic block.
../src/master.c:113:5: note: not vectorized: base addr of dr is a constant
../src/master.c:113:5: note: not vectorized: not enough data-refs in basic block.
../src/master.c:122:5: note: not vectorized: not enough data-refs in basic block.
../src/master.c:125:13: note: not vectorized: base addr of dr is a constant
../src/master.c:125:13: note: not vectorized: not enough data-refs in basic block.
../src/master.c:65:5: note: not consecutive access *_73 = _74;
../src/master.c:65:5: note: not vectorized: no grouped stores in basic block.
../src/master.c:136:5: note: not vectorized: base addr of dr is a constant
../src/master.c:136:5: note: not vectorized: not enough data-refs in basic block.
../src/master.c:136:5: note: not vectorized: not enough data-refs in basic block.
../src/master.c:140:7: note: not vectorized: base addr of dr is a constant
../src/master.c:140:7: note: not vectorized: not enough data-refs in basic block.
../src/master.c:149:5: note: not vectorized: not enough data-refs in basic block.
../src/master.c:149:5: note: not vectorized: not enough data-refs in basic block.
../src/master.c:152:11: note: not vectorized: base addr of dr is a constant
../src/master.c:152:11: note: not vectorized: not enough data-refs in basic block.
../src/master.c:154:5: note: not vectorized: not enough data-refs in basic block.
../src/master.c:162:19: note: not vectorized: base addr of dr is a constant
../src/master.c:162:19: note: not vectorized: not enough data-refs in basic block.
../src/master.c:165:5: note: not vectorized: base addr of dr is a constant
../src/master.c:165:5: note: not vectorized: not enough data-refs in basic block.
../src/master.c:169:19: note: not vectorized: base addr of dr is a constant
../src/master.c:169:19: note: not vectorized: not enough data-refs in basic block.
../src/master.c:173:11: note: not vectorized: base addr of dr is a constant
../src/master.c:173:11: note: not vectorized: not enough data-refs in basic block.
../src/master.c:181:8: note: not vectorized: base addr of dr is a constant
../src/master.c:181:8: note: not vectorized: not enough data-refs in basic block.
../src/master.c:185:5: note: not vectorized: not enough data-refs in basic block.
../src/master.c:186:5: note: not vectorized: not enough data-refs in basic block.
../src/master.c:187:5: note: not vectorized: not enough data-refs in basic block.
../src/master.c:188:5: note: not vectorized: not enough data-refs in basic block.
../src/master.c:188:5: note: not vectorized: not enough data-refs in basic block.
../src/master.c:198:12: note: not vectorized: base addr of dr is a constant
../src/master.c:198:12: note: not vectorized: not enough data-refs in basic block.
../src/master.c:199:19: note: not vectorized: not enough data-refs in basic block.
../src/master.c:197:5: note: not vectorized: not enough data-refs in basic block.
../src/master.c:202:5: note: not vectorized: not enough data-refs in basic block.
../src/master.c:202:5: note: not vectorized: not enough data-refs in basic block.
'Finished building: ../src/master.c'
' '
'Building target: master.elf'
'Invoking: ARM v7 gcc linker'
arm-none-eabi-gcc -mcpu=cortex-a9 -mfpu=neon -mfloat-abi=hard -std=c99 -mvectorize-with-neon-quad -ftree-vectorize -Wl,-build-id=none -specs=Xilinx.spec -Wl,-T -Wl,../src/lscript.ld -L../../master_bsp/ps7_cortexa9_0/lib -o "master.elf"  ./src/master.o ./src/platform.o ./src/timer_ps.o   -Wl,--start-group,-lxil,-lgcc,-lc,--end-group
'Finished building target: master.elf'
' '
'Invoking: ARM v7 Print Size'
arm-none-eabi-size master.elf  |tee "master.elf.size"
   text	   data	    bss	    dec	    hex	filename
  34868	   1552	  27304	  63724	   f8ec	master.elf
'Finished building: master.elf.size'
' '
13:42:18 **** Incremental Build of configuration Debug for project worker ****
make pre-build main-build 
a9-linaro-pre-build-step
' '
make: Nothing to be done for 'main-build'.
13:42:29 **** Incremental Build of configuration Debug for project worker ****
make pre-build main-build 
a9-linaro-pre-build-step
' '
'Building file: ../src/worker.c'
'Invoking: ARM v7 gcc compiler'
arm-none-eabi-gcc -Wall -O3 -g3 -c -fmessage-length=0 -MT"src/worker.o" -mcpu=cortex-a9 -mfpu=neon -mfloat-abi=hard -std=c99 -mvectorize-with-neon-quad -ftree-vectorize -fopt-info-vec-optimized -fopt-info-vec-missed -ffast-math -I../../worker_bsp/ps7_cortexa9_1/include -MMD -MP -MF"src/worker.d" -MT"src/worker.o" -o "src/worker.o" "../src/worker.c"
../src/worker.c:94:5: note: not vectorized: empty loop.
../src/worker.c:94:5: note: bad loop form.
../src/worker.c:78:5: note: not vectorized: base addr of dr is a constant
../src/worker.c:78:5: note: bad data references.
../src/worker.c:73:11: note: not vectorized: number of iterations cannot be computed.
../src/worker.c:73:11: note: bad loop form.
../src/worker.c:65:11: note: not vectorized: number of iterations cannot be computed.
../src/worker.c:65:11: note: bad loop form.
../src/worker.c:52:5: note: not vectorized: not enough data-refs in basic block.
../src/worker.c:53:5: note: not vectorized: not enough data-refs in basic block.
../src/worker.c:61:20: note: not vectorized: base addr of dr is a constant
../src/worker.c:61:20: note: not vectorized: not enough data-refs in basic block.
../src/worker.c:65:11: note: not vectorized: base addr of dr is a constant
../src/worker.c:65:11: note: not vectorized: not enough data-refs in basic block.
../src/worker.c:68:20: note: not vectorized: base addr of dr is a constant
../src/worker.c:68:20: note: not vectorized: not enough data-refs in basic block.
../src/worker.c:73:11: note: not vectorized: base addr of dr is a constant
../src/worker.c:73:11: note: not vectorized: not enough data-refs in basic block.
../src/worker.c:78:5: note: not vectorized: base addr of dr is a constant
../src/worker.c:78:5: note: not vectorized: not enough data-refs in basic block.
../src/worker.c:84:19: note: not vectorized: base addr of dr is a constant
../src/worker.c:84:19: note: not vectorized: not enough data-refs in basic block.
../src/worker.c:84:19: note: not vectorized: not enough data-refs in basic block.
'Finished building: ../src/worker.c'
' '
'Building target: worker.elf'
'Invoking: ARM v7 gcc linker'
arm-none-eabi-gcc -mcpu=cortex-a9 -mfpu=neon -mfloat-abi=hard -std=c99 -mvectorize-with-neon-quad -ftree-vectorize -Wl,-build-id=none -specs=Xilinx.spec -Wl,-T -Wl,../src/lscript.ld -L../../worker_bsp/ps7_cortexa9_1/lib -o "worker.elf"  ./src/platform.o ./src/timer_ps.o ./src/worker.o   -Wl,--start-group,-lxil,-lgcc,-lc,--end-group
'Finished building target: worker.elf'
' '
'Invoking: ARM v7 Print Size'
arm-none-eabi-size worker.elf  |tee "worker.elf.size"
   text	   data	    bss	    dec	    hex	filename
  23568	   1152	  22600	  47320	   b8d8	worker.elf
'Finished building: worker.elf.size'
' '
13:42:30 **** Incremental Build of configuration Debug for project master ****
make pre-build main-build 
a9-linaro-pre-build-step
' '
make: Nothing to be done for 'main-build'.
13:43:18 **** Incremental Build of configuration Debug for project master ****
make pre-build main-build 
a9-linaro-pre-build-step
' '
make: Nothing to be done for 'main-build'.
13:43:19 **** Incremental Build of configuration Debug for project worker ****
make pre-build main-build 
a9-linaro-pre-build-step
' '
'Building file: ../src/worker.c'
'Invoking: ARM v7 gcc compiler'
arm-none-eabi-gcc -Wall -O3 -g3 -c -fmessage-length=0 -MT"src/worker.o" -mcpu=cortex-a9 -mfpu=neon -mfloat-abi=hard -std=c99 -mvectorize-with-neon-quad -ftree-vectorize -fopt-info-vec-optimized -fopt-info-vec-missed -ffast-math -I../../worker_bsp/ps7_cortexa9_1/include -MMD -MP -MF"src/worker.d" -MT"src/worker.o" -o "src/worker.o" "../src/worker.c"
../src/worker.c:94:5: note: not vectorized: empty loop.
../src/worker.c:94:5: note: bad loop form.
../src/worker.c:78:5: note: not vectorized: base addr of dr is a constant
../src/worker.c:78:5: note: bad data references.
../src/worker.c:73:11: note: not vectorized: number of iterations cannot be computed.
../src/worker.c:73:11: note: bad loop form.
../src/worker.c:65:11: note: not vectorized: number of iterations cannot be computed.
../src/worker.c:65:11: note: bad loop form.
../src/worker.c:52:5: note: not vectorized: not enough data-refs in basic block.
../src/worker.c:53:5: note: not vectorized: not enough data-refs in basic block.
../src/worker.c:61:20: note: not vectorized: base addr of dr is a constant
../src/worker.c:61:20: note: not vectorized: not enough data-refs in basic block.
../src/worker.c:65:11: note: not vectorized: base addr of dr is a constant
../src/worker.c:65:11: note: not vectorized: not enough data-refs in basic block.
../src/worker.c:68:20: note: not vectorized: base addr of dr is a constant
../src/worker.c:68:20: note: not vectorized: not enough data-refs in basic block.
../src/worker.c:73:11: note: not vectorized: base addr of dr is a constant
../src/worker.c:73:11: note: not vectorized: not enough data-refs in basic block.
../src/worker.c:78:5: note: not vectorized: base addr of dr is a constant
../src/worker.c:78:5: note: not vectorized: not enough data-refs in basic block.
../src/worker.c:84:19: note: not vectorized: base addr of dr is a constant
../src/worker.c:84:19: note: not vectorized: not enough data-refs in basic block.
../src/worker.c:84:19: note: not vectorized: not enough data-refs in basic block.
'Finished building: ../src/worker.c'
' '
'Building target: worker.elf'
'Invoking: ARM v7 gcc linker'
arm-none-eabi-gcc -mcpu=cortex-a9 -mfpu=neon -mfloat-abi=hard -std=c99 -mvectorize-with-neon-quad -ftree-vectorize -Wl,-build-id=none -specs=Xilinx.spec -Wl,-T -Wl,../src/lscript.ld -L../../worker_bsp/ps7_cortexa9_1/lib -o "worker.elf"  ./src/platform.o ./src/timer_ps.o ./src/worker.o   -Wl,--start-group,-lxil,-lgcc,-lc,--end-group
'Finished building target: worker.elf'
' '
'Invoking: ARM v7 Print Size'
arm-none-eabi-size worker.elf  |tee "worker.elf.size"
   text	   data	    bss	    dec	    hex	filename
  23564	   1152	  22600	  47316	   b8d4	worker.elf
'Finished building: worker.elf.size'
' '
13:43:24 **** Incremental Build of configuration Debug for project worker ****
make pre-build main-build 
a9-linaro-pre-build-step
' '
make: Nothing to be done for 'main-build'.
13:43:24 **** Incremental Build of configuration Debug for project master ****
make pre-build main-build 
a9-linaro-pre-build-step
' '
'Building file: ../src/master.c'
'Invoking: ARM v7 gcc compiler'
arm-none-eabi-gcc -Wall -O3 -g3 -c -fmessage-length=0 -MT"src/master.o" -mcpu=cortex-a9 -mfpu=neon -mfloat-abi=hard -std=c99 -mvectorize-with-neon-quad -ftree-vectorize -fopt-info-vec-optimized -fopt-info-vec-missed -ffast-math -I../../master_bsp/ps7_cortexa9_0/include -MMD -MP -MF"src/master.d" -MT"src/master.o" -o "src/master.o" "../src/master.c"
In file included from ../src/master.c:39:
../../master_bsp/ps7_cortexa9_0/include/xtime_l.h:87:9: note: #pragma message: For the sleep routines, Global timer is being used
 #pragma message ("For the sleep routines, Global timer is being used")
         ^~~~~~~
../src/master.c:65:5: note: Unknown misalignment, naturally aligned
../src/master.c:65:5: note: Unknown misalignment, naturally aligned
../src/master.c:65:5: note: Unknown misalignment, naturally aligned
../src/master.c:65:5: note: not ssa-name.
../src/master.c:65:5: note: use not simple.
../src/master.c:65:5: note: not ssa-name.
../src/master.c:65:5: note: use not simple.
../src/master.c:65:5: note: can't use a fully-masked loop because the target doesn't have the appropriate masked load or store.
../src/master.c:65:5: note: not ssa-name.
../src/master.c:65:5: note: use not simple.
../src/master.c:65:5: note: not ssa-name.
../src/master.c:65:5: note: use not simple.
../src/master.c:65:5: note: loop vectorized
../src/master.c:65:5: note: not vectorized: not enough data-refs in basic block.
../src/master.c:65:5: note: not vectorized: not enough data-refs in basic block.
../src/master.c:65:5: note: not vectorized: not enough data-refs in basic block.
../src/master.c:66:14: note: not vectorized: no vectype for stmt: vect__4.15_44 = MEM[(const u32 *)vectp_a.13_42];
 scalar_type: const vector(4) long unsigned int
../src/master.c:66:14: note: not vectorized: no vectype for stmt: vect__6.18_47 = MEM[(const u32 *)vectp_b.16_45];
 scalar_type: const vector(4) long unsigned int
../src/master.c:66:14: note: not vectorized: no vectype for stmt: MEM[(u32 *)vectp_c.20_49] = vect__8.19_48;
 scalar_type: vector(4) long unsigned int
../src/master.c:66:14: note: not vectorized: no grouped stores in basic block.
../src/master.c:66:14: note: not vectorized: not enough data-refs in basic block.
../src/master.c:65:5: note: not consecutive access _4 = *_3;
../src/master.c:65:5: note: not consecutive access _6 = *_5;
../src/master.c:65:5: note: not consecutive access *_7 = _8;
../src/master.c:65:5: note: not vectorized: no grouped stores in basic block.
../src/master.c:65:5: note: not consecutive access _58 = *_57;
../src/master.c:65:5: note: not consecutive access _60 = *_59;
../src/master.c:65:5: note: not consecutive access *_61 = _62;
../src/master.c:65:5: note: not vectorized: no grouped stores in basic block.
../src/master.c:65:28: note: not consecutive access _25 = *_26;
../src/master.c:65:28: note: not consecutive access _23 = *_24;
../src/master.c:65:28: note: not consecutive access *_19 = _18;
../src/master.c:65:28: note: not vectorized: no grouped stores in basic block.
../src/master.c:68:1: note: not vectorized: not enough data-refs in basic block.
../src/master.c:204:5: note: not vectorized: empty loop.
../src/master.c:204:5: note: bad loop form.
../src/master.c:197:5: note: not vectorized: base addr of dr is a constant
../src/master.c:197:5: note: bad data references.
../src/master.c:197:5: note: not vectorized: base addr of dr is a constant
../src/master.c:197:5: note: not vectorized: not enough data-refs in basic block.
../src/master.c:173:11: note: not vectorized: number of iterations cannot be computed.
../src/master.c:173:11: note: bad loop form.
../src/master.c:165:5: note: not vectorized: base addr of dr is a constant
../src/master.c:165:5: note: bad data references.
../src/master.c:152:11: note: not vectorized: number of iterations cannot be computed.
../src/master.c:152:11: note: bad loop form.
../src/master.c:140:7: note: not vectorized: base addr of dr is a constant
../src/master.c:140:7: note: bad data references.
../src/master.c:65:5: note: not vectorized: base addr of dr is a constant
../src/master.c:65:5: note: bad data references.
../src/master.c:113:5: note: not vectorized: base addr of dr is a constant
../src/master.c:113:5: note: bad data references.
../src/master.c:95:11: note: not vectorized: number of iterations cannot be computed.
../src/master.c:95:11: note: bad loop form.
../src/master.c:80:5: note: not vectorized: not enough data-refs in basic block.
../src/master.c:81:5: note: not vectorized: not enough data-refs in basic block.
../src/master.c:84:5: note: not vectorized: not enough data-refs in basic block.
../src/master.c:85:5: note: not vectorized: not enough data-refs in basic block.
../src/master.c:86:8: note: not vectorized: not enough data-refs in basic block.
../src/master.c:86:8: note: not vectorized: not enough data-refs in basic block.
../src/master.c:95:11: note: not vectorized: base addr of dr is a constant
../src/master.c:95:11: note: not vectorized: not enough data-refs in basic block.
../src/master.c:107:20: note: not vectorized: base addr of dr is a constant
../src/master.c:107:20: note: not vectorized: not enough data-refs in basic block.
../src/master.c:113:5: note: not vectorized: base addr of dr is a constant
../src/master.c:113:5: note: not vectorized: not enough data-refs in basic block.
../src/master.c:122:5: note: not vectorized: not enough data-refs in basic block.
../src/master.c:125:13: note: not vectorized: base addr of dr is a constant
../src/master.c:125:13: note: not vectorized: not enough data-refs in basic block.
../src/master.c:65:5: note: not consecutive access *_73 = _74;
../src/master.c:65:5: note: not vectorized: no grouped stores in basic block.
../src/master.c:136:5: note: not vectorized: base addr of dr is a constant
../src/master.c:136:5: note: not vectorized: not enough data-refs in basic block.
../src/master.c:136:5: note: not vectorized: not enough data-refs in basic block.
../src/master.c:140:7: note: not vectorized: base addr of dr is a constant
../src/master.c:140:7: note: not vectorized: not enough data-refs in basic block.
../src/master.c:149:5: note: not vectorized: not enough data-refs in basic block.
../src/master.c:149:5: note: not vectorized: not enough data-refs in basic block.
../src/master.c:152:11: note: not vectorized: base addr of dr is a constant
../src/master.c:152:11: note: not vectorized: not enough data-refs in basic block.
../src/master.c:154:5: note: not vectorized: not enough data-refs in basic block.
../src/master.c:162:19: note: not vectorized: base addr of dr is a constant
../src/master.c:162:19: note: not vectorized: not enough data-refs in basic block.
../src/master.c:165:5: note: not vectorized: base addr of dr is a constant
../src/master.c:165:5: note: not vectorized: not enough data-refs in basic block.
../src/master.c:169:19: note: not vectorized: base addr of dr is a constant
../src/master.c:169:19: note: not vectorized: not enough data-refs in basic block.
../src/master.c:173:11: note: not vectorized: base addr of dr is a constant
../src/master.c:173:11: note: not vectorized: not enough data-refs in basic block.
../src/master.c:181:8: note: not vectorized: base addr of dr is a constant
../src/master.c:181:8: note: not vectorized: not enough data-refs in basic block.
../src/master.c:185:5: note: not vectorized: not enough data-refs in basic block.
../src/master.c:186:5: note: not vectorized: not enough data-refs in basic block.
../src/master.c:187:5: note: not vectorized: not enough data-refs in basic block.
../src/master.c:188:5: note: not vectorized: not enough data-refs in basic block.
../src/master.c:188:5: note: not vectorized: not enough data-refs in basic block.
../src/master.c:198:12: note: not vectorized: base addr of dr is a constant
../src/master.c:198:12: note: not vectorized: not enough data-refs in basic block.
../src/master.c:199:19: note: not vectorized: not enough data-refs in basic block.
../src/master.c:197:5: note: not vectorized: not enough data-refs in basic block.
../src/master.c:202:5: note: not vectorized: not enough data-refs in basic block.
../src/master.c:202:5: note: not vectorized: not enough data-refs in basic block.
'Finished building: ../src/master.c'
' '
'Building target: master.elf'
'Invoking: ARM v7 gcc linker'
arm-none-eabi-gcc -mcpu=cortex-a9 -mfpu=neon -mfloat-abi=hard -std=c99 -mvectorize-with-neon-quad -ftree-vectorize -Wl,-build-id=none -specs=Xilinx.spec -Wl,-T -Wl,../src/lscript.ld -L../../master_bsp/ps7_cortexa9_0/lib -o "master.elf"  ./src/master.o ./src/platform.o ./src/timer_ps.o   -Wl,--start-group,-lxil,-lgcc,-lc,--end-group
'Finished building target: master.elf'
' '
'Invoking: ARM v7 Print Size'
arm-none-eabi-size master.elf  |tee "master.elf.size"
   text	   data	    bss	    dec	    hex	filename
  34756	   1552	  23704	  60012	   ea6c	master.elf
'Finished building: master.elf.size'
' '
13:43:57 **** Incremental Build of configuration Debug for project master ****
make pre-build main-build 
a9-linaro-pre-build-step
' '
make: Nothing to be done for 'main-build'.
13:43:58 **** Incremental Build of configuration Debug for project worker ****
make pre-build main-build 
a9-linaro-pre-build-step
' '
'Building file: ../src/worker.c'
'Invoking: ARM v7 gcc compiler'
arm-none-eabi-gcc -Wall -O3 -g3 -c -fmessage-length=0 -MT"src/worker.o" -mcpu=cortex-a9 -mfpu=neon -mfloat-abi=hard -std=c99 -mvectorize-with-neon-quad -ftree-vectorize -fopt-info-vec-optimized -fopt-info-vec-missed -ffast-math -I../../worker_bsp/ps7_cortexa9_1/include -MMD -MP -MF"src/worker.d" -MT"src/worker.o" -o "src/worker.o" "../src/worker.c"
../src/worker.c:94:5: note: not vectorized: empty loop.
../src/worker.c:94:5: note: bad loop form.
../src/worker.c:78:5: note: not vectorized: base addr of dr is a constant
../src/worker.c:78:5: note: bad data references.
../src/worker.c:73:11: note: not vectorized: number of iterations cannot be computed.
../src/worker.c:73:11: note: bad loop form.
../src/worker.c:65:11: note: not vectorized: number of iterations cannot be computed.
../src/worker.c:65:11: note: bad loop form.
../src/worker.c:52:5: note: not vectorized: not enough data-refs in basic block.
../src/worker.c:53:5: note: not vectorized: not enough data-refs in basic block.
../src/worker.c:61:20: note: not vectorized: base addr of dr is a constant
../src/worker.c:61:20: note: not vectorized: not enough data-refs in basic block.
../src/worker.c:65:11: note: not vectorized: base addr of dr is a constant
../src/worker.c:65:11: note: not vectorized: not enough data-refs in basic block.
../src/worker.c:68:20: note: not vectorized: base addr of dr is a constant
../src/worker.c:68:20: note: not vectorized: not enough data-refs in basic block.
../src/worker.c:73:11: note: not vectorized: base addr of dr is a constant
../src/worker.c:73:11: note: not vectorized: not enough data-refs in basic block.
../src/worker.c:84:19: note: not vectorized: base addr of dr is a constant
../src/worker.c:84:19: note: not vectorized: not enough data-refs in basic block.
../src/worker.c:84:19: note: not vectorized: not enough data-refs in basic block.
'Finished building: ../src/worker.c'
' '
'Building target: worker.elf'
'Invoking: ARM v7 gcc linker'
arm-none-eabi-gcc -mcpu=cortex-a9 -mfpu=neon -mfloat-abi=hard -std=c99 -mvectorize-with-neon-quad -ftree-vectorize -Wl,-build-id=none -specs=Xilinx.spec -Wl,-T -Wl,../src/lscript.ld -L../../worker_bsp/ps7_cortexa9_1/lib -o "worker.elf"  ./src/platform.o ./src/timer_ps.o ./src/worker.o   -Wl,--start-group,-lxil,-lgcc,-lc,--end-group
'Finished building target: worker.elf'
' '
'Invoking: ARM v7 Print Size'
arm-none-eabi-size worker.elf  |tee "worker.elf.size"
   text	   data	    bss	    dec	    hex	filename
  23588	   1152	  22600	  47340	   b8ec	worker.elf
'Finished building: worker.elf.size'
' '
13:44:04 **** Incremental Build of configuration Debug for project worker ****
make pre-build main-build 
a9-linaro-pre-build-step
' '
make: Nothing to be done for 'main-build'.
13:44:04 **** Incremental Build of configuration Debug for project master ****
make pre-build main-build 
a9-linaro-pre-build-step
' '
'Building file: ../src/master.c'
'Invoking: ARM v7 gcc compiler'
arm-none-eabi-gcc -Wall -O3 -g3 -c -fmessage-length=0 -MT"src/master.o" -mcpu=cortex-a9 -mfpu=neon -mfloat-abi=hard -std=c99 -mvectorize-with-neon-quad -ftree-vectorize -fopt-info-vec-optimized -fopt-info-vec-missed -ffast-math -I../../master_bsp/ps7_cortexa9_0/include -MMD -MP -MF"src/master.d" -MT"src/master.o" -o "src/master.o" "../src/master.c"
In file included from ../src/master.c:39:
../../master_bsp/ps7_cortexa9_0/include/xtime_l.h:87:9: note: #pragma message: For the sleep routines, Global timer is being used
 #pragma message ("For the sleep routines, Global timer is being used")
         ^~~~~~~
../src/master.c:65:5: note: Unknown misalignment, naturally aligned
../src/master.c:65:5: note: Unknown misalignment, naturally aligned
../src/master.c:65:5: note: Unknown misalignment, naturally aligned
../src/master.c:65:5: note: not ssa-name.
../src/master.c:65:5: note: use not simple.
../src/master.c:65:5: note: not ssa-name.
../src/master.c:65:5: note: use not simple.
../src/master.c:65:5: note: can't use a fully-masked loop because the target doesn't have the appropriate masked load or store.
../src/master.c:65:5: note: not ssa-name.
../src/master.c:65:5: note: use not simple.
../src/master.c:65:5: note: not ssa-name.
../src/master.c:65:5: note: use not simple.
../src/master.c:65:5: note: loop vectorized
../src/master.c:65:5: note: not vectorized: not enough data-refs in basic block.
../src/master.c:65:5: note: not vectorized: not enough data-refs in basic block.
../src/master.c:65:5: note: not vectorized: not enough data-refs in basic block.
../src/master.c:66:14: note: not vectorized: no vectype for stmt: vect__4.15_44 = MEM[(const u32 *)vectp_a.13_42];
 scalar_type: const vector(4) long unsigned int
../src/master.c:66:14: note: not vectorized: no vectype for stmt: vect__6.18_47 = MEM[(const u32 *)vectp_b.16_45];
 scalar_type: const vector(4) long unsigned int
../src/master.c:66:14: note: not vectorized: no vectype for stmt: MEM[(u32 *)vectp_c.20_49] = vect__8.19_48;
 scalar_type: vector(4) long unsigned int
../src/master.c:66:14: note: not vectorized: no grouped stores in basic block.
../src/master.c:66:14: note: not vectorized: not enough data-refs in basic block.
../src/master.c:65:5: note: not consecutive access _4 = *_3;
../src/master.c:65:5: note: not consecutive access _6 = *_5;
../src/master.c:65:5: note: not consecutive access *_7 = _8;
../src/master.c:65:5: note: not vectorized: no grouped stores in basic block.
../src/master.c:65:5: note: not consecutive access _58 = *_57;
../src/master.c:65:5: note: not consecutive access _60 = *_59;
../src/master.c:65:5: note: not consecutive access *_61 = _62;
../src/master.c:65:5: note: not vectorized: no grouped stores in basic block.
../src/master.c:65:28: note: not consecutive access _25 = *_26;
../src/master.c:65:28: note: not consecutive access _23 = *_24;
../src/master.c:65:28: note: not consecutive access *_19 = _18;
../src/master.c:65:28: note: not vectorized: no grouped stores in basic block.
../src/master.c:68:1: note: not vectorized: not enough data-refs in basic block.
../src/master.c:204:5: note: not vectorized: empty loop.
../src/master.c:204:5: note: bad loop form.
../src/master.c:197:5: note: not vectorized: base addr of dr is a constant
../src/master.c:197:5: note: bad data references.
../src/master.c:197:5: note: not vectorized: base addr of dr is a constant
../src/master.c:197:5: note: not vectorized: not enough data-refs in basic block.
../src/master.c:173:11: note: not vectorized: number of iterations cannot be computed.
../src/master.c:173:11: note: bad loop form.
../src/master.c:165:5: note: not vectorized: base addr of dr is a constant
../src/master.c:165:5: note: bad data references.
../src/master.c:152:11: note: not vectorized: number of iterations cannot be computed.
../src/master.c:152:11: note: bad loop form.
../src/master.c:140:7: note: not vectorized: base addr of dr is a constant
../src/master.c:140:7: note: bad data references.
../src/master.c:65:5: note: not vectorized: base addr of dr is a constant
../src/master.c:65:5: note: bad data references.
../src/master.c:113:5: note: not vectorized: base addr of dr is a constant
../src/master.c:113:5: note: bad data references.
../src/master.c:95:11: note: not vectorized: number of iterations cannot be computed.
../src/master.c:95:11: note: bad loop form.
../src/master.c:80:5: note: not vectorized: not enough data-refs in basic block.
../src/master.c:81:5: note: not vectorized: not enough data-refs in basic block.
../src/master.c:84:5: note: not vectorized: not enough data-refs in basic block.
../src/master.c:85:5: note: not vectorized: not enough data-refs in basic block.
../src/master.c:86:8: note: not vectorized: not enough data-refs in basic block.
../src/master.c:86:8: note: not vectorized: not enough data-refs in basic block.
../src/master.c:95:11: note: not vectorized: base addr of dr is a constant
../src/master.c:95:11: note: not vectorized: not enough data-refs in basic block.
../src/master.c:122:5: note: not vectorized: base addr of dr is a constant
../src/master.c:122:5: note: not vectorized: not enough data-refs in basic block.
../src/master.c:136:5: note: not vectorized: base addr of dr is a constant
../src/master.c:136:5: note: not vectorized: not enough data-refs in basic block.
../src/master.c:149:5: note: not vectorized: base addr of dr is a constant
../src/master.c:149:5: note: not vectorized: not enough data-refs in basic block.
../src/master.c:149:5: note: not vectorized: not enough data-refs in basic block.
../src/master.c:152:11: note: not vectorized: base addr of dr is a constant
../src/master.c:152:11: note: not vectorized: not enough data-refs in basic block.
../src/master.c:154:5: note: not vectorized: not enough data-refs in basic block.
../src/master.c:169:19: note: not vectorized: base addr of dr is a constant
../src/master.c:169:19: note: not vectorized: not enough data-refs in basic block.
../src/master.c:173:11: note: not vectorized: base addr of dr is a constant
../src/master.c:173:11: note: not vectorized: not enough data-refs in basic block.
../src/master.c:181:8: note: not vectorized: base addr of dr is a constant
../src/master.c:181:8: note: not vectorized: not enough data-refs in basic block.
../src/master.c:185:5: note: not vectorized: not enough data-refs in basic block.
../src/master.c:186:5: note: not vectorized: not enough data-refs in basic block.
../src/master.c:187:5: note: not vectorized: not enough data-refs in basic block.
../src/master.c:188:5: note: not vectorized: not enough data-refs in basic block.
../src/master.c:198:12: note: not vectorized: base addr of dr is a constant
../src/master.c:198:12: note: not vectorized: not enough data-refs in basic block.
../src/master.c:199:19: note: not vectorized: not enough data-refs in basic block.
../src/master.c:198:12: note: not vectorized: base addr of dr is a constant
../src/master.c:198:12: note: not vectorized: not enough data-refs in basic block.
../src/master.c:199:19: note: not vectorized: not enough data-refs in basic block.
../src/master.c:198:12: note: not vectorized: base addr of dr is a constant
../src/master.c:198:12: note: not vectorized: not enough data-refs in basic block.
../src/master.c:199:19: note: not vectorized: not enough data-refs in basic block.
../src/master.c:198:12: note: not vectorized: base addr of dr is a constant
../src/master.c:198:12: note: not vectorized: not enough data-refs in basic block.
../src/master.c:199:19: note: not vectorized: not enough data-refs in basic block.
../src/master.c:198:12: note: not vectorized: base addr of dr is a constant
../src/master.c:198:12: note: not vectorized: not enough data-refs in basic block.
../src/master.c:199:19: note: not vectorized: not enough data-refs in basic block.
../src/master.c:198:12: note: not vectorized: base addr of dr is a constant
../src/master.c:198:12: note: not vectorized: not enough data-refs in basic block.
../src/master.c:199:19: note: not vectorized: not enough data-refs in basic block.
../src/master.c:198:12: note: not vectorized: base addr of dr is a constant
../src/master.c:198:12: note: not vectorized: not enough data-refs in basic block.
../src/master.c:199:19: note: not vectorized: not enough data-refs in basic block.
../src/master.c:198:12: note: not vectorized: base addr of dr is a constant
../src/master.c:198:12: note: not vectorized: not enough data-refs in basic block.
../src/master.c:199:19: note: not vectorized: not enough data-refs in basic block.
../src/master.c:198:12: note: not vectorized: base addr of dr is a constant
../src/master.c:198:12: note: not vectorized: not enough data-refs in basic block.
../src/master.c:199:19: note: not vectorized: not enough data-refs in basic block.
../src/master.c:198:12: note: not vectorized: base addr of dr is a constant
../src/master.c:198:12: note: not vectorized: not enough data-refs in basic block.
../src/master.c:199:19: note: not vectorized: not enough data-refs in basic block.
../src/master.c:202:5: note: not vectorized: not enough data-refs in basic block.
../src/master.c:202:5: note: not vectorized: not enough data-refs in basic block.
'Finished building: ../src/master.c'
' '
'Building target: master.elf'
'Invoking: ARM v7 gcc linker'
arm-none-eabi-gcc -mcpu=cortex-a9 -mfpu=neon -mfloat-abi=hard -std=c99 -mvectorize-with-neon-quad -ftree-vectorize -Wl,-build-id=none -specs=Xilinx.spec -Wl,-T -Wl,../src/lscript.ld -L../../master_bsp/ps7_cortexa9_0/lib -o "master.elf"  ./src/master.o ./src/platform.o ./src/timer_ps.o   -Wl,--start-group,-lxil,-lgcc,-lc,--end-group
'Finished building target: master.elf'
' '
'Invoking: ARM v7 Print Size'
arm-none-eabi-size master.elf  |tee "master.elf.size"
   text	   data	    bss	    dec	    hex	filename
  35012	   1552	  23336	  59900	   e9fc	master.elf
'Finished building: master.elf.size'
' '
